{
"type": "FeatureCollection",
"name": "Atualizado Domiciliar",
"crs": { "type": "name", "properties": { "name": "urn:ogc:def:crs:OGC:1.3:CRS84" } },
"features": [
{ "type": "Feature", "properties": { "Name": "2003", "description": "descrição: <br>id: POSTO_06_DIURNO.3<br>tessellate: -1<br>extrude: 0<br>visibility: -1<br>IDENTIFICA: 4402003<br>SETOR: 2003 - SEG/QUA/SEX - DIURNO - POSTO 06 - DOMICILIAR<br>APELIDO: 2003<br>MACROSETOR: POSTO 6 - DOMICILIAR<br>COR: 33023<br>FREQUENCIA: SEG/QUA/SEX - DIURNO<br>layer: 2003<br>path: G:/Drives compartilhados/J_NEGRAO_CCO/45 - Monitoramento/Paulo Lima/KMLKMZ Curitiba/Diurno/Seg-Qua-Sex/6/2003/2003 - SEG/QUA/SEX - DIURNO - POSTO 06 - DOMICILIAR/2003.shp", "timestamp": null, "begin": null, "end": null, "altitudeMode": null, "tessellate": -1, "extrude": 0, "visibility": -1, "drawOrder": null, "icon": null, "descri____o": "", "id": "POSTO_06_DIURNO.3", "IDENTIFICA": "4402003", "SETOR": "2003 - SEG/QUA/SEX - DIURNO - POSTO 06 - DOMICILIAR", "APELIDO": "2003", "MACROSETOR": "POSTO 6 - DOMICILIAR", "COR": "33023", "FREQUENCIA": "SEG/QUA/SEX - DIURNO", "layer": "2003", "path": "G:/Drives compartilhados/J_NEGRAO_CCO/45 - Monitoramento/Paulo Lima/KMLKMZ Curitiba/Diurno/Seg-Qua-Sex/6/2003/2003 - SEG/QUA/SEX - DIURNO - POSTO 06 - DOMICILIAR/2003.shp", "OBJECTID": null, "TURNO": null, "POSTO": null, "FreqTurno": null, "X_SEMANA": null, "TER": null, "QUI": null, "SAB": null, "SEG": null, "QUA": null, "SEX": null }, "geometry": { "type": "Polygon", "coordinates": [ [ [ -49.33863, -25.430451, 0.0 ], [ -49.338823, -25.431304, 0.0 ], [ -49.338888, -25.433164, 0.0 ], [ -49.339484, -25.434654, 0.0 ], [ -49.339842, -25.435117, 0.0 ], [ -49.340139, -25.43557, 0.0 ], [ -49.340477, -25.435968, 0.0 ], [ -49.340941, -25.435868, 0.0 ], [ -49.341507, -25.435852, 0.0 ], [ -49.342266, -25.435818, 0.0 ], [ -49.342242, -25.436605, 0.0 ], [ -49.342237, -25.437126, 0.0 ], [ -49.342255, -25.438276, 0.0 ], [ -49.342718, -25.438296, 0.0 ], [ -49.343029, -25.438449, 0.0 ], [ -49.34322, -25.439355, 0.0 ], [ -49.341483, -25.439156, 0.0 ], [ -49.340396, -25.439089, 0.0 ], [ -49.340138, -25.440429, 0.0 ], [ -49.338626, -25.4403, 0.0 ], [ -49.335311, -25.43939, 0.0 ], [ -49.33282, -25.43834, 0.0 ], [ -49.329961, -25.436388, 0.0 ], [ -49.328974, -25.436269, 0.0 ], [ -49.323727, -25.437548, 0.0 ], [ -49.32274, -25.437325, 0.0 ], [ -49.322096, -25.43812, 0.0 ], [ -49.322016, -25.438965, 0.0 ], [ -49.321324, -25.439154, 0.0 ], [ -49.320595, -25.439658, 0.0 ], [ -49.318771, -25.440356, 0.0 ], [ -49.316834, -25.440026, 0.0 ], [ -49.316933, -25.439329, 0.0 ], [ -49.315236, -25.437987, 0.0 ], [ -49.312137, -25.437877, 0.0 ], [ -49.311117, -25.437561, 0.0 ], [ -49.308307, -25.436414, 0.0 ], [ -49.308799, -25.435236, 0.0 ], [ -49.311803, -25.432871, 0.0 ], [ -49.314764, -25.431515, 0.0 ], [ -49.319614, -25.429848, 0.0 ], [ -49.324313, -25.43103, 0.0 ], [ -49.328176, -25.430624, 0.0 ], [ -49.33863, -25.430451, 0.0 ] ] ] } },
{ "type": "Feature", "properties": { "Name": "2004", "description": "descrição: <br>id: POSTO_06_DIURNO.4<br>tessellate: -1<br>extrude: 0<br>visibility: -1<br>IDENTIFICA: 4402004<br>SETOR: 2004 - SEG/QUA/SEX - DIURNO - POSTO 06 - DOMICILIAR<br>APELIDO: 2004<br>MACROSETOR: POSTO 6 - DOMICILIAR<br>COR: 32768<br>FREQUENCIA: SEG/QUA/SEX - DIURNO<br>layer: 2004<br>path: G:/Drives compartilhados/J_NEGRAO_CCO/45 - Monitoramento/Paulo Lima/KMLKMZ Curitiba/Diurno/Seg-Qua-Sex/6/2004/2004 - SEG/QUA/SEX - DIURNO - POSTO 06 - DOMICILIAR/2004.shp", "timestamp": null, "begin": null, "end": null, "altitudeMode": null, "tessellate": -1, "extrude": 0, "visibility": -1, "drawOrder": null, "icon": null, "descri____o": "", "id": "POSTO_06_DIURNO.4", "IDENTIFICA": "4402004", "SETOR": "2004 - SEG/QUA/SEX - DIURNO - POSTO 06 - DOMICILIAR", "APELIDO": "2004", "MACROSETOR": "POSTO 6 - DOMICILIAR", "COR": "32768", "FREQUENCIA": "SEG/QUA/SEX - DIURNO", "layer": "2004", "path": "G:/Drives compartilhados/J_NEGRAO_CCO/45 - Monitoramento/Paulo Lima/KMLKMZ Curitiba/Diurno/Seg-Qua-Sex/6/2004/2004 - SEG/QUA/SEX - DIURNO - POSTO 06 - DOMICILIAR/2004.shp", "OBJECTID": null, "TURNO": null, "POSTO": null, "FreqTurno": null, "X_SEMANA": null, "TER": null, "QUI": null, "SAB": null, "SEG": null, "QUA": null, "SEX": null }, "geometry": { "type": "Polygon", "coordinates": [ [ [ -49.328933, -25.452515, 0.0 ], [ -49.329269, -25.452564, 0.0 ], [ -49.329694, -25.452806, 0.0 ], [ -49.330644, -25.45302, 0.0 ], [ -49.333198, -25.45363, 0.0 ], [ -49.333638, -25.453853, 0.0 ], [ -49.333691, -25.455713, 0.0 ], [ -49.33496, -25.456908, 0.0 ], [ -49.3334, -25.459377, 0.0 ], [ -49.333625, -25.460684, 0.0 ], [ -49.334406, -25.460763, 0.0 ], [ -49.335513, -25.460836, 0.0 ], [ -49.337061, -25.460691, 0.0 ], [ -49.337986, -25.460832, 0.0 ], [ -49.338524, -25.460612, 0.0 ], [ -49.338873, -25.460437, 0.0 ], [ -49.33949, -25.460001, 0.0 ], [ -49.339297, -25.461096, 0.0 ], [ -49.339232, -25.461629, 0.0 ], [ -49.33904, -25.462616, 0.0 ], [ -49.338911, -25.463023, 0.0 ], [ -49.334598, -25.463236, 0.0 ], [ -49.333728, -25.464119, 0.0 ], [ -49.329115, -25.462744, 0.0 ], [ -49.31874, -25.459636, 0.0 ], [ -49.318654, -25.458919, 0.0 ], [ -49.318311, -25.458357, 0.0 ], [ -49.315758, -25.457504, 0.0 ], [ -49.315178, -25.45671, 0.0 ], [ -49.313934, -25.455431, 0.0 ], [ -49.313504, -25.45485, 0.0 ], [ -49.313268, -25.454637, 0.0 ], [ -49.312238, -25.453533, 0.0 ], [ -49.312024, -25.453203, 0.0 ], [ -49.31226, -25.452758, 0.0 ], [ -49.31462, -25.451576, 0.0 ], [ -49.314921, -25.451343, 0.0 ], [ -49.314921, -25.450646, 0.0 ], [ -49.315221, -25.450801, 0.0 ], [ -49.316079, -25.450878, 0.0 ], [ -49.31653, -25.450568, 0.0 ], [ -49.31683, -25.449909, 0.0 ], [ -49.316852, -25.449425, 0.0 ], [ -49.317453, -25.449309, 0.0 ], [ -49.318268, -25.449464, 0.0 ], [ -49.319727, -25.450917, 0.0 ], [ -49.320242, -25.451014, 0.0 ], [ -49.321036, -25.450723, 0.0 ], [ -49.321358, -25.450936, 0.0 ], [ -49.32198, -25.452041, 0.0 ], [ -49.322817, -25.452738, 0.0 ], [ -49.323375, -25.452714, 0.0 ], [ -49.323912, -25.452254, 0.0 ], [ -49.324325, -25.451751, 0.0 ], [ -49.324598, -25.451934, 0.0 ], [ -49.324958, -25.452148, 0.0 ], [ -49.325092, -25.452201, 0.0 ], [ -49.325285, -25.452188, 0.0 ], [ -49.325456, -25.452196, 0.0 ], [ -49.326197, -25.452176, 0.0 ], [ -49.326594, -25.452147, 0.0 ], [ -49.327342, -25.452117, 0.0 ], [ -49.32786, -25.452186, 0.0 ], [ -49.328203, -25.452293, 0.0 ], [ -49.328933, -25.452515, 0.0 ] ] ] } },
{ "type": "Feature", "properties": { "Name": "2005", "description": "descrição: <br>id: POSTO_06_DIURNO.5<br>tessellate: -1<br>extrude: 0<br>visibility: -1<br>IDENTIFICA: 4402005<br>SETOR: 2005 - SEG/QUA/SEX - DIURNO - POSTO 06 - DOMICILIAR<br>APELIDO: 2005<br>MACROSETOR: POSTO 6 - DOMICILIAR<br>COR: 255<br>FREQUENCIA: SEG/QUA/SEX - DIURNO<br>layer: 2005<br>path: G:/Drives compartilhados/J_NEGRAO_CCO/45 - Monitoramento/Paulo Lima/KMLKMZ Curitiba/Diurno/Seg-Qua-Sex/6/2005/2005 - SEG/QUA/SEX - DIURNO - POSTO 06 - DOMICILIAR/2005.shp", "timestamp": null, "begin": null, "end": null, "altitudeMode": null, "tessellate": -1, "extrude": 0, "visibility": -1, "drawOrder": null, "icon": null, "descri____o": "", "id": "POSTO_06_DIURNO.5", "IDENTIFICA": "4402005", "SETOR": "2005 - SEG/QUA/SEX - DIURNO - POSTO 06 - DOMICILIAR", "APELIDO": "2005", "MACROSETOR": "POSTO 6 - DOMICILIAR", "COR": "255", "FREQUENCIA": "SEG/QUA/SEX - DIURNO", "layer": "2005", "path": "G:/Drives compartilhados/J_NEGRAO_CCO/45 - Monitoramento/Paulo Lima/KMLKMZ Curitiba/Diurno/Seg-Qua-Sex/6/2005/2005 - SEG/QUA/SEX - DIURNO - POSTO 06 - DOMICILIAR/2005.shp", "OBJECTID": null, "TURNO": null, "POSTO": null, "FreqTurno": null, "X_SEMANA": null, "TER": null, "QUI": null, "SAB": null, "SEG": null, "QUA": null, "SEX": null }, "geometry": { "type": "Polygon", "coordinates": [ [ [ -49.322006, -25.438956, 0.0 ], [ -49.322086, -25.43811, 0.0 ], [ -49.322729, -25.437315, 0.0 ], [ -49.323716, -25.437538, 0.0 ], [ -49.328963, -25.436211, 0.0 ], [ -49.329908, -25.436354, 0.0 ], [ -49.33281, -25.43833, 0.0 ], [ -49.335236, -25.439351, 0.0 ], [ -49.338701, -25.440213, 0.0 ], [ -49.340074, -25.440475, 0.0 ], [ -49.339956, -25.441783, 0.0 ], [ -49.342145, -25.442214, 0.0 ], [ -49.343113, -25.442429, 0.0 ], [ -49.342832, -25.444001, 0.0 ], [ -49.339441, -25.444302, 0.0 ], [ -49.339119, -25.445086, 0.0 ], [ -49.33884, -25.44528, 0.0 ], [ -49.337542, -25.445328, 0.0 ], [ -49.336759, -25.446084, 0.0 ], [ -49.335901, -25.446384, 0.0 ], [ -49.335436, -25.446936, 0.0 ], [ -49.334664, -25.447924, 0.0 ], [ -49.334772, -25.448629, 0.0 ], [ -49.334249, -25.449067, 0.0 ], [ -49.333799, -25.448854, 0.0 ], [ -49.333262, -25.448195, 0.0 ], [ -49.332704, -25.448292, 0.0 ], [ -49.332583, -25.449055, 0.0 ], [ -49.332168, -25.449629, 0.0 ], [ -49.330931, -25.449346, 0.0 ], [ -49.33033, -25.449375, 0.0 ], [ -49.329501, -25.449919, 0.0 ], [ -49.328579, -25.449803, 0.0 ], [ -49.32787, -25.44957, 0.0 ], [ -49.327283, -25.449801, 0.0 ], [ -49.326926, -25.449764, 0.0 ], [ -49.326197, -25.449318, 0.0 ], [ -49.325661, -25.449592, 0.0 ], [ -49.325586, -25.450532, 0.0 ], [ -49.324416, -25.451626, 0.0 ], [ -49.323343, -25.452787, 0.0 ], [ -49.322732, -25.452702, 0.0 ], [ -49.321938, -25.451965, 0.0 ], [ -49.321434, -25.450968, 0.0 ], [ -49.321047, -25.450714, 0.0 ], [ -49.320018, -25.450997, 0.0 ], [ -49.319738, -25.450907, 0.0 ], [ -49.318714, -25.449836, 0.0 ], [ -49.319444, -25.448906, 0.0 ], [ -49.32071, -25.447704, 0.0 ], [ -49.320817, -25.446832, 0.0 ], [ -49.321425, -25.445642, 0.0 ], [ -49.32159, -25.445069, 0.0 ], [ -49.321761, -25.443848, 0.0 ], [ -49.32237, -25.443325, 0.0 ], [ -49.322799, -25.442385, 0.0 ], [ -49.323012, -25.441311, 0.0 ], [ -49.322918, -25.440961, 0.0 ], [ -49.322006, -25.439702, 0.0 ], [ -49.322004, -25.438269, 0.0 ], [ -49.322006, -25.438956, 0.0 ] ] ] } },
{ "type": "Feature", "properties": { "Name": "2006", "description": "descrição: <br>id: POSTO_06_DIURNO.6<br>tessellate: -1<br>extrude: 0<br>visibility: -1<br>IDENTIFICA: 4402006<br>SETOR: 2006 - SEG/QUA/SEX - DIURNO - POSTO 06 - DOMICILIAR<br>APELIDO: 2006<br>MACROSETOR: POSTO 6 - DOMICILIAR<br>COR: 16512<br>FREQUENCIA: SEG/QUA/SEX - DIURNO<br>layer: 2006<br>path: G:/Drives compartilhados/J_NEGRAO_CCO/45 - Monitoramento/Paulo Lima/KMLKMZ Curitiba/Diurno/Seg-Qua-Sex/6/2006/2006 - SEG/QUA/SEX - DIURNO - POSTO 06 - DOMICILIAR/2006.shp", "timestamp": null, "begin": null, "end": null, "altitudeMode": null, "tessellate": -1, "extrude": 0, "visibility": -1, "drawOrder": null, "icon": null, "descri____o": "", "id": "POSTO_06_DIURNO.6", "IDENTIFICA": "4402006", "SETOR": "2006 - SEG/QUA/SEX - DIURNO - POSTO 06 - DOMICILIAR", "APELIDO": "2006", "MACROSETOR": "POSTO 6 - DOMICILIAR", "COR": "16512", "FREQUENCIA": "SEG/QUA/SEX - DIURNO", "layer": "2006", "path": "G:/Drives compartilhados/J_NEGRAO_CCO/45 - Monitoramento/Paulo Lima/KMLKMZ Curitiba/Diurno/Seg-Qua-Sex/6/2006/2006 - SEG/QUA/SEX - DIURNO - POSTO 06 - DOMICILIAR/2006.shp", "OBJECTID": null, "TURNO": null, "POSTO": null, "FreqTurno": null, "X_SEMANA": null, "TER": null, "QUI": null, "SAB": null, "SEG": null, "QUA": null, "SEX": null }, "geometry": { "type": "MultiPolygon", "coordinates": [ [ [ [ -49.342972, -25.443987, 0.0 ], [ -49.343025, -25.443982, 0.0 ], [ -49.343244, -25.444018, 0.0 ], [ -49.343518, -25.444059, 0.0 ], [ -49.342972, -25.443987, 0.0 ] ], [ [ -49.343368, -25.444039, 0.0 ], [ -49.343188, -25.44401, 0.0 ], [ -49.343244, -25.444018, 0.0 ], [ -49.343368, -25.444039, 0.0 ] ] ], [ [ [ -49.342972, -25.443987, 0.0 ], [ -49.34262, -25.444018, 0.0 ], [ -49.343518, -25.444059, 0.0 ], [ -49.34368, -25.444102, 0.0 ], [ -49.343797, -25.444176, 0.0 ], [ -49.343927, -25.444228, 0.0 ], [ -49.344292, -25.444354, 0.0 ], [ -49.344764, -25.444616, 0.0 ], [ -49.345375, -25.444819, 0.0 ], [ -49.345954, -25.445192, 0.0 ], [ -49.3464, -25.44549, 0.0 ], [ -49.347204, -25.445967, 0.0 ], [ -49.347813, -25.446262, 0.0 ], [ -49.348339, -25.44664, 0.0 ], [ -49.348908, -25.447038, 0.0 ], [ -49.349212, -25.447302, 0.0 ], [ -49.349519, -25.447556, 0.0 ], [ -49.350068, -25.448061, 0.0 ], [ -49.350252, -25.448256, 0.0 ], [ -49.35051, -25.448527, 0.0 ], [ -49.350939, -25.448856, 0.0 ], [ -49.35124, -25.449031, 0.0 ], [ -49.351768, -25.449482, 0.0 ], [ -49.351015, -25.450564, 0.0 ], [ -49.350768, -25.45099, 0.0 ], [ -49.350693, -25.45161, 0.0 ], [ -49.350467, -25.452114, 0.0 ], [ -49.350156, -25.452385, 0.0 ], [ -49.349394, -25.452656, 0.0 ], [ -49.34918, -25.452753, 0.0 ], [ -49.348944, -25.453557, 0.0 ], [ -49.342132, -25.454086, 0.0 ], [ -49.341792, -25.456246, 0.0 ], [ -49.340739, -25.457562, 0.0 ], [ -49.340029, -25.459983, 0.0 ], [ -49.339554, -25.460001, 0.0 ], [ -49.338829, -25.460515, 0.0 ], [ -49.338056, -25.460832, 0.0 ], [ -49.337131, -25.460691, 0.0 ], [ -49.335388, -25.460797, 0.0 ], [ -49.333641, -25.460703, 0.0 ], [ -49.333411, -25.45934, 0.0 ], [ -49.33496, -25.456908, 0.0 ], [ -49.3336, -25.455633, 0.0 ], [ -49.333702, -25.453853, 0.0 ], [ -49.333262, -25.45363, 0.0 ], [ -49.331601, -25.453247, 0.0 ], [ -49.329758, -25.452806, 0.0 ], [ -49.329333, -25.452564, 0.0 ], [ -49.328505, -25.452292, 0.0 ], [ -49.327407, -25.452117, 0.0 ], [ -49.325811, -25.452172, 0.0 ], [ -49.325022, -25.452148, 0.0 ], [ -49.32439, -25.451751, 0.0 ], [ -49.325693, -25.450493, 0.0 ], [ -49.32572, -25.450069, 0.0 ], [ -49.325967, -25.449483, 0.0 ], [ -49.326375, -25.449317, 0.0 ], [ -49.32673, -25.44948, 0.0 ], [ -49.32714, -25.449796, 0.0 ], [ -49.327401, -25.449817, 0.0 ], [ -49.327784, -25.449715, 0.0 ], [ -49.328154, -25.449665, 0.0 ], [ -49.328828, -25.449808, 0.0 ], [ -49.329533, -25.44988, 0.0 ], [ -49.329883, -25.44967, 0.0 ], [ -49.330484, -25.449198, 0.0 ], [ -49.331041, -25.44928, 0.0 ], [ -49.331728, -25.449486, 0.0 ], [ -49.332243, -25.449566, 0.0 ], [ -49.332629, -25.448932, 0.0 ], [ -49.332683, -25.448244, 0.0 ], [ -49.333402, -25.448215, 0.0 ], [ -49.33396, -25.448961, 0.0 ], [ -49.334099, -25.449009, 0.0 ], [ -49.334324, -25.44898, 0.0 ], [ -49.334804, -25.4486, 0.0 ], [ -49.334696, -25.447895, 0.0 ], [ -49.335933, -25.446356, 0.0 ], [ -49.336791, -25.446055, 0.0 ], [ -49.337574, -25.4453, 0.0 ], [ -49.33901, -25.445212, 0.0 ], [ -49.339152, -25.445057, 0.0 ], [ -49.339473, -25.444273, 0.0 ], [ -49.342864, -25.443972, 0.0 ], [ -49.342972, -25.443987, 0.0 ] ] ] ] } },
{ "type": "Feature", "properties": { "Name": "2007", "description": "descrição: <br>id: POSTO_06_DIURNO.7<br>tessellate: -1<br>extrude: 0<br>visibility: -1<br>IDENTIFICA: 4402007<br>SETOR: 2007 - SEG/QUA/SEX - DIURNO - POSTO 06 - DOMICILIAR<br>APELIDO: 2007<br>MACROSETOR: POSTO 6 - DOMICILIAR<br>COR: 32896<br>FREQUENCIA: SEG/QUA/SEX - DIURNO<br>layer: 2007<br>path: G:/Drives compartilhados/J_NEGRAO_CCO/45 - Monitoramento/Paulo Lima/KMLKMZ Curitiba/Diurno/Seg-Qua-Sex/6/2007/2007 - SEG/QUA/SEX - DIURNO - POSTO 06 - DOMICILIAR/2007.shp", "timestamp": null, "begin": null, "end": null, "altitudeMode": null, "tessellate": -1, "extrude": 0, "visibility": -1, "drawOrder": null, "icon": null, "descri____o": "", "id": "POSTO_06_DIURNO.7", "IDENTIFICA": "4402007", "SETOR": "2007 - SEG/QUA/SEX - DIURNO - POSTO 06 - DOMICILIAR", "APELIDO": "2007", "MACROSETOR": "POSTO 6 - DOMICILIAR", "COR": "32896", "FREQUENCIA": "SEG/QUA/SEX - DIURNO", "layer": "2007", "path": "G:/Drives compartilhados/J_NEGRAO_CCO/45 - Monitoramento/Paulo Lima/KMLKMZ Curitiba/Diurno/Seg-Qua-Sex/6/2007/2007 - SEG/QUA/SEX - DIURNO - POSTO 06 - DOMICILIAR/2007.shp", "OBJECTID": null, "TURNO": null, "POSTO": null, "FreqTurno": null, "X_SEMANA": null, "TER": null, "QUI": null, "SAB": null, "SEG": null, "QUA": null, "SEX": null }, "geometry": { "type": "Polygon", "coordinates": [ [ [ -49.343753, -25.468319, 0.0 ], [ -49.33779, -25.468612, 0.0 ], [ -49.337881, -25.466839, 0.0 ], [ -49.33823, -25.466302, 0.0 ], [ -49.338932, -25.465822, 0.0 ], [ -49.339008, -25.465464, 0.0 ], [ -49.338728, -25.464276, 0.0 ], [ -49.338878, -25.463123, 0.0 ], [ -49.339297, -25.461096, 0.0 ], [ -49.33949, -25.460001, 0.0 ], [ -49.340029, -25.459983, 0.0 ], [ -49.340739, -25.457562, 0.0 ], [ -49.341614, -25.457737, 0.0 ], [ -49.342719, -25.458512, 0.0 ], [ -49.34333, -25.459645, 0.0 ], [ -49.345068, -25.459926, 0.0 ], [ -49.34554, -25.461127, 0.0 ], [ -49.345841, -25.462406, 0.0 ], [ -49.34568, -25.463229, 0.0 ], [ -49.345498, -25.464304, 0.0 ], [ -49.344854, -25.466126, 0.0 ], [ -49.344199, -25.467472, 0.0 ], [ -49.343753, -25.468319, 0.0 ] ] ] } },
{ "type": "Feature", "properties": { "Name": "2008", "description": "descrição: <br>id: POSTO_06_DIURNO.8<br>tessellate: -1<br>extrude: 0<br>visibility: -1<br>IDENTIFICA: 4402008<br>SETOR: 2008 - SEG/QUA/SEX - DIURNO - POSTO 06 - DOMICILIAR<br>APELIDO: 2008<br>MACROSETOR: POSTO 6 - DOMICILIAR<br>COR: 16711680<br>FREQUENCIA: SEG/QUA/SEX - DIURNO<br>layer: 2008<br>path: G:/Drives compartilhados/J_NEGRAO_CCO/45 - Monitoramento/Paulo Lima/KMLKMZ Curitiba/Diurno/Seg-Qua-Sex/6/2008/2008 - SEG/QUA/SEX - DIURNO - POSTO 06 - DOMICILIAR/2008.shp", "timestamp": null, "begin": null, "end": null, "altitudeMode": null, "tessellate": -1, "extrude": 0, "visibility": -1, "drawOrder": null, "icon": null, "descri____o": "", "id": "POSTO_06_DIURNO.8", "IDENTIFICA": "4402008", "SETOR": "2008 - SEG/QUA/SEX - DIURNO - POSTO 06 - DOMICILIAR", "APELIDO": "2008", "MACROSETOR": "POSTO 6 - DOMICILIAR", "COR": "16711680", "FREQUENCIA": "SEG/QUA/SEX - DIURNO", "layer": "2008", "path": "G:/Drives compartilhados/J_NEGRAO_CCO/45 - Monitoramento/Paulo Lima/KMLKMZ Curitiba/Diurno/Seg-Qua-Sex/6/2008/2008 - SEG/QUA/SEX - DIURNO - POSTO 06 - DOMICILIAR/2008.shp", "OBJECTID": null, "TURNO": null, "POSTO": null, "FreqTurno": null, "X_SEMANA": null, "TER": null, "QUI": null, "SAB": null, "SEG": null, "QUA": null, "SEX": null }, "geometry": { "type": "Polygon", "coordinates": [ [ [ -49.354486, -25.459419, 0.0 ], [ -49.358074, -25.453777, 0.0 ], [ -49.357742, -25.453002, 0.0 ], [ -49.358595, -25.451452, 0.0 ], [ -49.357592, -25.451394, 0.0 ], [ -49.355575, -25.450832, 0.0 ], [ -49.355662, -25.44699, 0.0 ], [ -49.355316, -25.444671, 0.0 ], [ -49.354669, -25.443138, 0.0 ], [ -49.353709, -25.442049, 0.0 ], [ -49.353516, -25.44168, 0.0 ], [ -49.354417, -25.441487, 0.0 ], [ -49.355079, -25.440774, 0.0 ], [ -49.355203, -25.438255, 0.0 ], [ -49.35519, -25.434472, 0.0 ], [ -49.354932, -25.434143, 0.0 ], [ -49.354868, -25.430635, 0.0 ], [ -49.365661, -25.431895, 0.0 ], [ -49.364545, -25.440731, 0.0 ], [ -49.363258, -25.449334, 0.0 ], [ -49.359485, -25.458478, 0.0 ], [ -49.357779, -25.462896, 0.0 ], [ -49.35353, -25.461656, 0.0 ], [ -49.354486, -25.459419, 0.0 ] ] ] } },
{ "type": "Feature", "properties": { "Name": "2009", "description": "descrição: <br>id: POSTO_06_DIURNO.9<br>tessellate: -1<br>extrude: 0<br>visibility: -1<br>IDENTIFICA: 4402009<br>SETOR: 2009 - SEG/QUA/SEX - DIURNO - POSTO 06 - DOMICILIAR<br>APELIDO: 2009<br>MACROSETOR: POSTO 6 - DOMICILIAR<br>COR: 8388608<br>FREQUENCIA: SEG/QUA/SEX - DIURNO<br>layer: 2009<br>path: G:/Drives compartilhados/J_NEGRAO_CCO/45 - Monitoramento/Paulo Lima/KMLKMZ Curitiba/Diurno/Seg-Qua-Sex/6/2009/2009 - SEG/QUA/SEX - DIURNO - POSTO 06 - DOMICILIAR/2009.shp", "timestamp": null, "begin": null, "end": null, "altitudeMode": null, "tessellate": -1, "extrude": 0, "visibility": -1, "drawOrder": null, "icon": null, "descri____o": "", "id": "POSTO_06_DIURNO.9", "IDENTIFICA": "4402009", "SETOR": "2009 - SEG/QUA/SEX - DIURNO - POSTO 06 - DOMICILIAR", "APELIDO": "2009", "MACROSETOR": "POSTO 6 - DOMICILIAR", "COR": "8388608", "FREQUENCIA": "SEG/QUA/SEX - DIURNO", "layer": "2009", "path": "G:/Drives compartilhados/J_NEGRAO_CCO/45 - Monitoramento/Paulo Lima/KMLKMZ Curitiba/Diurno/Seg-Qua-Sex/6/2009/2009 - SEG/QUA/SEX - DIURNO - POSTO 06 - DOMICILIAR/2009.shp", "OBJECTID": null, "TURNO": null, "POSTO": null, "FreqTurno": null, "X_SEMANA": null, "TER": null, "QUI": null, "SAB": null, "SEG": null, "QUA": null, "SEX": null }, "geometry": { "type": "Polygon", "coordinates": [ [ [ -49.354136, -25.450387, 0.0 ], [ -49.357592, -25.451394, 0.0 ], [ -49.358729, -25.451452, 0.0 ], [ -49.357742, -25.453235, 0.0 ], [ -49.358074, -25.45401, 0.0 ], [ -49.354486, -25.459651, 0.0 ], [ -49.353295, -25.458993, 0.0 ], [ -49.352694, -25.458179, 0.0 ], [ -49.352007, -25.457462, 0.0 ], [ -49.351031, -25.45689, 0.0 ], [ -49.350269, -25.45721, 0.0 ], [ -49.349078, -25.457404, 0.0 ], [ -49.348402, -25.45751, 0.0 ], [ -49.347469, -25.457622, 0.0 ], [ -49.346954, -25.458237, 0.0 ], [ -49.345951, -25.45894, 0.0 ], [ -49.345533, -25.459259, 0.0 ], [ -49.345189, -25.459908, 0.0 ], [ -49.343301, -25.459414, 0.0 ], [ -49.342614, -25.458552, 0.0 ], [ -49.341724, -25.457903, 0.0 ], [ -49.34078, -25.457564, 0.0 ], [ -49.340619, -25.457138, 0.0 ], [ -49.341813, -25.456284, 0.0 ], [ -49.342153, -25.454125, 0.0 ], [ -49.348965, -25.453596, 0.0 ], [ -49.349201, -25.452792, 0.0 ], [ -49.350178, -25.452424, 0.0 ], [ -49.350489, -25.452153, 0.0 ], [ -49.350714, -25.451649, 0.0 ], [ -49.350774, -25.450929, 0.0 ], [ -49.351096, -25.450512, 0.0 ], [ -49.351768, -25.449482, 0.0 ], [ -49.352581, -25.449748, 0.0 ], [ -49.354136, -25.450387, 0.0 ] ] ] } },
{ "type": "Feature", "properties": { "Name": "2011", "description": "descrição: <br>id: POSTO_06_DIURNO.10<br>tessellate: -1<br>extrude: 0<br>visibility: -1<br>IDENTIFICA: 4402011<br>SETOR: 2011 - SEG/QUA/SEX - DIURNO - POSTO 06 - DOMICILIAR<br>APELIDO: 2011<br>MACROSETOR: POSTO 6 - DOMICILIAR<br>COR: 8388736<br>FREQUENCIA: SEG/QUA/SEX - DIURNO<br>layer: 2011<br>path: G:/Drives compartilhados/J_NEGRAO_CCO/45 - Monitoramento/Paulo Lima/KMLKMZ Curitiba/Diurno/Seg-Qua-Sex/6/2011/2011 - SEG/QUA/SEX - DIURNO - POSTO 06 - DOMICILIAR/2011.shp", "timestamp": null, "begin": null, "end": null, "altitudeMode": null, "tessellate": -1, "extrude": 0, "visibility": -1, "drawOrder": null, "icon": null, "descri____o": "", "id": "POSTO_06_DIURNO.10", "IDENTIFICA": "4402011", "SETOR": "2011 - SEG/QUA/SEX - DIURNO - POSTO 06 - DOMICILIAR", "APELIDO": "2011", "MACROSETOR": "POSTO 6 - DOMICILIAR", "COR": "8388736", "FREQUENCIA": "SEG/QUA/SEX - DIURNO", "layer": "2011", "path": "G:/Drives compartilhados/J_NEGRAO_CCO/45 - Monitoramento/Paulo Lima/KMLKMZ Curitiba/Diurno/Seg-Qua-Sex/6/2011/2011 - SEG/QUA/SEX - DIURNO - POSTO 06 - DOMICILIAR/2011.shp", "OBJECTID": null, "TURNO": null, "POSTO": null, "FreqTurno": null, "X_SEMANA": null, "TER": null, "QUI": null, "SAB": null, "SEG": null, "QUA": null, "SEX": null }, "geometry": { "type": "Polygon", "coordinates": [ [ [ -49.33779, -25.468612, 0.0 ], [ -49.343753, -25.468319, 0.0 ], [ -49.343646, -25.469171, 0.0 ], [ -49.343624, -25.469849, 0.0 ], [ -49.342938, -25.470663, 0.0 ], [ -49.340788, -25.472283, 0.0 ], [ -49.34023, -25.473367, 0.0 ], [ -49.339622, -25.474002, 0.0 ], [ -49.338206, -25.474738, 0.0 ], [ -49.337262, -25.475339, 0.0 ], [ -49.336769, -25.475888, 0.0 ], [ -49.336089, -25.476903, 0.0 ], [ -49.335864, -25.476913, 0.0 ], [ -49.334426, -25.477155, 0.0 ], [ -49.331937, -25.477775, 0.0 ], [ -49.33124, -25.478065, 0.0 ], [ -49.330628, -25.476864, 0.0 ], [ -49.330424, -25.476748, 0.0 ], [ -49.329792, -25.475867, 0.0 ], [ -49.328976, -25.474627, 0.0 ], [ -49.328504, -25.473629, 0.0 ], [ -49.328032, -25.473145, 0.0 ], [ -49.326455, -25.47237, 0.0 ], [ -49.32418, -25.471595, 0.0 ], [ -49.326466, -25.470685, 0.0 ], [ -49.325436, -25.469803, 0.0 ], [ -49.323698, -25.469271, 0.0 ], [ -49.323955, -25.468893, 0.0 ], [ -49.324363, -25.468622, 0.0 ], [ -49.32521, -25.468118, 0.0 ], [ -49.325908, -25.46773, 0.0 ], [ -49.327099, -25.466956, 0.0 ], [ -49.32786, -25.466578, 0.0 ], [ -49.328676, -25.466394, 0.0 ], [ -49.330049, -25.466684, 0.0 ], [ -49.33095, -25.466781, 0.0 ], [ -49.331594, -25.466607, 0.0 ], [ -49.332238, -25.465658, 0.0 ], [ -49.334598, -25.463236, 0.0 ], [ -49.338911, -25.463023, 0.0 ], [ -49.338761, -25.463527, 0.0 ], [ -49.338782, -25.464631, 0.0 ], [ -49.339008, -25.465464, 0.0 ], [ -49.338932, -25.465822, 0.0 ], [ -49.338696, -25.465972, 0.0 ], [ -49.338487, -25.466079, 0.0 ], [ -49.33823, -25.466302, 0.0 ], [ -49.337881, -25.466839, 0.0 ], [ -49.33779, -25.468612, 0.0 ] ] ] } },
{ "type": "Feature", "properties": { "Name": "2013", "description": "descrição: <br>id: POSTO_06_DIURNO.11<br>tessellate: -1<br>extrude: 0<br>visibility: -1<br>IDENTIFICA: 4402013<br>SETOR: 2013 - SEG/QUA/SEX - DIURNO - POSTO 06 - DOMICILIAR<br>APELIDO: 2013<br>MACROSETOR: POSTO 6 - DOMICILIAR<br>COR: 65535<br>FREQUENCIA: SEG/QUA/SEX - DIURNO<br>layer: 2013<br>path: G:/Drives compartilhados/J_NEGRAO_CCO/45 - Monitoramento/Paulo Lima/KMLKMZ Curitiba/Diurno/Seg-Qua-Sex/6/2013/2013 - SEG/QUA/SEX - DIURNO - POSTO 06 - DOMICILIAR/2013.shp", "timestamp": null, "begin": null, "end": null, "altitudeMode": null, "tessellate": -1, "extrude": 0, "visibility": -1, "drawOrder": null, "icon": null, "descri____o": "", "id": "POSTO_06_DIURNO.11", "IDENTIFICA": "4402013", "SETOR": "2013 - SEG/QUA/SEX - DIURNO - POSTO 06 - DOMICILIAR", "APELIDO": "2013", "MACROSETOR": "POSTO 6 - DOMICILIAR", "COR": "65535", "FREQUENCIA": "SEG/QUA/SEX - DIURNO", "layer": "2013", "path": "G:/Drives compartilhados/J_NEGRAO_CCO/45 - Monitoramento/Paulo Lima/KMLKMZ Curitiba/Diurno/Seg-Qua-Sex/6/2013/2013 - SEG/QUA/SEX - DIURNO - POSTO 06 - DOMICILIAR/2013.shp", "OBJECTID": null, "TURNO": null, "POSTO": null, "FreqTurno": null, "X_SEMANA": null, "TER": null, "QUI": null, "SAB": null, "SEG": null, "QUA": null, "SEX": null }, "geometry": { "type": "Polygon", "coordinates": [ [ [ -49.318768, -25.449845, 0.0 ], [ -49.318332, -25.449464, 0.0 ], [ -49.317517, -25.449309, 0.0 ], [ -49.316916, -25.449425, 0.0 ], [ -49.316895, -25.449909, 0.0 ], [ -49.316528, -25.450556, 0.0 ], [ -49.316013, -25.450866, 0.0 ], [ -49.315359, -25.450827, 0.0 ], [ -49.314985, -25.450646, 0.0 ], [ -49.31494, -25.450837, 0.0 ], [ -49.312837, -25.449723, 0.0 ], [ -49.312419, -25.44919, 0.0 ], [ -49.31185, -25.448192, 0.0 ], [ -49.309812, -25.447417, 0.0 ], [ -49.30949, -25.447494, 0.0 ], [ -49.308406, -25.44794, 0.0 ], [ -49.307055, -25.449335, 0.0 ], [ -49.306518, -25.449471, 0.0 ], [ -49.306475, -25.450488, 0.0 ], [ -49.304608, -25.450672, 0.0 ], [ -49.304512, -25.450352, 0.0 ], [ -49.304512, -25.449035, 0.0 ], [ -49.304724, -25.44588, 0.0 ], [ -49.304831, -25.444155, 0.0 ], [ -49.305045, -25.443128, 0.0 ], [ -49.306183, -25.441133, 0.0 ], [ -49.307127, -25.439447, 0.0 ], [ -49.30835, -25.436414, 0.0 ], [ -49.308964, -25.435292, 0.0 ], [ -49.310402, -25.43591, 0.0 ], [ -49.311442, -25.436677, 0.0 ], [ -49.312432, -25.436983, 0.0 ], [ -49.314098, -25.43668, 0.0 ], [ -49.315256, -25.437346, 0.0 ], [ -49.316479, -25.43792, 0.0 ], [ -49.317161, -25.438877, 0.0 ], [ -49.31928, -25.438727, 0.0 ], [ -49.31984, -25.437511, 0.0 ], [ -49.320736, -25.437017, 0.0 ], [ -49.322222, -25.43731, 0.0 ], [ -49.322815, -25.43747, 0.0 ], [ -49.322431, -25.438056, 0.0 ], [ -49.322233, -25.438915, 0.0 ], [ -49.322059, -25.439711, 0.0 ], [ -49.322542, -25.440302, 0.0 ], [ -49.322971, -25.440971, 0.0 ], [ -49.323035, -25.441659, 0.0 ], [ -49.322853, -25.442395, 0.0 ], [ -49.322424, -25.443335, 0.0 ], [ -49.321815, -25.443858, 0.0 ], [ -49.321643, -25.445079, 0.0 ], [ -49.32145, -25.445718, 0.0 ], [ -49.320871, -25.446842, 0.0 ], [ -49.320763, -25.447714, 0.0 ], [ -49.319497, -25.448915, 0.0 ], [ -49.318768, -25.449845, 0.0 ] ] ] } },
{ "type": "Feature", "properties": { "Name": "2033", "description": "descrição: <br>id: POSTO_06_DIURNO.12<br>tessellate: -1<br>extrude: 0<br>visibility: -1<br>IDENTIFICA: 4402033<br>SETOR: 2033 - SEG/QUA/SEX - DIURNO - POSTO 06 - DOMICILIAR<br>APELIDO: 2033<br>MACROSETOR: POSTO 6 - DOMICILIAR<br>COR: 8388608<br>FREQUENCIA: SEG/QUA/SEX - DIURNO<br>layer: 2033<br>path: G:/Drives compartilhados/J_NEGRAO_CCO/45 - Monitoramento/Paulo Lima/KMLKMZ Curitiba/Diurno/Seg-Qua-Sex/6/2033/2033 - SEG/QUA/SEX - DIURNO - POSTO 06 - DOMICILIAR/2033.shp", "timestamp": null, "begin": null, "end": null, "altitudeMode": null, "tessellate": -1, "extrude": 0, "visibility": -1, "drawOrder": null, "icon": null, "descri____o": "", "id": "POSTO_06_DIURNO.12", "IDENTIFICA": "4402033", "SETOR": "2033 - SEG/QUA/SEX - DIURNO - POSTO 06 - DOMICILIAR", "APELIDO": "2033", "MACROSETOR": "POSTO 6 - DOMICILIAR", "COR": "8388608", "FREQUENCIA": "SEG/QUA/SEX - DIURNO", "layer": "2033", "path": "G:/Drives compartilhados/J_NEGRAO_CCO/45 - Monitoramento/Paulo Lima/KMLKMZ Curitiba/Diurno/Seg-Qua-Sex/6/2033/2033 - SEG/QUA/SEX - DIURNO - POSTO 06 - DOMICILIAR/2033.shp", "OBJECTID": null, "TURNO": null, "POSTO": null, "FreqTurno": null, "X_SEMANA": null, "TER": null, "QUI": null, "SAB": null, "SEG": null, "QUA": null, "SEX": null }, "geometry": { "type": "Polygon", "coordinates": [ [ [ -49.348296, -25.421056, 0.0 ], [ -49.347738, -25.421347, 0.0 ], [ -49.346536, -25.4222, 0.0 ], [ -49.345592, -25.423111, 0.0 ], [ -49.343425, -25.423983, 0.0 ], [ -49.341327, -25.423789, 0.0 ], [ -49.339793, -25.423712, 0.0 ], [ -49.339235, -25.423228, 0.0 ], [ -49.338001, -25.423131, 0.0 ], [ -49.337239, -25.422898, 0.0 ], [ -49.336939, -25.422676, 0.0 ], [ -49.33681, -25.422579, 0.0 ], [ -49.336456, -25.422114, 0.0 ], [ -49.336542, -25.421619, 0.0 ], [ -49.336392, -25.421445, 0.0 ], [ -49.335898, -25.421406, 0.0 ], [ -49.336177, -25.420505, 0.0 ], [ -49.337164, -25.420398, 0.0 ], [ -49.3374, -25.419836, 0.0 ], [ -49.337581, -25.419267, 0.0 ], [ -49.335725, -25.418986, 0.0 ], [ -49.33559, -25.415248, 0.0 ], [ -49.335451, -25.413746, 0.0 ], [ -49.336095, -25.413649, 0.0 ], [ -49.337468, -25.413494, 0.0 ], [ -49.338122, -25.413784, 0.0 ], [ -49.339399, -25.414492, 0.0 ], [ -49.339506, -25.414085, 0.0 ], [ -49.339421, -25.413814, 0.0 ], [ -49.339442, -25.413329, 0.0 ], [ -49.339925, -25.411817, 0.0 ], [ -49.340386, -25.410577, 0.0 ], [ -49.340504, -25.409491, 0.0 ], [ -49.340601, -25.408377, 0.0 ], [ -49.343626, -25.409501, 0.0 ], [ -49.345236, -25.410218, 0.0 ], [ -49.346692, -25.41064, 0.0 ], [ -49.34607, -25.413596, 0.0 ], [ -49.344782, -25.4141, 0.0 ], [ -49.344353, -25.417235, 0.0 ], [ -49.345035, -25.417118, 0.0 ], [ -49.345566, -25.417302, 0.0 ], [ -49.347599, -25.418741, 0.0 ], [ -49.348352, -25.418986, 0.0 ], [ -49.348296, -25.421056, 0.0 ] ] ] } },
{ "type": "Feature", "properties": { "Name": "2034", "description": "descrição: <br>id: POSTO_06_DIURNO.13<br>tessellate: -1<br>extrude: 0<br>visibility: -1<br>IDENTIFICA: 4402034<br>SETOR: 2034 - SEG/QUA/SEX - DIURNO - POSTO 06 - DOMICILIAR<br>APELIDO: 2034<br>MACROSETOR: POSTO 6 - DOMICILIAR<br>COR: 65280<br>FREQUENCIA: SEG/QUA/SEX - DIURNO<br>layer: 2034<br>path: G:/Drives compartilhados/J_NEGRAO_CCO/45 - Monitoramento/Paulo Lima/KMLKMZ Curitiba/Diurno/Seg-Qua-Sex/6/2034/2034 - SEG/QUA/SEX - DIURNO - POSTO 06 - DOMICILIAR/2034.shp", "timestamp": null, "begin": null, "end": null, "altitudeMode": null, "tessellate": -1, "extrude": 0, "visibility": -1, "drawOrder": null, "icon": null, "descri____o": "", "id": "POSTO_06_DIURNO.13", "IDENTIFICA": "4402034", "SETOR": "2034 - SEG/QUA/SEX - DIURNO - POSTO 06 - DOMICILIAR", "APELIDO": "2034", "MACROSETOR": "POSTO 6 - DOMICILIAR", "COR": "65280", "FREQUENCIA": "SEG/QUA/SEX - DIURNO", "layer": "2034", "path": "G:/Drives compartilhados/J_NEGRAO_CCO/45 - Monitoramento/Paulo Lima/KMLKMZ Curitiba/Diurno/Seg-Qua-Sex/6/2034/2034 - SEG/QUA/SEX - DIURNO - POSTO 06 - DOMICILIAR/2034.shp", "OBJECTID": null, "TURNO": null, "POSTO": null, "FreqTurno": null, "X_SEMANA": null, "TER": null, "QUI": null, "SAB": null, "SEG": null, "QUA": null, "SEX": null }, "geometry": { "type": "Polygon", "coordinates": [ [ [ -49.3556, -25.449297, 0.0 ], [ -49.355602, -25.450827, 0.0 ], [ -49.354163, -25.450392, 0.0 ], [ -49.351795, -25.449477, 0.0 ], [ -49.348488, -25.446794, 0.0 ], [ -49.346053, -25.445341, 0.0 ], [ -49.343735, -25.444217, 0.0 ], [ -49.342917, -25.444081, 0.0 ], [ -49.343151, -25.442425, 0.0 ], [ -49.341842, -25.442134, 0.0 ], [ -49.339994, -25.441778, 0.0 ], [ -49.340165, -25.440424, 0.0 ], [ -49.340423, -25.439084, 0.0 ], [ -49.341509, -25.439082, 0.0 ], [ -49.341563, -25.438264, 0.0 ], [ -49.341091, -25.437803, 0.0 ], [ -49.340895, -25.436558, 0.0 ], [ -49.340219, -25.43555, 0.0 ], [ -49.344028, -25.435579, 0.0 ], [ -49.344446, -25.436713, 0.0 ], [ -49.345376, -25.436658, 0.0 ], [ -49.345762, -25.435495, 0.0 ], [ -49.34691, -25.434759, 0.0 ], [ -49.348755, -25.436435, 0.0 ], [ -49.349217, -25.435873, 0.0 ], [ -49.350762, -25.436827, 0.0 ], [ -49.352129, -25.437693, 0.0 ], [ -49.352515, -25.437742, 0.0 ], [ -49.352516, -25.438518, 0.0 ], [ -49.353739, -25.439351, 0.0 ], [ -49.354211, -25.439942, 0.0 ], [ -49.354532, -25.44003, 0.0 ], [ -49.355165, -25.440074, 0.0 ], [ -49.355149, -25.440786, 0.0 ], [ -49.354913, -25.441125, 0.0 ], [ -49.354371, -25.441581, 0.0 ], [ -49.354033, -25.441755, 0.0 ], [ -49.35361, -25.441779, 0.0 ], [ -49.353459, -25.441857, 0.0 ], [ -49.354146, -25.442462, 0.0 ], [ -49.354827, -25.443295, 0.0 ], [ -49.355256, -25.444104, 0.0 ], [ -49.355702, -25.446783, 0.0 ], [ -49.355712, -25.448304, 0.0 ], [ -49.3556, -25.449297, 0.0 ] ] ] } },
{ "type": "Feature", "properties": { "Name": "3001", "description": "descrição: <br>id: POSTO_06_DIURNO.14<br>tessellate: -1<br>extrude: 0<br>visibility: -1<br>IDENTIFICA: 4403001<br>SETOR: 3001 - TER/QUI/SAB - DIURNO - POSTO 06 - DOMICILIAR<br>APELIDO: 3001<br>MACROSETOR: POSTO 6 - DOMICILIAR<br>COR: 8388863<br>FREQUENCIA: TER/QUI/SAB - DIURNO<br>layer: 3001<br>path: G:/Drives compartilhados/J_NEGRAO_CCO/45 - Monitoramento/Paulo Lima/KMLKMZ Curitiba/Diurno/Ter-Qui-Sab/6/3001/3001 - TER/QUI/SAB - DIURNO - POSTO 06 - DOMICILIAR/3001.shp", "timestamp": null, "begin": null, "end": null, "altitudeMode": null, "tessellate": -1, "extrude": 0, "visibility": -1, "drawOrder": null, "icon": null, "descri____o": "", "id": "POSTO_06_DIURNO.14", "IDENTIFICA": "4403001", "SETOR": "3001 - TER/QUI/SAB - DIURNO - POSTO 06 - DOMICILIAR", "APELIDO": "3001", "MACROSETOR": "POSTO 6 - DOMICILIAR", "COR": "8388863", "FREQUENCIA": "TER/QUI/SAB - DIURNO", "layer": "3001", "path": "G:/Drives compartilhados/J_NEGRAO_CCO/45 - Monitoramento/Paulo Lima/KMLKMZ Curitiba/Diurno/Ter-Qui-Sab/6/3001/3001 - TER/QUI/SAB - DIURNO - POSTO 06 - DOMICILIAR/3001.shp", "OBJECTID": null, "TURNO": null, "POSTO": null, "FreqTurno": null, "X_SEMANA": null, "TER": null, "QUI": null, "SAB": null, "SEG": null, "QUA": null, "SEX": null }, "geometry": { "type": "Polygon", "coordinates": [ [ [ -49.285056, -25.602074, 0.0 ], [ -49.282996, -25.602616, 0.0 ], [ -49.277803, -25.6037, 0.0 ], [ -49.277644, -25.60628, 0.0 ], [ -49.277816, -25.607635, 0.0 ], [ -49.277001, -25.609454, 0.0 ], [ -49.273503, -25.608196, 0.0 ], [ -49.271794, -25.607246, 0.0 ], [ -49.269004, -25.60446, 0.0 ], [ -49.267073, -25.60206, 0.0 ], [ -49.265155, -25.60065, 0.0 ], [ -49.261722, -25.599489, 0.0 ], [ -49.259061, -25.598096, 0.0 ], [ -49.256572, -25.594226, 0.0 ], [ -49.254083, -25.592677, 0.0 ], [ -49.254254, -25.591052, 0.0 ], [ -49.2461, -25.587568, 0.0 ], [ -49.24344, -25.585942, 0.0 ], [ -49.240607, -25.584626, 0.0 ], [ -49.240607, -25.583775, 0.0 ], [ -49.243011, -25.581994, 0.0 ], [ -49.243182, -25.579827, 0.0 ], [ -49.244985, -25.574601, 0.0 ], [ -49.243054, -25.571736, 0.0 ], [ -49.240236, -25.567849, 0.0 ], [ -49.239388, -25.566948, 0.0 ], [ -49.252574, -25.563977, 0.0 ], [ -49.255964, -25.563087, 0.0 ], [ -49.260084, -25.562158, 0.0 ], [ -49.263989, -25.56057, 0.0 ], [ -49.270555, -25.563164, 0.0 ], [ -49.274525, -25.564635, 0.0 ], [ -49.28092, -25.567113, 0.0 ], [ -49.282078, -25.567849, 0.0 ], [ -49.283881, -25.568429, 0.0 ], [ -49.281138, -25.570472, 0.0 ], [ -49.279254, -25.572437, 0.0 ], [ -49.28697, -25.58012, 0.0 ], [ -49.288012, -25.58102, 0.0 ], [ -49.289159, -25.581601, 0.0 ], [ -49.290093, -25.58162, 0.0 ], [ -49.291058, -25.581001, 0.0 ], [ -49.292003, -25.581214, 0.0 ], [ -49.292496, -25.58073, 0.0 ], [ -49.293118, -25.580827, 0.0 ], [ -49.292947, -25.581524, 0.0 ], [ -49.294706, -25.582298, 0.0 ], [ -49.29462, -25.584233, 0.0 ], [ -49.295436, -25.587175, 0.0 ], [ -49.293848, -25.588123, 0.0 ], [ -49.292024, -25.589362, 0.0 ], [ -49.290737, -25.590794, 0.0 ], [ -49.287732, -25.594452, 0.0 ], [ -49.285761, -25.59774, 0.0 ], [ -49.285056, -25.602074, 0.0 ] ] ] } },
{ "type": "Feature", "properties": { "Name": "3002", "description": "descrição: <br>id: POSTO_06_DIURNO.15<br>tessellate: -1<br>extrude: 0<br>visibility: -1<br>IDENTIFICA: 4403002<br>SETOR: 3002 - TER/QUI/SAB - DIURNO - POSTO 06 - DOMICILIAR<br>APELIDO: 3002<br>MACROSETOR: POSTO 6 - DOMICILIAR<br>COR: 65535<br>FREQUENCIA: TER/QUI/SAB - DIURNO<br>layer: 3002<br>path: G:/Drives compartilhados/J_NEGRAO_CCO/45 - Monitoramento/Paulo Lima/KMLKMZ Curitiba/Diurno/Ter-Qui-Sab/6/3002/3002 - TER/QUI/SAB - DIURNO - POSTO 06 - DOMICILIAR/3002.shp", "timestamp": null, "begin": null, "end": null, "altitudeMode": null, "tessellate": -1, "extrude": 0, "visibility": -1, "drawOrder": null, "icon": null, "descri____o": "", "id": "POSTO_06_DIURNO.15", "IDENTIFICA": "4403002", "SETOR": "3002 - TER/QUI/SAB - DIURNO - POSTO 06 - DOMICILIAR", "APELIDO": "3002", "MACROSETOR": "POSTO 6 - DOMICILIAR", "COR": "65535", "FREQUENCIA": "TER/QUI/SAB - DIURNO", "layer": "3002", "path": "G:/Drives compartilhados/J_NEGRAO_CCO/45 - Monitoramento/Paulo Lima/KMLKMZ Curitiba/Diurno/Ter-Qui-Sab/6/3002/3002 - TER/QUI/SAB - DIURNO - POSTO 06 - DOMICILIAR/3002.shp", "OBJECTID": null, "TURNO": null, "POSTO": null, "FreqTurno": null, "X_SEMANA": null, "TER": null, "QUI": null, "SAB": null, "SEG": null, "QUA": null, "SEX": null }, "geometry": { "type": "Polygon", "coordinates": [ [ [ -49.317752, -25.615272, 0.0 ], [ -49.290801, -25.603121, 0.0 ], [ -49.285084, -25.60194, 0.0 ], [ -49.285761, -25.59774, 0.0 ], [ -49.287732, -25.594452, 0.0 ], [ -49.288655, -25.59329, 0.0 ], [ -49.290458, -25.591123, 0.0 ], [ -49.292346, -25.589188, 0.0 ], [ -49.295479, -25.587175, 0.0 ], [ -49.294663, -25.584233, 0.0 ], [ -49.294749, -25.582298, 0.0 ], [ -49.29299, -25.581524, 0.0 ], [ -49.293161, -25.580827, 0.0 ], [ -49.292539, -25.58073, 0.0 ], [ -49.292046, -25.581214, 0.0 ], [ -49.291101, -25.581001, 0.0 ], [ -49.290136, -25.58162, 0.0 ], [ -49.289202, -25.581601, 0.0 ], [ -49.288054, -25.58102, 0.0 ], [ -49.279297, -25.572437, 0.0 ], [ -49.281061, -25.570597, 0.0 ], [ -49.282391, -25.569706, 0.0 ], [ -49.283924, -25.568429, 0.0 ], [ -49.285128, -25.567477, 0.0 ], [ -49.286279, -25.567544, 0.0 ], [ -49.287609, -25.566421, 0.0 ], [ -49.288918, -25.56526, 0.0 ], [ -49.290592, -25.563227, 0.0 ], [ -49.290806, -25.563169, 0.0 ], [ -49.291954, -25.563498, 0.0 ], [ -49.294755, -25.563828, 0.0 ], [ -49.298912, -25.563571, 0.0 ], [ -49.30186, -25.563325, 0.0 ], [ -49.30468, -25.56304, 0.0 ], [ -49.306071, -25.562625, 0.0 ], [ -49.308208, -25.562066, 0.0 ], [ -49.308668, -25.563304, 0.0 ], [ -49.308845, -25.563401, 0.0 ], [ -49.309022, -25.563459, 0.0 ], [ -49.31551, -25.56307, 0.0 ], [ -49.315628, -25.563912, 0.0 ], [ -49.315328, -25.564608, 0.0 ], [ -49.315242, -25.565402, 0.0 ], [ -49.314792, -25.56605, 0.0 ], [ -49.314845, -25.566796, 0.0 ], [ -49.31491, -25.567541, 0.0 ], [ -49.310092, -25.56849, 0.0 ], [ -49.312951, -25.579747, 0.0 ], [ -49.318729, -25.607185, 0.0 ], [ -49.319416, -25.609894, 0.0 ], [ -49.317752, -25.615272, 0.0 ] ] ] } },
{ "type": "Feature", "properties": { "Name": "3004", "description": "descrição: <br>id: POSTO_06_DIURNO.16<br>tessellate: -1<br>extrude: 0<br>visibility: -1<br>IDENTIFICA: 4403004<br>SETOR: 3004 - TER/QUI/SAB - DIURNO - POSTO 06 - DOMICILIAR<br>APELIDO: 3004<br>MACROSETOR: POSTO 6 - DOMICILIAR<br>COR: 16776960<br>FREQUENCIA: TER/QUI/SAB - DIURNO<br>layer: 3004<br>path: G:/Drives compartilhados/J_NEGRAO_CCO/45 - Monitoramento/Paulo Lima/KMLKMZ Curitiba/Diurno/Ter-Qui-Sab/6/3004/3004 - TER/QUI/SAB - DIURNO - POSTO 06 - DOMICILIAR/3004.shp", "timestamp": null, "begin": null, "end": null, "altitudeMode": null, "tessellate": -1, "extrude": 0, "visibility": -1, "drawOrder": null, "icon": null, "descri____o": "", "id": "POSTO_06_DIURNO.16", "IDENTIFICA": "4403004", "SETOR": "3004 - TER/QUI/SAB - DIURNO - POSTO 06 - DOMICILIAR", "APELIDO": "3004", "MACROSETOR": "POSTO 6 - DOMICILIAR", "COR": "16776960", "FREQUENCIA": "TER/QUI/SAB - DIURNO", "layer": "3004", "path": "G:/Drives compartilhados/J_NEGRAO_CCO/45 - Monitoramento/Paulo Lima/KMLKMZ Curitiba/Diurno/Ter-Qui-Sab/6/3004/3004 - TER/QUI/SAB - DIURNO - POSTO 06 - DOMICILIAR/3004.shp", "OBJECTID": null, "TURNO": null, "POSTO": null, "FreqTurno": null, "X_SEMANA": null, "TER": null, "QUI": null, "SAB": null, "SEG": null, "QUA": null, "SEX": null }, "geometry": { "type": "Polygon", "coordinates": [ [ [ -49.299128, -25.529569, 0.0 ], [ -49.301274, -25.535429, 0.0 ], [ -49.303029, -25.544092, 0.0 ], [ -49.305187, -25.553752, 0.0 ], [ -49.296583, -25.554797, 0.0 ], [ -49.296695, -25.552729, 0.0 ], [ -49.292399, -25.552511, 0.0 ], [ -49.292463, -25.551587, 0.0 ], [ -49.293377, -25.547168, 0.0 ], [ -49.294468, -25.543757, 0.0 ], [ -49.294407, -25.541322, 0.0 ], [ -49.294536, -25.539463, 0.0 ], [ -49.295158, -25.536559, 0.0 ], [ -49.29593, -25.534255, 0.0 ], [ -49.297432, -25.532299, 0.0 ], [ -49.299128, -25.529569, 0.0 ] ] ] } },
{ "type": "Feature", "properties": { "Name": "3005", "description": "descrição: <br>id: POSTO_06_DIURNO.17<br>tessellate: -1<br>extrude: 0<br>visibility: -1<br>IDENTIFICA: 4403005<br>SETOR: 3005 - TER/QUI/SAB - DIURNO - POSTO 06 - DOMICILIAR<br>APELIDO: 3005<br>MACROSETOR: POSTO 6 - DOMICILIAR<br>COR: 16512<br>FREQUENCIA: TER/QUI/SAB - DIURNO<br>layer: 3005<br>path: G:/Drives compartilhados/J_NEGRAO_CCO/45 - Monitoramento/Paulo Lima/KMLKMZ Curitiba/Diurno/Ter-Qui-Sab/6/3005/3005 - TER/QUI/SAB - DIURNO - POSTO 06 - DOMICILIAR/3005.shp", "timestamp": null, "begin": null, "end": null, "altitudeMode": null, "tessellate": -1, "extrude": 0, "visibility": -1, "drawOrder": null, "icon": null, "descri____o": "", "id": "POSTO_06_DIURNO.17", "IDENTIFICA": "4403005", "SETOR": "3005 - TER/QUI/SAB - DIURNO - POSTO 06 - DOMICILIAR", "APELIDO": "3005", "MACROSETOR": "POSTO 6 - DOMICILIAR", "COR": "16512", "FREQUENCIA": "TER/QUI/SAB - DIURNO", "layer": "3005", "path": "G:/Drives compartilhados/J_NEGRAO_CCO/45 - Monitoramento/Paulo Lima/KMLKMZ Curitiba/Diurno/Ter-Qui-Sab/6/3005/3005 - TER/QUI/SAB - DIURNO - POSTO 06 - DOMICILIAR/3005.shp", "OBJECTID": null, "TURNO": null, "POSTO": null, "FreqTurno": null, "X_SEMANA": null, "TER": null, "QUI": null, "SAB": null, "SEG": null, "QUA": null, "SEX": null }, "geometry": { "type": "Polygon", "coordinates": [ [ [ -49.305187, -25.553752, 0.0 ], [ -49.306634, -25.559153, 0.0 ], [ -49.307994, -25.562066, 0.0 ], [ -49.304466, -25.56304, 0.0 ], [ -49.305595, -25.567849, 0.0 ], [ -49.303363, -25.567975, 0.0 ], [ -49.301953, -25.563275, 0.0 ], [ -49.294185, -25.563817, 0.0 ], [ -49.290377, -25.563227, 0.0 ], [ -49.290714, -25.562242, 0.0 ], [ -49.291551, -25.5597, 0.0 ], [ -49.291551, -25.557866, 0.0 ], [ -49.292383, -25.556255, 0.0 ], [ -49.293557, -25.554909, 0.0 ], [ -49.284207, -25.552503, 0.0 ], [ -49.280345, -25.55469, 0.0 ], [ -49.278768, -25.556141, 0.0 ], [ -49.275147, -25.558067, 0.0 ], [ -49.274245, -25.557538, 0.0 ], [ -49.271772, -25.556129, 0.0 ], [ -49.27829, -25.552223, 0.0 ], [ -49.280629, -25.550848, 0.0 ], [ -49.284835, -25.548738, 0.0 ], [ -49.287378, -25.547789, 0.0 ], [ -49.28962, -25.547073, 0.0 ], [ -49.291165, -25.546715, 0.0 ], [ -49.292474, -25.546405, 0.0 ], [ -49.293547, -25.546211, 0.0 ], [ -49.293182, -25.547625, 0.0 ], [ -49.292592, -25.550519, 0.0 ], [ -49.292396, -25.552845, 0.0 ], [ -49.293812, -25.552894, 0.0 ], [ -49.295472, -25.552954, 0.0 ], [ -49.296856, -25.553007, 0.0 ], [ -49.296923, -25.554745, 0.0 ], [ -49.305187, -25.553752, 0.0 ] ] ] } },
{ "type": "Feature", "properties": { "Name": "3006", "description": "descrição: <br>id: POSTO_06_DIURNO.18<br>tessellate: -1<br>extrude: 0<br>visibility: -1<br>IDENTIFICA: 4403006<br>SETOR: 3006 - TER/QUI/SAB - DIURNO - POSTO 06 - DOMICILIAR<br>APELIDO: 3006<br>MACROSETOR: POSTO 6 - DOMICILIAR<br>COR: 33023<br>FREQUENCIA: TER/QUI/SAB - DIURNO<br>layer: 3006<br>path: G:/Drives compartilhados/J_NEGRAO_CCO/45 - Monitoramento/Paulo Lima/KMLKMZ Curitiba/Diurno/Ter-Qui-Sab/6/3006/3006 - TER/QUI/SAB - DIURNO - POSTO 06 - DOMICILIAR/3006.shp", "timestamp": null, "begin": null, "end": null, "altitudeMode": null, "tessellate": -1, "extrude": 0, "visibility": -1, "drawOrder": null, "icon": null, "descri____o": "", "id": "POSTO_06_DIURNO.18", "IDENTIFICA": "4403006", "SETOR": "3006 - TER/QUI/SAB - DIURNO - POSTO 06 - DOMICILIAR", "APELIDO": "3006", "MACROSETOR": "POSTO 6 - DOMICILIAR", "COR": "33023", "FREQUENCIA": "TER/QUI/SAB - DIURNO", "layer": "3006", "path": "G:/Drives compartilhados/J_NEGRAO_CCO/45 - Monitoramento/Paulo Lima/KMLKMZ Curitiba/Diurno/Ter-Qui-Sab/6/3006/3006 - TER/QUI/SAB - DIURNO - POSTO 06 - DOMICILIAR/3006.shp", "OBJECTID": null, "TURNO": null, "POSTO": null, "FreqTurno": null, "X_SEMANA": null, "TER": null, "QUI": null, "SAB": null, "SEG": null, "QUA": null, "SEX": null }, "geometry": { "type": "Polygon", "coordinates": [ [ [ -49.293547, -25.546211, 0.0 ], [ -49.28962, -25.547073, 0.0 ], [ -49.287378, -25.547789, 0.0 ], [ -49.284835, -25.548738, 0.0 ], [ -49.279043, -25.551892, 0.0 ], [ -49.277026, -25.550847, 0.0 ], [ -49.280545, -25.54652, 0.0 ], [ -49.280993, -25.543999, 0.0 ], [ -49.281239, -25.542547, 0.0 ], [ -49.281679, -25.540069, 0.0 ], [ -49.281883, -25.539246, 0.0 ], [ -49.283696, -25.539565, 0.0 ], [ -49.285692, -25.539827, 0.0 ], [ -49.286808, -25.540001, 0.0 ], [ -49.294511, -25.541124, 0.0 ], [ -49.294468, -25.543757, 0.0 ], [ -49.293547, -25.546211, 0.0 ] ] ] } },
{ "type": "Feature", "properties": { "Name": "3007", "description": "descrição: <br>id: POSTO_06_DIURNO.19<br>tessellate: -1<br>extrude: 0<br>visibility: -1<br>IDENTIFICA: 4403007<br>SETOR: 3007 - TER/QUI/SAB - DIURNO - POSTO 06 - DOMICILIAR<br>APELIDO: 3007<br>MACROSETOR: POSTO 6 - DOMICILIAR<br>COR: 16711680<br>FREQUENCIA: TER/QUI/SAB - DIURNO<br>layer: 3007<br>path: G:/Drives compartilhados/J_NEGRAO_CCO/45 - Monitoramento/Paulo Lima/KMLKMZ Curitiba/Diurno/Ter-Qui-Sab/6/3007/3007 - TER/QUI/SAB - DIURNO - POSTO 06 - DOMICILIAR/3007.shp", "timestamp": null, "begin": null, "end": null, "altitudeMode": null, "tessellate": -1, "extrude": 0, "visibility": -1, "drawOrder": null, "icon": null, "descri____o": "", "id": "POSTO_06_DIURNO.19", "IDENTIFICA": "4403007", "SETOR": "3007 - TER/QUI/SAB - DIURNO - POSTO 06 - DOMICILIAR", "APELIDO": "3007", "MACROSETOR": "POSTO 6 - DOMICILIAR", "COR": "16711680", "FREQUENCIA": "TER/QUI/SAB - DIURNO", "layer": "3007", "path": "G:/Drives compartilhados/J_NEGRAO_CCO/45 - Monitoramento/Paulo Lima/KMLKMZ Curitiba/Diurno/Ter-Qui-Sab/6/3007/3007 - TER/QUI/SAB - DIURNO - POSTO 06 - DOMICILIAR/3007.shp", "OBJECTID": null, "TURNO": null, "POSTO": null, "FreqTurno": null, "X_SEMANA": null, "TER": null, "QUI": null, "SAB": null, "SEG": null, "QUA": null, "SEX": null }, "geometry": { "type": "Polygon", "coordinates": [ [ [ -49.276884, -25.550992, 0.0 ], [ -49.272964, -25.548499, 0.0 ], [ -49.273932, -25.546875, 0.0 ], [ -49.275201, -25.545174, 0.0 ], [ -49.274171, -25.544302, 0.0 ], [ -49.273152, -25.543872, 0.0 ], [ -49.271768, -25.543233, 0.0 ], [ -49.270738, -25.54303, 0.0 ], [ -49.270368, -25.542918, 0.0 ], [ -49.269933, -25.542507, 0.0 ], [ -49.272676, -25.540989, 0.0 ], [ -49.274919, -25.539726, 0.0 ], [ -49.276292, -25.538971, 0.0 ], [ -49.277644, -25.538168, 0.0 ], [ -49.282826, -25.536295, 0.0 ], [ -49.282686, -25.536851, 0.0 ], [ -49.283833, -25.537581, 0.0 ], [ -49.283028, -25.538911, 0.0 ], [ -49.282926, -25.539436, 0.0 ], [ -49.281883, -25.539246, 0.0 ], [ -49.280545, -25.54652, 0.0 ], [ -49.277251, -25.550556, 0.0 ], [ -49.277026, -25.550847, 0.0 ], [ -49.276884, -25.550992, 0.0 ] ] ] } },
{ "type": "Feature", "properties": { "Name": "3008", "description": "descrição: <br>id: POSTO_06_DIURNO.20<br>tessellate: -1<br>extrude: 0<br>visibility: -1<br>IDENTIFICA: 4403008<br>SETOR: 3008 - TER/QUI/SAB - DIURNO - POSTO 06 - DOMICILIAR<br>APELIDO: 3008<br>MACROSETOR: POSTO 6 - DOMICILIAR<br>COR: 32768<br>FREQUENCIA: TER/QUI/SAB - DIURNO<br>layer: 3008<br>path: G:/Drives compartilhados/J_NEGRAO_CCO/45 - Monitoramento/Paulo Lima/KMLKMZ Curitiba/Diurno/Ter-Qui-Sab/6/3008/3008 - TER/QUI/SAB - DIURNO - POSTO 06 - DOMICILIAR/3008.shp", "timestamp": null, "begin": null, "end": null, "altitudeMode": null, "tessellate": -1, "extrude": 0, "visibility": -1, "drawOrder": null, "icon": null, "descri____o": "", "id": "POSTO_06_DIURNO.20", "IDENTIFICA": "4403008", "SETOR": "3008 - TER/QUI/SAB - DIURNO - POSTO 06 - DOMICILIAR", "APELIDO": "3008", "MACROSETOR": "POSTO 6 - DOMICILIAR", "COR": "32768", "FREQUENCIA": "TER/QUI/SAB - DIURNO", "layer": "3008", "path": "G:/Drives compartilhados/J_NEGRAO_CCO/45 - Monitoramento/Paulo Lima/KMLKMZ Curitiba/Diurno/Ter-Qui-Sab/6/3008/3008 - TER/QUI/SAB - DIURNO - POSTO 06 - DOMICILIAR/3008.shp", "OBJECTID": null, "TURNO": null, "POSTO": null, "FreqTurno": null, "X_SEMANA": null, "TER": null, "QUI": null, "SAB": null, "SEG": null, "QUA": null, "SEX": null }, "geometry": { "type": "Polygon", "coordinates": [ [ [ -49.283182, -25.534126, 0.0 ], [ -49.283544, -25.533848, 0.0 ], [ -49.284045, -25.533519, 0.0 ], [ -49.284648, -25.533079, 0.0 ], [ -49.285078, -25.532763, 0.0 ], [ -49.285459, -25.532411, 0.0 ], [ -49.286417, -25.531717, 0.0 ], [ -49.287277, -25.531152, 0.0 ], [ -49.286564, -25.532995, 0.0 ], [ -49.286264, -25.533903, 0.0 ], [ -49.284723, -25.534465, 0.0 ], [ -49.284146, -25.535927, 0.0 ], [ -49.28245, -25.536357, 0.0 ], [ -49.279463, -25.537468, 0.0 ], [ -49.278665, -25.536702, 0.0 ], [ -49.278343, -25.53675, 0.0 ], [ -49.277758, -25.536614, 0.0 ], [ -49.277141, -25.536498, 0.0 ], [ -49.270755, -25.534965, 0.0 ], [ -49.272408, -25.531131, 0.0 ], [ -49.273111, -25.529984, 0.0 ], [ -49.2767, -25.530623, 0.0 ], [ -49.279542, -25.531737, 0.0 ], [ -49.280744, -25.532918, 0.0 ], [ -49.283182, -25.534126, 0.0 ] ] ] } },
{ "type": "Feature", "properties": { "Name": "3009", "description": "descrição: <br>id: POSTO_06_DIURNO.21<br>tessellate: -1<br>extrude: 0<br>visibility: -1<br>IDENTIFICA: 4403009<br>SETOR: 3009 - TER/QUI/SAB - DIURNO - POSTO 06 - DOMICILIAR<br>APELIDO: 3009<br>MACROSETOR: POSTO 6 - DOMICILIAR<br>COR: 65535<br>FREQUENCIA: TER/QUI/SAB - DIURNO<br>layer: 3009<br>path: G:/Drives compartilhados/J_NEGRAO_CCO/45 - Monitoramento/Paulo Lima/KMLKMZ Curitiba/Diurno/Ter-Qui-Sab/6/3009/3009 - TER/QUI/SAB - DIURNO - POSTO 06 - DOMICILIAR/3009.shp", "timestamp": null, "begin": null, "end": null, "altitudeMode": null, "tessellate": -1, "extrude": 0, "visibility": -1, "drawOrder": null, "icon": null, "descri____o": "", "id": "POSTO_06_DIURNO.21", "IDENTIFICA": "4403009", "SETOR": "3009 - TER/QUI/SAB - DIURNO - POSTO 06 - DOMICILIAR", "APELIDO": "3009", "MACROSETOR": "POSTO 6 - DOMICILIAR", "COR": "65535", "FREQUENCIA": "TER/QUI/SAB - DIURNO", "layer": "3009", "path": "G:/Drives compartilhados/J_NEGRAO_CCO/45 - Monitoramento/Paulo Lima/KMLKMZ Curitiba/Diurno/Ter-Qui-Sab/6/3009/3009 - TER/QUI/SAB - DIURNO - POSTO 06 - DOMICILIAR/3009.shp", "OBJECTID": null, "TURNO": null, "POSTO": null, "FreqTurno": null, "X_SEMANA": null, "TER": null, "QUI": null, "SAB": null, "SEG": null, "QUA": null, "SEX": null }, "geometry": { "type": "MultiPolygon", "coordinates": [ [ [ [ -49.332519, -25.553603, 0.0 ], [ -49.332683, -25.552794, 0.0 ], [ -49.33209, -25.552548, 0.0 ], [ -49.317222, -25.546781, 0.0 ], [ -49.315167, -25.545793, 0.0 ], [ -49.310366, -25.543974, 0.0 ], [ -49.307867, -25.543559, 0.0 ], [ -49.307599, -25.543375, 0.0 ], [ -49.307877, -25.543276, 0.0 ], [ -49.308402, -25.543267, 0.0 ], [ -49.309014, -25.543402, 0.0 ], [ -49.310065, -25.543557, 0.0 ], [ -49.311428, -25.54407, 0.0 ], [ -49.312973, -25.544583, 0.0 ], [ -49.315838, -25.545638, 0.0 ], [ -49.316667, -25.546041, 0.0 ], [ -49.318001, -25.546636, 0.0 ], [ -49.319482, -25.547198, 0.0 ], [ -49.322483, -25.548508, 0.0 ], [ -49.332697, -25.552412, 0.0 ], [ -49.333406, -25.552543, 0.0 ], [ -49.333406, -25.552698, 0.0 ], [ -49.332846, -25.553627, 0.0 ], [ -49.332519, -25.553603, 0.0 ] ] ], [ [ [ -49.333174, -25.555123, 0.0 ], [ -49.331996, -25.557432, 0.0 ], [ -49.333299, -25.556831, 0.0 ], [ -49.33419, -25.556386, 0.0 ], [ -49.335668, -25.556993, 0.0 ], [ -49.335085, -25.558375, 0.0 ], [ -49.336014, -25.558757, 0.0 ], [ -49.335388, -25.559876, 0.0 ], [ -49.335288, -25.559977, 0.0 ], [ -49.335751, -25.560828, 0.0 ], [ -49.334824, -25.561261, 0.0 ], [ -49.335032, -25.56167, 0.0 ], [ -49.33415, -25.562089, 0.0 ], [ -49.334132, -25.562234, 0.0 ], [ -49.333003, -25.564506, 0.0 ], [ -49.332436, -25.564782, 0.0 ], [ -49.330931, -25.561998, 0.0 ], [ -49.330834, -25.561855, 0.0 ], [ -49.330454, -25.561778, 0.0 ], [ -49.329963, -25.561567, 0.0 ], [ -49.328295, -25.564938, 0.0 ], [ -49.328139, -25.564962, 0.0 ], [ -49.327882, -25.564797, 0.0 ], [ -49.327774, -25.564512, 0.0 ], [ -49.327882, -25.564415, 0.0 ], [ -49.32763, -25.564047, 0.0 ], [ -49.325201, -25.565196, 0.0 ], [ -49.325266, -25.566546, 0.0 ], [ -49.324976, -25.566114, 0.0 ], [ -49.324847, -25.564875, 0.0 ], [ -49.324117, -25.563714, 0.0 ], [ -49.326048, -25.562126, 0.0 ], [ -49.325561, -25.56033, 0.0 ], [ -49.326934, -25.557523, 0.0 ], [ -49.325454, -25.555403, 0.0 ], [ -49.326205, -25.554648, 0.0 ], [ -49.328984, -25.554783, 0.0 ], [ -49.330829, -25.554638, 0.0 ], [ -49.332481, -25.554232, 0.0 ], [ -49.332519, -25.553603, 0.0 ], [ -49.332846, -25.553627, 0.0 ], [ -49.333174, -25.555123, 0.0 ] ] ] ] } },
{ "type": "Feature", "properties": { "Name": "3010", "description": "descrição: <br>id: POSTO_06_DIURNO.22<br>tessellate: -1<br>extrude: 0<br>visibility: -1<br>IDENTIFICA: 4403010<br>SETOR: 3010 - TER/QUI/SAB - DIURNO - POSTO 06 - DOMICILIAR<br>APELIDO: 3010<br>MACROSETOR: POSTO 6 - DOMICILIAR<br>COR: 255<br>FREQUENCIA: TER/QUI/SAB - DIURNO<br>layer: 3010<br>path: G:/Drives compartilhados/J_NEGRAO_CCO/45 - Monitoramento/Paulo Lima/KMLKMZ Curitiba/Diurno/Ter-Qui-Sab/6/3010/3010 - TER/QUI/SAB - DIURNO - POSTO 06 - DOMICILIAR/3010.shp", "timestamp": null, "begin": null, "end": null, "altitudeMode": null, "tessellate": -1, "extrude": 0, "visibility": -1, "drawOrder": null, "icon": null, "descri____o": "", "id": "POSTO_06_DIURNO.22", "IDENTIFICA": "4403010", "SETOR": "3010 - TER/QUI/SAB - DIURNO - POSTO 06 - DOMICILIAR", "APELIDO": "3010", "MACROSETOR": "POSTO 6 - DOMICILIAR", "COR": "255", "FREQUENCIA": "TER/QUI/SAB - DIURNO", "layer": "3010", "path": "G:/Drives compartilhados/J_NEGRAO_CCO/45 - Monitoramento/Paulo Lima/KMLKMZ Curitiba/Diurno/Ter-Qui-Sab/6/3010/3010 - TER/QUI/SAB - DIURNO - POSTO 06 - DOMICILIAR/3010.shp", "OBJECTID": null, "TURNO": null, "POSTO": null, "FreqTurno": null, "X_SEMANA": null, "TER": null, "QUI": null, "SAB": null, "SEG": null, "QUA": null, "SEX": null }, "geometry": { "type": "Polygon", "coordinates": [ [ [ -49.308845, -25.563401, 0.0 ], [ -49.307492, -25.560392, 0.0 ], [ -49.306848, -25.559153, 0.0 ], [ -49.303029, -25.544092, 0.0 ], [ -49.307975, -25.543608, 0.0 ], [ -49.310473, -25.544109, 0.0 ], [ -49.315538, -25.546163, 0.0 ], [ -49.31835, -25.547218, 0.0 ], [ -49.322298, -25.548815, 0.0 ], [ -49.327233, -25.550732, 0.0 ], [ -49.332855, -25.552842, 0.0 ], [ -49.332567, -25.554309, 0.0 ], [ -49.330915, -25.554716, 0.0 ], [ -49.329069, -25.554861, 0.0 ], [ -49.326291, -25.554725, 0.0 ], [ -49.32554, -25.55548, 0.0 ], [ -49.32702, -25.5576, 0.0 ], [ -49.325647, -25.560407, 0.0 ], [ -49.326134, -25.562204, 0.0 ], [ -49.324203, -25.563791, 0.0 ], [ -49.324932, -25.564953, 0.0 ], [ -49.325061, -25.566192, 0.0 ], [ -49.32424, -25.566518, 0.0 ], [ -49.323317, -25.567235, 0.0 ], [ -49.320871, -25.568783, 0.0 ], [ -49.318897, -25.568551, 0.0 ], [ -49.318253, -25.567544, 0.0 ], [ -49.31761, -25.566693, 0.0 ], [ -49.31658, -25.56677, 0.0 ], [ -49.315893, -25.567235, 0.0 ], [ -49.31491, -25.567541, 0.0 ], [ -49.314792, -25.56605, 0.0 ], [ -49.315242, -25.565402, 0.0 ], [ -49.315119, -25.564989, 0.0 ], [ -49.315628, -25.563912, 0.0 ], [ -49.31551, -25.56307, 0.0 ], [ -49.308845, -25.563401, 0.0 ] ] ] } },
{ "type": "Feature", "properties": { "Name": "3011", "description": "descrição: <br>id: POSTO_06_DIURNO.23<br>tessellate: -1<br>extrude: 0<br>visibility: -1<br>IDENTIFICA: 4403011<br>SETOR: 3011 - TER/QUI/SAB - DIURNO - POSTO 06 - DOMICILIAR<br>APELIDO: 3011<br>MACROSETOR: POSTO 6 - DOMICILIAR<br>COR: 65535<br>FREQUENCIA: TER/QUI/SAB - DIURNO<br>layer: 3011<br>path: G:/Drives compartilhados/J_NEGRAO_CCO/45 - Monitoramento/Paulo Lima/KMLKMZ Curitiba/Diurno/Ter-Qui-Sab/6/3011/3011 - TER/QUI/SAB - DIURNO - POSTO 06 - DOMICILIAR/3011.shp", "timestamp": null, "begin": null, "end": null, "altitudeMode": null, "tessellate": -1, "extrude": 0, "visibility": -1, "drawOrder": null, "icon": null, "descri____o": "", "id": "POSTO_06_DIURNO.23", "IDENTIFICA": "4403011", "SETOR": "3011 - TER/QUI/SAB - DIURNO - POSTO 06 - DOMICILIAR", "APELIDO": "3011", "MACROSETOR": "POSTO 6 - DOMICILIAR", "COR": "65535", "FREQUENCIA": "TER/QUI/SAB - DIURNO", "layer": "3011", "path": "G:/Drives compartilhados/J_NEGRAO_CCO/45 - Monitoramento/Paulo Lima/KMLKMZ Curitiba/Diurno/Ter-Qui-Sab/6/3011/3011 - TER/QUI/SAB - DIURNO - POSTO 06 - DOMICILIAR/3011.shp", "OBJECTID": null, "TURNO": null, "POSTO": null, "FreqTurno": null, "X_SEMANA": null, "TER": null, "QUI": null, "SAB": null, "SEG": null, "QUA": null, "SEX": null }, "geometry": { "type": "Polygon", "coordinates": [ [ [ -49.265885, -25.525954, 0.0 ], [ -49.266321, -25.525566, 0.0 ], [ -49.26675, -25.525236, 0.0 ], [ -49.267115, -25.524171, 0.0 ], [ -49.26733, -25.522893, 0.0 ], [ -49.267888, -25.521983, 0.0 ], [ -49.26881, -25.520957, 0.0 ], [ -49.269583, -25.520182, 0.0 ], [ -49.269776, -25.519524, 0.0 ], [ -49.269996, -25.518774, 0.0 ], [ -49.27065, -25.518648, 0.0 ], [ -49.271392, -25.518462, 0.0 ], [ -49.275276, -25.515654, 0.0 ], [ -49.277168, -25.518198, 0.0 ], [ -49.271821, -25.521817, 0.0 ], [ -49.274268, -25.522587, 0.0 ], [ -49.276034, -25.522698, 0.0 ], [ -49.271093, -25.529402, 0.0 ], [ -49.269468, -25.527319, 0.0 ], [ -49.268567, -25.527029, 0.0 ], [ -49.267955, -25.526467, 0.0 ], [ -49.266743, -25.526525, 0.0 ], [ -49.265885, -25.525954, 0.0 ] ] ] } },
{ "type": "Feature", "properties": { "Name": "3012", "description": "descrição: <br>id: POSTO_06_DIURNO.24<br>tessellate: -1<br>extrude: 0<br>visibility: -1<br>IDENTIFICA: 4403012<br>SETOR: 3012 - TER/QUI/SAB - DIURNO - POSTO 06 - DOMICILIAR<br>APELIDO: 3012<br>MACROSETOR: POSTO 6 - DOMICILIAR<br>COR: 16711680<br>FREQUENCIA: TER/QUI/SAB - DIURNO<br>layer: 3012<br>path: G:/Drives compartilhados/J_NEGRAO_CCO/45 - Monitoramento/Paulo Lima/KMLKMZ Curitiba/Diurno/Ter-Qui-Sab/6/3012/3012 - TER/QUI/SAB - DIURNO - POSTO 06 - DOMICILIAR/3012.shp", "timestamp": null, "begin": null, "end": null, "altitudeMode": null, "tessellate": -1, "extrude": 0, "visibility": -1, "drawOrder": null, "icon": null, "descri____o": "", "id": "POSTO_06_DIURNO.24", "IDENTIFICA": "4403012", "SETOR": "3012 - TER/QUI/SAB - DIURNO - POSTO 06 - DOMICILIAR", "APELIDO": "3012", "MACROSETOR": "POSTO 6 - DOMICILIAR", "COR": "16711680", "FREQUENCIA": "TER/QUI/SAB - DIURNO", "layer": "3012", "path": "G:/Drives compartilhados/J_NEGRAO_CCO/45 - Monitoramento/Paulo Lima/KMLKMZ Curitiba/Diurno/Ter-Qui-Sab/6/3012/3012 - TER/QUI/SAB - DIURNO - POSTO 06 - DOMICILIAR/3012.shp", "OBJECTID": null, "TURNO": null, "POSTO": null, "FreqTurno": null, "X_SEMANA": null, "TER": null, "QUI": null, "SAB": null, "SEG": null, "QUA": null, "SEX": null }, "geometry": { "type": "Polygon", "coordinates": [ [ [ -49.291893, -25.527613, 0.0 ], [ -49.290319, -25.528962, 0.0 ], [ -49.28726, -25.531114, 0.0 ], [ -49.286894, -25.531366, 0.0 ], [ -49.2865, -25.531676, 0.0 ], [ -49.28586, -25.532103, 0.0 ], [ -49.285218, -25.532621, 0.0 ], [ -49.284785, -25.53297, 0.0 ], [ -49.284512, -25.533154, 0.0 ], [ -49.284045, -25.533519, 0.0 ], [ -49.283544, -25.533848, 0.0 ], [ -49.282198, -25.534874, 0.0 ], [ -49.281455, -25.534105, 0.0 ], [ -49.282179, -25.53362, 0.0 ], [ -49.280766, -25.532966, 0.0 ], [ -49.279564, -25.531785, 0.0 ], [ -49.276721, -25.530671, 0.0 ], [ -49.273325, -25.530052, 0.0 ], [ -49.271882, -25.529904, 0.0 ], [ -49.271217, -25.529507, 0.0 ], [ -49.271082, -25.529402, 0.0 ], [ -49.276023, -25.522698, 0.0 ], [ -49.277632, -25.523134, 0.0 ], [ -49.278057, -25.523334, 0.0 ], [ -49.278676, -25.523376, 0.0 ], [ -49.279181, -25.523492, 0.0 ], [ -49.280036, -25.523524, 0.0 ], [ -49.280471, -25.523652, 0.0 ], [ -49.282128, -25.524707, 0.0 ], [ -49.283993, -25.525912, 0.0 ], [ -49.283807, -25.526289, 0.0 ], [ -49.284733, -25.526897, 0.0 ], [ -49.285703, -25.527416, 0.0 ], [ -49.285907, -25.527518, 0.0 ], [ -49.286143, -25.527162, 0.0 ], [ -49.287281, -25.52758, 0.0 ], [ -49.288348, -25.527914, 0.0 ], [ -49.289247, -25.527128, 0.0 ], [ -49.289873, -25.526328, 0.0 ], [ -49.290778, -25.526806, 0.0 ], [ -49.291893, -25.527613, 0.0 ] ] ] } },
{ "type": "Feature", "properties": { "Name": "3013", "description": "descrição: <br>id: POSTO_06_DIURNO.25<br>tessellate: -1<br>extrude: 0<br>visibility: -1<br>IDENTIFICA: 4403013<br>SETOR: 3013 - TER/QUI/SAB - DIURNO - POSTO 06 - DOMICILIAR<br>APELIDO: 3013<br>MACROSETOR: POSTO 6 - DOMICILIAR<br>COR: 255<br>FREQUENCIA: TER/QUI/SAB - DIURNO<br>layer: 3013<br>path: G:/Drives compartilhados/J_NEGRAO_CCO/45 - Monitoramento/Paulo Lima/KMLKMZ Curitiba/Diurno/Ter-Qui-Sab/6/3013/3013 - TER/QUI/SAB - DIURNO - POSTO 06 - DOMICILIAR/3013.shp", "timestamp": null, "begin": null, "end": null, "altitudeMode": null, "tessellate": -1, "extrude": 0, "visibility": -1, "drawOrder": null, "icon": null, "descri____o": "", "id": "POSTO_06_DIURNO.25", "IDENTIFICA": "4403013", "SETOR": "3013 - TER/QUI/SAB - DIURNO - POSTO 06 - DOMICILIAR", "APELIDO": "3013", "MACROSETOR": "POSTO 6 - DOMICILIAR", "COR": "255", "FREQUENCIA": "TER/QUI/SAB - DIURNO", "layer": "3013", "path": "G:/Drives compartilhados/J_NEGRAO_CCO/45 - Monitoramento/Paulo Lima/KMLKMZ Curitiba/Diurno/Ter-Qui-Sab/6/3013/3013 - TER/QUI/SAB - DIURNO - POSTO 06 - DOMICILIAR/3013.shp", "OBJECTID": null, "TURNO": null, "POSTO": null, "FreqTurno": null, "X_SEMANA": null, "TER": null, "QUI": null, "SAB": null, "SEG": null, "QUA": null, "SEX": null }, "geometry": { "type": "Polygon", "coordinates": [ [ [ -49.283912, -25.528266, 0.0 ], [ -49.2833, -25.528728, 0.0 ], [ -49.281904, -25.52806, 0.0 ], [ -49.280487, -25.527422, 0.0 ], [ -49.278891, -25.526831, 0.0 ], [ -49.277596, -25.526415, 0.0 ], [ -49.278009, -25.525001, 0.0 ], [ -49.278018, -25.523512, 0.0 ], [ -49.2776, -25.523114, 0.0 ], [ -49.275991, -25.522678, 0.0 ], [ -49.274079, -25.522553, 0.0 ], [ -49.271778, -25.521798, 0.0 ], [ -49.273114, -25.520888, 0.0 ], [ -49.274235, -25.520181, 0.0 ], [ -49.274616, -25.519886, 0.0 ], [ -49.275495, -25.51931, 0.0 ], [ -49.277125, -25.518178, 0.0 ], [ -49.278274, -25.51957, 0.0 ], [ -49.282909, -25.516423, 0.0 ], [ -49.285498, -25.519797, 0.0 ], [ -49.286796, -25.519013, 0.0 ], [ -49.287188, -25.519449, 0.0 ], [ -49.287424, -25.519543, 0.0 ], [ -49.287585, -25.51957, 0.0 ], [ -49.287574, -25.519768, 0.0 ], [ -49.287698, -25.522673, 0.0 ], [ -49.286417, -25.524475, 0.0 ], [ -49.284863, -25.524593, 0.0 ], [ -49.283912, -25.525778, 0.0 ], [ -49.284684, -25.526912, 0.0 ], [ -49.283912, -25.528266, 0.0 ] ] ] } },
{ "type": "Feature", "properties": { "Name": "3019", "description": "descrição: <br>id: POSTO_06_DIURNO.26<br>tessellate: -1<br>extrude: 0<br>visibility: -1<br>IDENTIFICA: 4403019<br>SETOR: 3019 - TER/QUI/SAB - DIURNO - POSTO 06 - DOMICILIAR<br>APELIDO: 3019<br>MACROSETOR: POSTO 6 - DOMICILIAR<br>COR: 8388736<br>FREQUENCIA: TER/QUI/SAB - DIURNO<br>layer: 3019<br>path: G:/Drives compartilhados/J_NEGRAO_CCO/45 - Monitoramento/Paulo Lima/KMLKMZ Curitiba/Diurno/Ter-Qui-Sab/6/3019/3019 - TER/QUI/SAB - DIURNO - POSTO 06 - DOMICILIAR/3019.shp", "timestamp": null, "begin": null, "end": null, "altitudeMode": null, "tessellate": -1, "extrude": 0, "visibility": -1, "drawOrder": null, "icon": null, "descri____o": "", "id": "POSTO_06_DIURNO.26", "IDENTIFICA": "4403019", "SETOR": "3019 - TER/QUI/SAB - DIURNO - POSTO 06 - DOMICILIAR", "APELIDO": "3019", "MACROSETOR": "POSTO 6 - DOMICILIAR", "COR": "8388736", "FREQUENCIA": "TER/QUI/SAB - DIURNO", "layer": "3019", "path": "G:/Drives compartilhados/J_NEGRAO_CCO/45 - Monitoramento/Paulo Lima/KMLKMZ Curitiba/Diurno/Ter-Qui-Sab/6/3019/3019 - TER/QUI/SAB - DIURNO - POSTO 06 - DOMICILIAR/3019.shp", "OBJECTID": null, "TURNO": null, "POSTO": null, "FreqTurno": null, "X_SEMANA": null, "TER": null, "QUI": null, "SAB": null, "SEG": null, "QUA": null, "SEX": null }, "geometry": { "type": "Polygon", "coordinates": [ [ [ -49.284146, -25.535927, 0.0 ], [ -49.284723, -25.534465, 0.0 ], [ -49.286264, -25.533903, 0.0 ], [ -49.287115, -25.531404, 0.0 ], [ -49.288117, -25.530624, 0.0 ], [ -49.290016, -25.52924, 0.0 ], [ -49.291754, -25.527681, 0.0 ], [ -49.294586, -25.530024, 0.0 ], [ -49.297397, -25.532173, 0.0 ], [ -49.29578, -25.534322, 0.0 ], [ -49.295008, -25.536626, 0.0 ], [ -49.294479, -25.539395, 0.0 ], [ -49.294361, -25.541192, 0.0 ], [ -49.281733, -25.539314, 0.0 ], [ -49.281292, -25.538797, 0.0 ], [ -49.282536, -25.536919, 0.0 ], [ -49.28245, -25.536357, 0.0 ], [ -49.283825, -25.535949, 0.0 ], [ -49.284146, -25.535927, 0.0 ] ] ] } },
{ "type": "Feature", "properties": { "Name": "2002", "description": "descrição: <br>id: <br>tessellate: <br>extrude: <br>visibility: <br>IDENTIFICA: <br>SETOR: 2002 - SEG/QUA/SEX - DIURNO - POSTO 06 - DOMICILIAR<br>APELIDO: 2002<br>MACROSETOR: POSTO 6 - DOMICILIAR<br>COR: <br>FREQUENCIA: SEG/QUA/SEX - DIURNO<br>layer: <br>path: ", "timestamp": null, "begin": null, "end": null, "altitudeMode": null, "tessellate": 0, "extrude": 0, "visibility": 0, "drawOrder": null, "icon": null, "descri____o": "", "id": "", "IDENTIFICA": "", "SETOR": "2002 - SEG/QUA/SEX - DIURNO - POSTO 06 - DOMICILIAR", "APELIDO": "2002", "MACROSETOR": "POSTO 6 - DOMICILIAR", "COR": "", "FREQUENCIA": "SEG/QUA/SEX - DIURNO", "layer": "", "path": "", "OBJECTID": null, "TURNO": null, "POSTO": null, "FreqTurno": null, "X_SEMANA": null, "TER": null, "QUI": null, "SAB": null, "SEG": null, "QUA": null, "SEX": null }, "geometry": { "type": "Polygon", "coordinates": [ [ [ -49.348352, -25.418986, 0.0 ], [ -49.360405, -25.418609, 0.0 ], [ -49.364214, -25.417572, 0.0 ], [ -49.366612, -25.423303, 0.0 ], [ -49.367256, -25.425513, 0.0 ], [ -49.366312, -25.428943, 0.0 ], [ -49.367703, -25.429343, 0.0 ], [ -49.367369, -25.432286, 0.0 ], [ -49.365661, -25.432127, 0.0 ], [ -49.353127, -25.430512, 0.0 ], [ -49.35377, -25.429543, 0.0 ], [ -49.353566, -25.427761, 0.0 ], [ -49.35244, -25.42474, 0.0 ], [ -49.34851, -25.421638, 0.0 ], [ -49.348296, -25.421056, 0.0 ], [ -49.348352, -25.418986, 0.0 ] ] ] } },
{ "type": "Feature", "properties": { "Name": "2001", "description": "descrição: <br>id: <br>tessellate: <br>extrude: <br>visibility: <br>IDENTIFICA: 4402001<br>SETOR: 2001 - SEG/QUA/SEX - DIURNO - POSTO 06 - DOMICILIAR<br>APELIDO: 2001<br>MACROSETOR: POSTO 6 - DOMICILIAR<br>COR: <br>FREQUENCIA: SEG/QUA/SEX - DIURNO<br>layer: <br>path: ", "timestamp": null, "begin": null, "end": null, "altitudeMode": null, "tessellate": 0, "extrude": 0, "visibility": 0, "drawOrder": null, "icon": null, "descri____o": "", "id": "", "IDENTIFICA": "4402001", "SETOR": "2001 - SEG/QUA/SEX - DIURNO - POSTO 06 - DOMICILIAR", "APELIDO": "2001", "MACROSETOR": "POSTO 6 - DOMICILIAR", "COR": "", "FREQUENCIA": "SEG/QUA/SEX - DIURNO", "layer": "", "path": "", "OBJECTID": null, "TURNO": null, "POSTO": null, "FreqTurno": null, "X_SEMANA": null, "TER": null, "QUI": null, "SAB": null, "SEG": null, "QUA": null, "SEX": null }, "geometry": { "type": "Polygon", "coordinates": [ [ [ -49.354889, -25.430906, 0.0 ], [ -49.354954, -25.434414, 0.0 ], [ -49.355363, -25.43479, 0.0 ], [ -49.355224, -25.438536, 0.0 ], [ -49.355138, -25.440079, 0.0 ], [ -49.354184, -25.439947, 0.0 ], [ -49.353712, -25.439356, 0.0 ], [ -49.352489, -25.438523, 0.0 ], [ -49.352488, -25.437746, 0.0 ], [ -49.352124, -25.437737, 0.0 ], [ -49.350787, -25.436858, 0.0 ], [ -49.350606, -25.436753, 0.0 ], [ -49.350116, -25.436471, 0.0 ], [ -49.34965, -25.436141, 0.0 ], [ -49.349152, -25.435876, 0.0 ], [ -49.349055, -25.436113, 0.0 ], [ -49.348829, -25.436427, 0.0 ], [ -49.346973, -25.434799, 0.0 ], [ -49.345986, -25.435342, 0.0 ], [ -49.34516, -25.436737, 0.0 ], [ -49.34442, -25.436718, 0.0 ], [ -49.344001, -25.435584, 0.0 ], [ -49.340257, -25.435633, 0.0 ], [ -49.339763, -25.435071, 0.0 ], [ -49.338952, -25.433242, 0.0 ], [ -49.338888, -25.431381, 0.0 ], [ -49.338694, -25.430529, 0.0 ], [ -49.339706, -25.430467, 0.0 ], [ -49.341551, -25.427008, 0.0 ], [ -49.341519, -25.425234, 0.0 ], [ -49.341423, -25.424711, 0.0 ], [ -49.341349, -25.423867, 0.0 ], [ -49.343446, -25.42406, 0.0 ], [ -49.344455, -25.423712, 0.0 ], [ -49.345614, -25.423188, 0.0 ], [ -49.346558, -25.422277, 0.0 ], [ -49.347759, -25.421425, 0.0 ], [ -49.348317, -25.421134, 0.0 ], [ -49.348532, -25.421715, 0.0 ], [ -49.349669, -25.422665, 0.0 ], [ -49.352461, -25.424817, 0.0 ], [ -49.353492, -25.427605, 0.0 ], [ -49.353792, -25.42962, 0.0 ], [ -49.353148, -25.43059, 0.0 ], [ -49.354889, -25.430906, 0.0 ] ] ] } },
{ "type": "Feature", "properties": { "Name": "1001", "description": "descrição: <br>IDENTIFICA: 4401001<br>SETOR: 1001 - DIARIO DIURNO - POSTO 07 - DOMICILIAR<br>APELIDO: 1001<br>MACROSETOR: POSTO 7 - DOMICILIAR<br>COR: 16744576.000<br>FREQUENCIA: DIARIO - DIURNO<br>id: <br>tessellate: <br>extrude: <br>visibility: <br>layer: <br>path: ", "timestamp": null, "begin": null, "end": null, "altitudeMode": null, "tessellate": 0, "extrude": 0, "visibility": 0, "drawOrder": null, "icon": null, "descri____o": "", "id": "", "IDENTIFICA": "4401001", "SETOR": "1001 - DIARIO DIURNO - POSTO 07 - DOMICILIAR", "APELIDO": "1001", "MACROSETOR": "POSTO 7 - DOMICILIAR", "COR": "16744576.000", "FREQUENCIA": "DIARIO - DIURNO", "layer": "", "path": "", "OBJECTID": null, "TURNO": null, "POSTO": null, "FreqTurno": null, "X_SEMANA": null, "TER": null, "QUI": null, "SAB": null, "SEG": null, "QUA": null, "SEX": null }, "geometry": { "type": "Polygon", "coordinates": [ [ [ -49.255293, -25.465149, 0.0 ], [ -49.255304, -25.465149, 0.0 ], [ -49.255336, -25.465169, 0.0 ], [ -49.255368, -25.465081, 0.0 ], [ -49.260936, -25.467343, 0.0 ], [ -49.260244, -25.468738, 0.0 ], [ -49.261215, -25.469145, 0.0 ], [ -49.261703, -25.469314, 0.0 ], [ -49.262184, -25.469544, 0.0 ], [ -49.262615, -25.469697, 0.0 ], [ -49.263087, -25.469803, 0.0 ], [ -49.264053, -25.469881, 0.0 ], [ -49.264638, -25.469852, 0.0 ], [ -49.264933, -25.4699, 0.0 ], [ -49.265239, -25.469911, 0.0 ], [ -49.26658, -25.469905, 0.0 ], [ -49.267368, -25.4699, 0.0 ], [ -49.268168, -25.469915, 0.0 ], [ -49.270413, -25.46525, 0.0 ], [ -49.271654, -25.46264, 0.0 ], [ -49.270163, -25.462045, 0.0 ], [ -49.269412, -25.461764, 0.0 ], [ -49.268672, -25.461468, 0.0 ], [ -49.265732, -25.460282, 0.0 ], [ -49.267872, -25.455811, 0.0 ], [ -49.270383, -25.458068, 0.0 ], [ -49.271016, -25.45863, 0.0 ], [ -49.271628, -25.459192, 0.0 ], [ -49.272867, -25.460306, 0.0 ], [ -49.271964, -25.462203, 0.0 ], [ -49.27247, -25.462564, 0.0 ], [ -49.272287, -25.46272, 0.0 ], [ -49.271923, -25.462366, 0.0 ], [ -49.27054, -25.465257, 0.0 ], [ -49.271654, -25.466283, 0.0 ], [ -49.270399, -25.469062, 0.0 ], [ -49.269809, -25.470244, 0.0 ], [ -49.270657, -25.470661, 0.0 ], [ -49.270367, -25.47098, 0.0 ], [ -49.269251, -25.473625, 0.0 ], [ -49.260267, -25.471544, 0.0 ], [ -49.255797, -25.470419, 0.0 ], [ -49.254939, -25.470109, 0.0 ], [ -49.25363, -25.468375, 0.0 ], [ -49.254317, -25.46697, 0.0 ], [ -49.255293, -25.465149, 0.0 ] ] ] } },
{ "type": "Feature", "properties": { "Name": "1002", "description": "descrição: <br>IDENTIFICA: 4401002<br>SETOR: 1002 - DIARIO DIURNO - POSTO 07 - DOMICILIAR<br>APELIDO: 1002<br>MACROSETOR: POSTO 7 - DOMICILIAR<br>COR: 8404992.000<br>FREQUENCIA: DIARIO - DIURNO<br>id: <br>tessellate: <br>extrude: <br>visibility: <br>layer: <br>path: ", "timestamp": null, "begin": null, "end": null, "altitudeMode": null, "tessellate": 0, "extrude": 0, "visibility": 0, "drawOrder": null, "icon": null, "descri____o": "", "id": "", "IDENTIFICA": "4401002", "SETOR": "1002 - DIARIO DIURNO - POSTO 07 - DOMICILIAR", "APELIDO": "1002", "MACROSETOR": "POSTO 7 - DOMICILIAR", "COR": "8404992.000", "FREQUENCIA": "DIARIO - DIURNO", "layer": "", "path": "", "OBJECTID": null, "TURNO": null, "POSTO": null, "FreqTurno": null, "X_SEMANA": null, "TER": null, "QUI": null, "SAB": null, "SEG": null, "QUA": null, "SEX": null }, "geometry": { "type": "Polygon", "coordinates": [ [ [ -49.25111, -25.442292, 0.0 ], [ -49.25184, -25.442088, 0.0 ], [ -49.253147, -25.441454, 0.0 ], [ -49.255143, -25.440756, 0.0 ], [ -49.256796, -25.440577, 0.0 ], [ -49.256924, -25.440737, 0.0 ], [ -49.257868, -25.441066, 0.0 ], [ -49.254714, -25.448119, 0.0 ], [ -49.254199, -25.452498, 0.0 ], [ -49.252827, -25.452271, 0.0 ], [ -49.252848, -25.453162, 0.0 ], [ -49.249801, -25.458413, 0.0 ], [ -49.248793, -25.45634, 0.0 ], [ -49.247484, -25.454557, 0.0 ], [ -49.245617, -25.45386, 0.0 ], [ -49.243084, -25.453157, 0.0 ], [ -49.246668, -25.44826, 0.0 ], [ -49.247997, -25.446337, 0.0 ], [ -49.25111, -25.442292, 0.0 ] ] ] } },
{ "type": "Feature", "properties": { "Name": "1003", "description": "descrição: <br>IDENTIFICA: 4401003<br>SETOR: 1003 - DIARIO DIURNO - POSTO 07 - DOMICILIAR<br>APELIDO: 1003<br>MACROSETOR: POSTO 7 - DOMICILIAR<br>COR: 8388863.000<br>FREQUENCIA: DIARIO - DIURNO<br>id: <br>tessellate: <br>extrude: <br>visibility: <br>layer: <br>path: ", "timestamp": null, "begin": null, "end": null, "altitudeMode": null, "tessellate": 0, "extrude": 0, "visibility": 0, "drawOrder": null, "icon": null, "descri____o": "", "id": "", "IDENTIFICA": "4401003", "SETOR": "1003 - DIARIO DIURNO - POSTO 07 - DOMICILIAR", "APELIDO": "1003", "MACROSETOR": "POSTO 7 - DOMICILIAR", "COR": "8388863.000", "FREQUENCIA": "DIARIO - DIURNO", "layer": "", "path": "", "OBJECTID": null, "TURNO": null, "POSTO": null, "FreqTurno": null, "X_SEMANA": null, "TER": null, "QUI": null, "SAB": null, "SEG": null, "QUA": null, "SEX": null }, "geometry": { "type": "Polygon", "coordinates": [ [ [ -49.261659, -25.465705, 0.0 ], [ -49.261559, -25.465672, 0.0 ], [ -49.261687, -25.465343, 0.0 ], [ -49.262964, -25.465827, 0.0 ], [ -49.265786, -25.460114, 0.0 ], [ -49.271729, -25.462585, 0.0 ], [ -49.271579, -25.463076, 0.0 ], [ -49.271037, -25.464171, 0.0 ], [ -49.270539, -25.465256, 0.0 ], [ -49.268232, -25.47005, 0.0 ], [ -49.26467, -25.469992, 0.0 ], [ -49.263769, -25.469983, 0.0 ], [ -49.263318, -25.469498, 0.0 ], [ -49.262749, -25.469256, 0.0 ], [ -49.260657, -25.468404, 0.0 ], [ -49.261022, -25.467721, 0.0 ], [ -49.26084, -25.467445, 0.0 ], [ -49.26129, -25.466341, 0.0 ], [ -49.26246, -25.466825, 0.0 ], [ -49.262889, -25.466089, 0.0 ], [ -49.261612, -25.465682, 0.0 ], [ -49.261659, -25.465705, 0.0 ] ] ] } },
{ "type": "Feature", "properties": { "Name": "1004", "description": "descrição: <br>IDENTIFICA: 4401004<br>SETOR: 1004 - DIARIO DIURNO - POSTO 07 - DOMICILIAR<br>APELIDO: 1004<br>MACROSETOR: POSTO 7 - DOMICILIAR<br>COR: 0.000<br>FREQUENCIA: DIARIO - DIURNO<br>id: <br>tessellate: <br>extrude: <br>visibility: <br>layer: <br>path: ", "timestamp": null, "begin": null, "end": null, "altitudeMode": null, "tessellate": 0, "extrude": 0, "visibility": 0, "drawOrder": null, "icon": null, "descri____o": "", "id": "", "IDENTIFICA": "4401004", "SETOR": "1004 - DIARIO DIURNO - POSTO 07 - DOMICILIAR", "APELIDO": "1004", "MACROSETOR": "POSTO 7 - DOMICILIAR", "COR": "0.000", "FREQUENCIA": "DIARIO - DIURNO", "layer": "", "path": "", "OBJECTID": null, "TURNO": null, "POSTO": null, "FreqTurno": null, "X_SEMANA": null, "TER": null, "QUI": null, "SAB": null, "SEG": null, "QUA": null, "SEX": null }, "geometry": { "type": "Polygon", "coordinates": [ [ [ -49.26025, -25.440555, 0.0 ], [ -49.260255, -25.440553, 0.0 ], [ -49.261317, -25.440938, 0.0 ], [ -49.260649, -25.442277, 0.0 ], [ -49.259904, -25.442001, 0.0 ], [ -49.26025, -25.440555, 0.0 ] ] ] } },
{ "type": "Feature", "properties": { "Name": "2010", "description": "descrição: <br>IDENTIFICA: 4402010<br>SETOR: 2010 - SEG/QUA/SEX - DIURNO - POSTO 07 - DOMICILIAR<br>APELIDO: 2010<br>MACROSETOR: POSTO 7 - DOMICILIAR<br>COR: 12805477.000<br>FREQUENCIA: SEG/QUA/SEX - DIURNO<br>id: <br>tessellate: <br>extrude: <br>visibility: <br>layer: <br>path: ", "timestamp": null, "begin": null, "end": null, "altitudeMode": null, "tessellate": 0, "extrude": 0, "visibility": 0, "drawOrder": null, "icon": null, "descri____o": "", "id": "", "IDENTIFICA": "4402010", "SETOR": "2010 - SEG/QUA/SEX - DIURNO - POSTO 07 - DOMICILIAR", "APELIDO": "2010", "MACROSETOR": "POSTO 7 - DOMICILIAR", "COR": "12805477.000", "FREQUENCIA": "SEG/QUA/SEX - DIURNO", "layer": "", "path": "", "OBJECTID": null, "TURNO": null, "POSTO": null, "FreqTurno": null, "X_SEMANA": null, "TER": null, "QUI": null, "SAB": null, "SEG": null, "QUA": null, "SEX": null }, "geometry": { "type": "Polygon", "coordinates": [ [ [ -49.33091, -25.466815, 0.0 ], [ -49.330191, -25.466864, 0.0 ], [ -49.32915, -25.466631, 0.0 ], [ -49.328324, -25.466612, 0.0 ], [ -49.327401, -25.466922, 0.0 ], [ -49.325738, -25.467968, 0.0 ], [ -49.323904, -25.469024, 0.0 ], [ -49.323636, -25.469368, 0.0 ], [ -49.325443, -25.469954, 0.0 ], [ -49.32605, -25.470428, 0.0 ], [ -49.32664, -25.470999, 0.0 ], [ -49.3262, -25.471019, 0.0 ], [ -49.325105, -25.471416, 0.0 ], [ -49.324794, -25.471474, 0.0 ], [ -49.324612, -25.471591, 0.0 ], [ -49.32399, -25.472627, 0.0 ], [ -49.321554, -25.47222, 0.0 ], [ -49.321576, -25.47284, 0.0 ], [ -49.322391, -25.472879, 0.0 ], [ -49.323013, -25.473673, 0.0 ], [ -49.324333, -25.474366, 0.0 ], [ -49.323689, -25.474385, 0.0 ], [ -49.322917, -25.47422, 0.0 ], [ -49.322611, -25.474249, 0.0 ], [ -49.321978, -25.474448, 0.0 ], [ -49.319972, -25.474889, 0.0 ], [ -49.319087, -25.475087, 0.0 ], [ -49.318502, -25.47531, 0.0 ], [ -49.318303, -25.475136, 0.0 ], [ -49.31826, -25.474622, 0.0 ], [ -49.318314, -25.473702, 0.0 ], [ -49.318507, -25.471978, 0.0 ], [ -49.318486, -25.471232, 0.0 ], [ -49.319537, -25.470448, 0.0 ], [ -49.319859, -25.470341, 0.0 ], [ -49.32046, -25.470264, 0.0 ], [ -49.321179, -25.470128, 0.0 ], [ -49.321898, -25.469556, 0.0 ], [ -49.321512, -25.468549, 0.0 ], [ -49.321318, -25.467842, 0.0 ], [ -49.320922, -25.466466, 0.0 ], [ -49.32031, -25.464732, 0.0 ], [ -49.31957, -25.462621, 0.0 ], [ -49.318539, -25.462611, 0.0 ], [ -49.316083, -25.461846, 0.0 ], [ -49.312435, -25.460761, 0.0 ], [ -49.312778, -25.459928, 0.0 ], [ -49.309248, -25.458921, 0.0 ], [ -49.307972, -25.458533, 0.0 ], [ -49.309806, -25.453505, 0.0 ], [ -49.311094, -25.453845, 0.0 ], [ -49.311662, -25.45399, 0.0 ], [ -49.312274, -25.454203, 0.0 ], [ -49.312692, -25.454339, 0.0 ], [ -49.313121, -25.454629, 0.0 ], [ -49.313734, -25.455143, 0.0 ], [ -49.315568, -25.457506, 0.0 ], [ -49.317982, -25.458397, 0.0 ], [ -49.318379, -25.458833, 0.0 ], [ -49.318593, -25.459376, 0.0 ], [ -49.320921, -25.460093, 0.0 ], [ -49.324966, -25.461255, 0.0 ], [ -49.329118, -25.462505, 0.0 ], [ -49.33002, -25.462824, 0.0 ], [ -49.331275, -25.463095, 0.0 ], [ -49.33326, -25.463773, 0.0 ], [ -49.334805, -25.464016, 0.0 ], [ -49.333753, -25.4648, 0.0 ], [ -49.332798, -25.466079, 0.0 ], [ -49.331071, -25.466786, 0.0 ], [ -49.33091, -25.466815, 0.0 ] ] ] } },
{ "type": "Feature", "properties": { "Name": "2012", "description": "descrição: <br>IDENTIFICA: 4402012<br>SETOR: 2012 - SEG/QUA/SEX - DIURNO - POSTO 07 - DOMICILIAR<br>APELIDO: 2012<br>MACROSETOR: POSTO 7 - DOMICILIAR<br>COR: 8421631.000<br>FREQUENCIA: SEG/QUA/SEX - DIURNO<br>id: <br>tessellate: <br>extrude: <br>visibility: <br>layer: <br>path: ", "timestamp": null, "begin": null, "end": null, "altitudeMode": null, "tessellate": 0, "extrude": 0, "visibility": 0, "drawOrder": null, "icon": null, "descri____o": "", "id": "", "IDENTIFICA": "4402012", "SETOR": "2012 - SEG/QUA/SEX - DIURNO - POSTO 07 - DOMICILIAR", "APELIDO": "2012", "MACROSETOR": "POSTO 7 - DOMICILIAR", "COR": "8421631.000", "FREQUENCIA": "SEG/QUA/SEX - DIURNO", "layer": "", "path": "", "OBJECTID": null, "TURNO": null, "POSTO": null, "FreqTurno": null, "X_SEMANA": null, "TER": null, "QUI": null, "SAB": null, "SEG": null, "QUA": null, "SEX": null }, "geometry": { "type": "Polygon", "coordinates": [ [ [ -49.3125429, -25.4606586, 0.0 ], [ -49.315632, -25.461585, 0.0 ], [ -49.318518, -25.462447, 0.0 ], [ -49.319526, -25.462679, 0.0 ], [ -49.320922, -25.466427, 0.0 ], [ -49.32148, -25.468461, 0.0 ], [ -49.322219, -25.469595, 0.0 ], [ -49.321372, -25.470322, 0.0 ], [ -49.320943, -25.470389, 0.0 ], [ -49.320342, -25.470438, 0.0 ], [ -49.319784, -25.470593, 0.0 ], [ -49.319087, -25.471048, 0.0 ], [ -49.318722, -25.47129, 0.0 ], [ -49.318513, -25.472206, 0.0 ], [ -49.318303, -25.473702, 0.0 ], [ -49.318239, -25.474748, 0.0 ], [ -49.318142, -25.475688, 0.0 ], [ -49.317778, -25.474903, 0.0 ], [ -49.317477, -25.47406, 0.0 ], [ -49.317499, -25.474031, 0.0 ], [ -49.316962, -25.474119, 0.0 ], [ -49.31619, -25.473421, 0.0 ], [ -49.3156, -25.472869, 0.0 ], [ -49.314999, -25.47224, 0.0 ], [ -49.314484, -25.471736, 0.0 ], [ -49.313239, -25.472085, 0.0 ], [ -49.310579, -25.469256, 0.0 ], [ -49.308379, -25.468549, 0.0 ], [ -49.309731, -25.464684, 0.0 ], [ -49.31104, -25.464626, 0.0 ], [ -49.311233, -25.463987, 0.0 ], [ -49.311823, -25.462418, 0.0 ], [ -49.31251, -25.460635, 0.0 ], [ -49.312542, -25.460645, 0.0 ], [ -49.3125429, -25.4606586, 0.0 ] ], [ [ -49.312547, -25.460722, 0.0 ], [ -49.312542, -25.460722, 0.0 ], [ -49.312531, -25.460655, 0.0 ], [ -49.3125429, -25.4606586, 0.0 ], [ -49.312547, -25.460722, 0.0 ] ] ] } },
{ "type": "Feature", "properties": { "Name": "2014", "description": "descrição: <br>IDENTIFICA: 4402014<br>SETOR: 2014 - SEG/QUA/SEX - DIURNO - POSTO 07 - DOMICILIAR<br>APELIDO: 2014<br>MACROSETOR: POSTO 7 - DOMICILIAR<br>COR: 33023.000<br>FREQUENCIA: SEG/QUA/SEX - DIURNO<br>id: <br>tessellate: <br>extrude: <br>visibility: <br>layer: <br>path: ", "timestamp": null, "begin": null, "end": null, "altitudeMode": null, "tessellate": 0, "extrude": 0, "visibility": 0, "drawOrder": null, "icon": null, "descri____o": "", "id": "", "IDENTIFICA": "4402014", "SETOR": "2014 - SEG/QUA/SEX - DIURNO - POSTO 07 - DOMICILIAR", "APELIDO": "2014", "MACROSETOR": "POSTO 7 - DOMICILIAR", "COR": "33023.000", "FREQUENCIA": "SEG/QUA/SEX - DIURNO", "layer": "", "path": "", "OBJECTID": null, "TURNO": null, "POSTO": null, "FreqTurno": null, "X_SEMANA": null, "TER": null, "QUI": null, "SAB": null, "SEG": null, "QUA": null, "SEX": null }, "geometry": { "type": "Polygon", "coordinates": [ [ [ -49.33144, -25.478591, 0.0 ], [ -49.332417, -25.478813, 0.0 ], [ -49.333544, -25.478842, 0.0 ], [ -49.334123, -25.479248, 0.0 ], [ -49.334702, -25.480062, 0.0 ], [ -49.335496, -25.481495, 0.0 ], [ -49.336376, -25.482735, 0.0 ], [ -49.337513, -25.484556, 0.0 ], [ -49.337342, -25.485699, 0.0 ], [ -49.336859, -25.487345, 0.0 ], [ -49.336612, -25.488934, 0.0 ], [ -49.336311, -25.491665, 0.0 ], [ -49.336419, -25.493767, 0.0 ], [ -49.336225, -25.494241, 0.0 ], [ -49.334418, -25.494041, 0.0 ], [ -49.333538, -25.491348, 0.0 ], [ -49.333549, -25.49067, 0.0 ], [ -49.332723, -25.489857, 0.0 ], [ -49.333345, -25.489295, 0.0 ], [ -49.332305, -25.488269, 0.0 ], [ -49.3293, -25.485189, 0.0 ], [ -49.327906, -25.483775, 0.0 ], [ -49.32723, -25.484288, 0.0 ], [ -49.323142, -25.480124, 0.0 ], [ -49.32385, -25.479765, 0.0 ], [ -49.324515, -25.479523, 0.0 ], [ -49.325781, -25.477973, 0.0 ], [ -49.326447, -25.478283, 0.0 ], [ -49.326715, -25.478361, 0.0 ], [ -49.327144, -25.478196, 0.0 ], [ -49.327788, -25.477877, 0.0 ], [ -49.328421, -25.47778, 0.0 ], [ -49.330169, -25.478274, 0.0 ], [ -49.331089, -25.478354, 0.0 ], [ -49.331347, -25.478355, 0.0 ], [ -49.33144, -25.478591, 0.0 ] ] ] } },
{ "type": "Feature", "properties": { "Name": "2015", "description": "descrição: <br>IDENTIFICA: 4402015<br>SETOR: 2015 - SEG/QUA/SEX - DIURNO - POSTO 07 - DOMICILIAR<br>APELIDO: 2015<br>MACROSETOR: POSTO 7 - DOMICILIAR<br>COR: 8421376.000<br>FREQUENCIA: SEG/QUA/SEX - DIURNO<br>id: <br>tessellate: <br>extrude: <br>visibility: <br>layer: <br>path: ", "timestamp": null, "begin": null, "end": null, "altitudeMode": null, "tessellate": 0, "extrude": 0, "visibility": 0, "drawOrder": null, "icon": null, "descri____o": "", "id": "", "IDENTIFICA": "4402015", "SETOR": "2015 - SEG/QUA/SEX - DIURNO - POSTO 07 - DOMICILIAR", "APELIDO": "2015", "MACROSETOR": "POSTO 7 - DOMICILIAR", "COR": "8421376.000", "FREQUENCIA": "SEG/QUA/SEX - DIURNO", "layer": "", "path": "", "OBJECTID": null, "TURNO": null, "POSTO": null, "FreqTurno": null, "X_SEMANA": null, "TER": null, "QUI": null, "SAB": null, "SEG": null, "QUA": null, "SEX": null }, "geometry": { "type": "Polygon", "coordinates": [ [ [ -49.33459, -25.494263, 0.0 ], [ -49.333141, -25.493905, 0.0 ], [ -49.332476, -25.493808, 0.0 ], [ -49.331435, -25.49375, 0.0 ], [ -49.330223, -25.493876, 0.0 ], [ -49.325213, -25.495241, 0.0 ], [ -49.325964, -25.49743, 0.0 ], [ -49.32429, -25.497856, 0.0 ], [ -49.323571, -25.497953, 0.0 ], [ -49.322155, -25.497856, 0.0 ], [ -49.319494, -25.497488, 0.0 ], [ -49.318475, -25.497333, 0.0 ], [ -49.319828, -25.494976, 0.0 ], [ -49.323764, -25.487997, 0.0 ], [ -49.322992, -25.485625, 0.0 ], [ -49.324258, -25.484986, 0.0 ], [ -49.325728, -25.48422, 0.0 ], [ -49.326726, -25.483446, 0.0 ], [ -49.327251, -25.483959, 0.0 ], [ -49.327852, -25.483475, 0.0 ], [ -49.332487, -25.48822, 0.0 ], [ -49.333581, -25.489305, 0.0 ], [ -49.334246, -25.490089, 0.0 ], [ -49.334, -25.490302, 0.0 ], [ -49.333313, -25.489547, 0.0 ], [ -49.333023, -25.489779, 0.0 ], [ -49.333796, -25.490593, 0.0 ], [ -49.333785, -25.490913, 0.0 ], [ -49.333613, -25.491406, 0.0 ], [ -49.334547, -25.493963, 0.0 ], [ -49.334579, -25.494244, 0.0 ], [ -49.334579, -25.494254, 0.0 ], [ -49.33459, -25.494263, 0.0 ] ] ] } },
{ "type": "Feature", "properties": { "Name": "2016", "description": "descrição: <br>IDENTIFICA: 440216<br>SETOR: 2016 - SEG/QUA/SEX - DIURNO - POSTO 07 - DOMICILIAR<br>APELIDO: 2016<br>MACROSETOR: POSTO 7 - DOMICILIAR<br>COR: 128.000<br>FREQUENCIA: SEG/QUA/SEX - DIURNO<br>id: <br>tessellate: <br>extrude: <br>visibility: <br>layer: <br>path: ", "timestamp": null, "begin": null, "end": null, "altitudeMode": null, "tessellate": 0, "extrude": 0, "visibility": 0, "drawOrder": null, "icon": null, "descri____o": "", "id": "", "IDENTIFICA": "440216", "SETOR": "2016 - SEG/QUA/SEX - DIURNO - POSTO 07 - DOMICILIAR", "APELIDO": "2016", "MACROSETOR": "POSTO 7 - DOMICILIAR", "COR": "128.000", "FREQUENCIA": "SEG/QUA/SEX - DIURNO", "layer": "", "path": "", "OBJECTID": null, "TURNO": null, "POSTO": null, "FreqTurno": null, "X_SEMANA": null, "TER": null, "QUI": null, "SAB": null, "SEG": null, "QUA": null, "SEX": null }, "geometry": { "type": "Polygon", "coordinates": [ [ [ -49.319172, -25.478274, 0.0 ], [ -49.319172, -25.478264, 0.0 ], [ -49.319076, -25.478177, 0.0 ], [ -49.318378, -25.476772, 0.0 ], [ -49.318046, -25.475368, 0.0 ], [ -49.31914, -25.475019, 0.0 ], [ -49.322273, -25.474264, 0.0 ], [ -49.322809, -25.474157, 0.0 ], [ -49.323957, -25.474312, 0.0 ], [ -49.323013, -25.473847, 0.0 ], [ -49.322455, -25.472937, 0.0 ], [ -49.321576, -25.472859, 0.0 ], [ -49.321189, -25.472588, 0.0 ], [ -49.321297, -25.472181, 0.0 ], [ -49.324011, -25.472617, 0.0 ], [ -49.324333, -25.472065, 0.0 ], [ -49.326911, -25.472751, 0.0 ], [ -49.328384, -25.473591, 0.0 ], [ -49.329436, -25.475548, 0.0 ], [ -49.330595, -25.476884, 0.0 ], [ -49.331221, -25.478274, 0.0 ], [ -49.330287, -25.478467, 0.0 ], [ -49.329794, -25.478429, 0.0 ], [ -49.328249, -25.478022, 0.0 ], [ -49.327755, -25.478157, 0.0 ], [ -49.327015, -25.478545, 0.0 ], [ -49.326554, -25.478622, 0.0 ], [ -49.325953, -25.478225, 0.0 ], [ -49.325545, -25.478748, 0.0 ], [ -49.327155, -25.479891, 0.0 ], [ -49.326103, -25.480647, 0.0 ], [ -49.324902, -25.479552, 0.0 ], [ -49.324387, -25.479911, 0.0 ], [ -49.323711, -25.480095, 0.0 ], [ -49.323668, -25.480211, 0.0 ], [ -49.326886, -25.48361, 0.0 ], [ -49.325835, -25.484346, 0.0 ], [ -49.32444, -25.485102, 0.0 ], [ -49.32326, -25.485605, 0.0 ], [ -49.323861, -25.487959, 0.0 ], [ -49.322176, -25.490971, 0.0 ], [ -49.319258, -25.486922, 0.0 ], [ -49.318314, -25.488007, 0.0 ], [ -49.317037, -25.486458, 0.0 ], [ -49.315889, -25.485044, 0.0 ], [ -49.315385, -25.485557, 0.0 ], [ -49.313787, -25.483678, 0.0 ], [ -49.312628, -25.48332, 0.0 ], [ -49.312757, -25.482467, 0.0 ], [ -49.314179, -25.482327, 0.0 ], [ -49.315771, -25.48145, 0.0 ], [ -49.319248, -25.486903, 0.0 ], [ -49.321554, -25.484172, 0.0 ], [ -49.320621, -25.481799, 0.0 ], [ -49.319687, -25.479388, 0.0 ], [ -49.319172, -25.478274, 0.0 ] ] ] } },
{ "type": "Feature", "properties": { "Name": "2017", "description": "descrição: <br>IDENTIFICA: 4402017<br>SETOR: 2017 - SEG/QUA/SEX - DIURNO - POSTO 07 - DOMICILIAR<br>APELIDO: 2017<br>MACROSETOR: POSTO 7 - DOMICILIAR<br>COR: 8388863.000<br>FREQUENCIA: SEG/QUA/SEX - DIURNO<br>id: <br>tessellate: <br>extrude: <br>visibility: <br>layer: <br>path: ", "timestamp": null, "begin": null, "end": null, "altitudeMode": null, "tessellate": 0, "extrude": 0, "visibility": 0, "drawOrder": null, "icon": null, "descri____o": "", "id": "", "IDENTIFICA": "4402017", "SETOR": "2017 - SEG/QUA/SEX - DIURNO - POSTO 07 - DOMICILIAR", "APELIDO": "2017", "MACROSETOR": "POSTO 7 - DOMICILIAR", "COR": "8388863.000", "FREQUENCIA": "SEG/QUA/SEX - DIURNO", "layer": "", "path": "", "OBJECTID": null, "TURNO": null, "POSTO": null, "FreqTurno": null, "X_SEMANA": null, "TER": null, "QUI": null, "SAB": null, "SEG": null, "QUA": null, "SEX": null }, "geometry": { "type": "MultiPolygon", "coordinates": [ [ [ [ -49.31281, -25.482613, 0.0 ], [ -49.3128179, -25.4826301, 0.0 ], [ -49.312789, -25.482613, 0.0 ], [ -49.3127914, -25.4826124, 0.0 ], [ -49.31281, -25.482613, 0.0 ] ] ], [ [ [ -49.312821, -25.482632, 0.0 ], [ -49.312832, -25.482622, 0.0 ], [ -49.312832, -25.482642, 0.0 ], [ -49.312832, -25.482661, 0.0 ], [ -49.3128179, -25.4826301, 0.0 ], [ -49.312821, -25.482632, 0.0 ] ] ], [ [ [ -49.3127914, -25.4826124, 0.0 ], [ -49.307939, -25.482467, 0.0 ], [ -49.30795, -25.480036, 0.0 ], [ -49.308004, -25.476995, 0.0 ], [ -49.308143, -25.47345, 0.0 ], [ -49.308798, -25.473179, 0.0 ], [ -49.30832, -25.471973, 0.0 ], [ -49.307773, -25.470811, 0.0 ], [ -49.307741, -25.470598, 0.0 ], [ -49.308476, -25.468375, 0.0 ], [ -49.309634, -25.468714, 0.0 ], [ -49.310675, -25.469053, 0.0 ], [ -49.313347, -25.471842, 0.0 ], [ -49.314409, -25.471484, 0.0 ], [ -49.31501, -25.472065, 0.0 ], [ -49.315449, -25.471668, 0.0 ], [ -49.315632, -25.471881, 0.0 ], [ -49.315203, -25.472181, 0.0 ], [ -49.315653, -25.472675, 0.0 ], [ -49.316265, -25.473237, 0.0 ], [ -49.31707, -25.473944, 0.0 ], [ -49.317563, -25.473828, 0.0 ], [ -49.318325, -25.47592, 0.0 ], [ -49.318582, -25.476521, 0.0 ], [ -49.319612, -25.47655, 0.0 ], [ -49.320192, -25.477412, 0.0 ], [ -49.319323, -25.478109, 0.0 ], [ -49.319881, -25.47963, 0.0 ], [ -49.320481, -25.481179, 0.0 ], [ -49.321619, -25.484182, 0.0 ], [ -49.31928, -25.486922, 0.0 ], [ -49.316555, -25.482845, 0.0 ], [ -49.315707, -25.48146, 0.0 ], [ -49.31419, -25.48229, 0.0 ], [ -49.3127914, -25.4826124, 0.0 ] ] ] ] } },
{ "type": "Feature", "properties": { "Name": "2018", "description": "descrição: <br>IDENTIFICA: 4402018<br>SETOR: 2018 - SEG/QUA/SEX - DIURNO - POSTO 07 - DOMICILIAR<br>APELIDO: 2018<br>MACROSETOR: POSTO 7 - DOMICILIAR<br>COR: 4227327.000<br>FREQUENCIA: SEG/QUA/SEX - DIURNO<br>id: <br>tessellate: <br>extrude: <br>visibility: <br>layer: <br>path: ", "timestamp": null, "begin": null, "end": null, "altitudeMode": null, "tessellate": 0, "extrude": 0, "visibility": 0, "drawOrder": null, "icon": null, "descri____o": "", "id": "", "IDENTIFICA": "4402018", "SETOR": "2018 - SEG/QUA/SEX - DIURNO - POSTO 07 - DOMICILIAR", "APELIDO": "2018", "MACROSETOR": "POSTO 7 - DOMICILIAR", "COR": "4227327.000", "FREQUENCIA": "SEG/QUA/SEX - DIURNO", "layer": "", "path": "", "OBJECTID": null, "TURNO": null, "POSTO": null, "FreqTurno": null, "X_SEMANA": null, "TER": null, "QUI": null, "SAB": null, "SEG": null, "QUA": null, "SEX": null }, "geometry": { "type": "Polygon", "coordinates": [ [ [ -49.307993, -25.482361, 0.0 ], [ -49.307982, -25.482342, 0.0 ], [ -49.307993, -25.482342, 0.0 ], [ -49.312789, -25.482409, 0.0 ], [ -49.31281, -25.483242, 0.0 ], [ -49.314334, -25.483746, 0.0 ], [ -49.315171, -25.484182, 0.0 ], [ -49.315482, -25.484472, 0.0 ], [ -49.317209, -25.486593, 0.0 ], [ -49.318325, -25.487794, 0.0 ], [ -49.319183, -25.486806, 0.0 ], [ -49.321286, -25.48975, 0.0 ], [ -49.322166, -25.490942, 0.0 ], [ -49.320984, -25.492902, 0.0 ], [ -49.316564, -25.491991, 0.0 ], [ -49.315437, -25.492059, 0.0 ], [ -49.31516, -25.491048, 0.0 ], [ -49.313754, -25.492297, 0.0 ], [ -49.312735, -25.493266, 0.0 ], [ -49.311158, -25.49405, 0.0 ], [ -49.310278, -25.49468, 0.0 ], [ -49.309956, -25.495028, 0.0 ], [ -49.309506, -25.495977, 0.0 ], [ -49.30927, -25.496442, 0.0 ], [ -49.309184, -25.495532, 0.0 ], [ -49.309195, -25.490399, 0.0 ], [ -49.309259, -25.487465, 0.0 ], [ -49.307682, -25.487407, 0.0 ], [ -49.305107, -25.487416, 0.0 ], [ -49.305064, -25.48638, 0.0 ], [ -49.305085, -25.483417, 0.0 ], [ -49.305, -25.482622, 0.0 ], [ -49.305321, -25.482516, 0.0 ], [ -49.306684, -25.482971, 0.0 ], [ -49.307435, -25.483213, 0.0 ], [ -49.307896, -25.483494, 0.0 ], [ -49.307961, -25.48331, 0.0 ], [ -49.307993, -25.482361, 0.0 ] ] ] } },
{ "type": "Feature", "properties": { "Name": "3014", "description": "descrição: <br>IDENTIFICA: 4403014<br>SETOR: 3014 - TER/QUI/SAB - DIURNO - POSTO 07 - DOMICILIAR<br>APELIDO: 3014<br>MACROSETOR: POSTO 7 - DOMICILIAR<br>COR: 12615935.000<br>FREQUENCIA: TER/QUI/SAB - DIURNO<br>id: <br>tessellate: <br>extrude: <br>visibility: <br>layer: <br>path: ", "timestamp": null, "begin": null, "end": null, "altitudeMode": null, "tessellate": 0, "extrude": 0, "visibility": 0, "drawOrder": null, "icon": null, "descri____o": "", "id": "", "IDENTIFICA": "4403014", "SETOR": "3014 - TER/QUI/SAB - DIURNO - POSTO 07 - DOMICILIAR", "APELIDO": "3014", "MACROSETOR": "POSTO 7 - DOMICILIAR", "COR": "12615935.000", "FREQUENCIA": "TER/QUI/SAB - DIURNO", "layer": "", "path": "", "OBJECTID": null, "TURNO": null, "POSTO": null, "FreqTurno": null, "X_SEMANA": null, "TER": null, "QUI": null, "SAB": null, "SEG": null, "QUA": null, "SEX": null }, "geometry": { "type": "Polygon", "coordinates": [ [ [ -49.197454, -25.467067, 0.0 ], [ -49.197019, -25.46698, 0.0 ], [ -49.19703, -25.468549, 0.0 ], [ -49.194804, -25.468486, 0.0 ], [ -49.191735, -25.468394, 0.0 ], [ -49.191762, -25.467803, 0.0 ], [ -49.191789, -25.467697, 0.0 ], [ -49.191387, -25.467668, 0.0 ], [ -49.191022, -25.46761, 0.0 ], [ -49.190839, -25.467513, 0.0 ], [ -49.190528, -25.467261, 0.0 ], [ -49.190308, -25.467232, 0.0 ], [ -49.190056, -25.467256, 0.0 ], [ -49.189498, -25.467053, 0.0 ], [ -49.189788, -25.46637, 0.0 ], [ -49.190319, -25.464946, 0.0 ], [ -49.190544, -25.464505, 0.0 ], [ -49.191167, -25.462519, 0.0 ], [ -49.191789, -25.460572, 0.0 ], [ -49.192379, -25.458877, 0.0 ], [ -49.192728, -25.458252, 0.0 ], [ -49.193302, -25.45756, 0.0 ], [ -49.19409, -25.456446, 0.0 ], [ -49.19607, -25.45369, 0.0 ], [ -49.197851, -25.453074, 0.0 ], [ -49.197668, -25.454184, 0.0 ], [ -49.197046, -25.458146, 0.0 ], [ -49.196831, -25.459628, 0.0 ], [ -49.196198, -25.463774, 0.0 ], [ -49.197346, -25.466932, 0.0 ], [ -49.197336, -25.466941, 0.0 ], [ -49.197464, -25.467057, 0.0 ], [ -49.197454, -25.467067, 0.0 ] ] ] } },
{ "type": "Feature", "properties": { "Name": "3015", "description": "descrição: <br>IDENTIFICA: 4403015<br>SETOR: 3015 - TER/QUI/SAB - DIURNO - POSTO 07 - DOMICILIAR<br>APELIDO: 3015<br>MACROSETOR: POSTO 7 - DOMICILIAR<br>COR: 16711680.000<br>FREQUENCIA: TER/QUI/SAB - DIURNO<br>id: <br>tessellate: <br>extrude: <br>visibility: <br>layer: <br>path: ", "timestamp": null, "begin": null, "end": null, "altitudeMode": null, "tessellate": 0, "extrude": 0, "visibility": 0, "drawOrder": null, "icon": null, "descri____o": "", "id": "", "IDENTIFICA": "4403015", "SETOR": "3015 - TER/QUI/SAB - DIURNO - POSTO 07 - DOMICILIAR", "APELIDO": "3015", "MACROSETOR": "POSTO 7 - DOMICILIAR", "COR": "16711680.000", "FREQUENCIA": "TER/QUI/SAB - DIURNO", "layer": "", "path": "", "OBJECTID": null, "TURNO": null, "POSTO": null, "FreqTurno": null, "X_SEMANA": null, "TER": null, "QUI": null, "SAB": null, "SEG": null, "QUA": null, "SEX": null }, "geometry": { "type": "Polygon", "coordinates": [ [ [ -49.200731, -25.465755, 0.0 ], [ -49.200726, -25.46575, 0.0 ], [ -49.199605, -25.465498, 0.0 ], [ -49.199004, -25.465304, 0.0 ], [ -49.198258, -25.464897, 0.0 ], [ -49.198897, -25.461793, 0.0 ], [ -49.199256, -25.460039, 0.0 ], [ -49.199846, -25.45692, 0.0 ], [ -49.200243, -25.455133, 0.0 ], [ -49.200941, -25.451781, 0.0 ], [ -49.203344, -25.452508, 0.0 ], [ -49.202115, -25.455748, 0.0 ], [ -49.201579, -25.457405, 0.0 ], [ -49.200426, -25.460512, 0.0 ], [ -49.207292, -25.462665, 0.0 ], [ -49.206976, -25.463444, 0.0 ], [ -49.20667, -25.464379, 0.0 ], [ -49.20689, -25.464447, 0.0 ], [ -49.206723, -25.465009, 0.0 ], [ -49.20608, -25.467212, 0.0 ], [ -49.205565, -25.469014, 0.0 ], [ -49.200104, -25.467687, 0.0 ], [ -49.200731, -25.465755, 0.0 ] ] ] } },
{ "type": "Feature", "properties": { "Name": "3016", "description": "descrição: <br>IDENTIFICA: 4403016<br>SETOR: 3016 - TER/QUI/SAB - DIURNO - POSTO 07 - DOMICILIAR<br>APELIDO: 3016<br>MACROSETOR: POSTO 7 - DOMICILIAR<br>COR: 4194432.000<br>FREQUENCIA: TER/QUI/SAB - DIURNO<br>id: <br>tessellate: <br>extrude: <br>visibility: <br>layer: <br>path: ", "timestamp": null, "begin": null, "end": null, "altitudeMode": null, "tessellate": 0, "extrude": 0, "visibility": 0, "drawOrder": null, "icon": null, "descri____o": "", "id": "", "IDENTIFICA": "4403016", "SETOR": "3016 - TER/QUI/SAB - DIURNO - POSTO 07 - DOMICILIAR", "APELIDO": "3016", "MACROSETOR": "POSTO 7 - DOMICILIAR", "COR": "4194432.000", "FREQUENCIA": "TER/QUI/SAB - DIURNO", "layer": "", "path": "", "OBJECTID": null, "TURNO": null, "POSTO": null, "FreqTurno": null, "X_SEMANA": null, "TER": null, "QUI": null, "SAB": null, "SEG": null, "QUA": null, "SEX": null }, "geometry": { "type": "Polygon", "coordinates": [ [ [ -49.201702, -25.461042, 0.0 ], [ -49.201692, -25.461042, 0.0 ], [ -49.200286, -25.460567, 0.0 ], [ -49.201499, -25.457322, 0.0 ], [ -49.202078, -25.455724, 0.0 ], [ -49.202582, -25.454416, 0.0 ], [ -49.20387, -25.450977, 0.0 ], [ -49.209738, -25.452847, 0.0 ], [ -49.210865, -25.453147, 0.0 ], [ -49.209749, -25.456228, 0.0 ], [ -49.209116, -25.45801, 0.0 ], [ -49.208537, -25.459531, 0.0 ], [ -49.207914, -25.46111, 0.0 ], [ -49.207335, -25.462786, 0.0 ], [ -49.201702, -25.461042, 0.0 ] ] ] } },
{ "type": "Feature", "properties": { "Name": "3017", "description": "descrição: <br>IDENTIFICA: 4403017<br>SETOR: 3017 - TER/QUI/SAB - DIURNO - POSTO 07 - DOMICILIAR<br>APELIDO: 3017<br>MACROSETOR: POSTO 7 - DOMICILIAR<br>COR: 33023.000<br>FREQUENCIA: TER/QUI/SAB - DIURNO<br>id: <br>tessellate: <br>extrude: <br>visibility: <br>layer: <br>path: ", "timestamp": null, "begin": null, "end": null, "altitudeMode": null, "tessellate": 0, "extrude": 0, "visibility": 0, "drawOrder": null, "icon": null, "descri____o": "", "id": "", "IDENTIFICA": "4403017", "SETOR": "3017 - TER/QUI/SAB - DIURNO - POSTO 07 - DOMICILIAR", "APELIDO": "3017", "MACROSETOR": "POSTO 7 - DOMICILIAR", "COR": "33023.000", "FREQUENCIA": "TER/QUI/SAB - DIURNO", "layer": "", "path": "", "OBJECTID": null, "TURNO": null, "POSTO": null, "FreqTurno": null, "X_SEMANA": null, "TER": null, "QUI": null, "SAB": null, "SEG": null, "QUA": null, "SEX": null }, "geometry": { "type": "Polygon", "coordinates": [ [ [ -49.204653, -25.443328, 0.0 ], [ -49.204653, -25.443333, 0.0 ], [ -49.20417, -25.443532, 0.0 ], [ -49.203344, -25.444002, 0.0 ], [ -49.202663, -25.444617, 0.0 ], [ -49.202201, -25.445508, 0.0 ], [ -49.20159, -25.448395, 0.0 ], [ -49.201649, -25.448783, 0.0 ], [ -49.201295, -25.45025, 0.0 ], [ -49.200469, -25.45367, 0.0 ], [ -49.200131, -25.45552, 0.0 ], [ -49.199909, -25.456394, 0.0 ], [ -49.199243, -25.460056, 0.0 ], [ -49.198883, -25.461706, 0.0 ], [ -49.198709, -25.462369, 0.0 ], [ -49.198602, -25.462921, 0.0 ], [ -49.198403, -25.463992, 0.0 ], [ -49.198366, -25.464355, 0.0 ], [ -49.199235, -25.464529, 0.0 ], [ -49.200157, -25.464791, 0.0 ], [ -49.200072, -25.46511, 0.0 ], [ -49.20078, -25.465324, 0.0 ], [ -49.200672, -25.465759, 0.0 ], [ -49.200088, -25.467668, 0.0 ], [ -49.200023, -25.467963, 0.0 ], [ -49.200045, -25.468249, 0.0 ], [ -49.199932, -25.468404, 0.0 ], [ -49.19916, -25.468084, 0.0 ], [ -49.198258, -25.467653, 0.0 ], [ -49.197974, -25.467421, 0.0 ], [ -49.197819, -25.467246, 0.0 ], [ -49.197604, -25.467116, 0.0 ], [ -49.197223, -25.467014, 0.0 ], [ -49.196595, -25.465353, 0.0 ], [ -49.196043, -25.463817, 0.0 ], [ -49.196123, -25.463367, 0.0 ], [ -49.19651, -25.460834, 0.0 ], [ -49.196762, -25.459231, 0.0 ], [ -49.197148, -25.456542, 0.0 ], [ -49.197513, -25.454222, 0.0 ], [ -49.19769, -25.453254, 0.0 ], [ -49.198235, -25.450727, 0.0 ], [ -49.198793, -25.448673, 0.0 ], [ -49.199094, -25.44565, 0.0 ], [ -49.200252, -25.444488, 0.0 ], [ -49.200597, -25.443352, 0.0 ], [ -49.202678, -25.44348, 0.0 ], [ -49.204653, -25.443328, 0.0 ] ] ] } },
{ "type": "Feature", "properties": { "Name": "3018", "description": "descrição: <br>IDENTIFICA: 4403018<br>SETOR: 3018 - TER/QUI/SAB - DIURNO - POSTO 07 - DOMICILIAR<br>APELIDO: 3018<br>MACROSETOR: POSTO 7 - DOMICILIAR<br>COR: 65535.000<br>FREQUENCIA: TER/QUI/SAB - DIURNO<br>id: <br>tessellate: <br>extrude: <br>visibility: <br>layer: <br>path: ", "timestamp": null, "begin": null, "end": null, "altitudeMode": null, "tessellate": 0, "extrude": 0, "visibility": 0, "drawOrder": null, "icon": null, "descri____o": "", "id": "", "IDENTIFICA": "4403018", "SETOR": "3018 - TER/QUI/SAB - DIURNO - POSTO 07 - DOMICILIAR", "APELIDO": "3018", "MACROSETOR": "POSTO 7 - DOMICILIAR", "COR": "65535.000", "FREQUENCIA": "TER/QUI/SAB - DIURNO", "layer": "", "path": "", "OBJECTID": null, "TURNO": null, "POSTO": null, "FreqTurno": null, "X_SEMANA": null, "TER": null, "QUI": null, "SAB": null, "SEG": null, "QUA": null, "SEX": null }, "geometry": { "type": "Polygon", "coordinates": [ [ [ -49.209652, -25.452973, 0.0 ], [ -49.209642, -25.452973, 0.0 ], [ -49.208354, -25.452537, 0.0 ], [ -49.207185, -25.452227, 0.0 ], [ -49.204063, -25.451248, 0.0 ], [ -49.203505, -25.452653, 0.0 ], [ -49.201096, -25.451917, 0.0 ], [ -49.201702, -25.448778, 0.0 ], [ -49.201627, -25.44841, 0.0 ], [ -49.201928, -25.447053, 0.0 ], [ -49.20226, -25.445532, 0.0 ], [ -49.202743, -25.444641, 0.0 ], [ -49.203558, -25.443953, 0.0 ], [ -49.204191, -25.443575, 0.0 ], [ -49.20491, -25.44342, 0.0 ], [ -49.205361, -25.443353, 0.0 ], [ -49.206402, -25.443285, 0.0 ], [ -49.207242, -25.443446, 0.0 ], [ -49.209522, -25.444075, 0.0 ], [ -49.210703, -25.443968, 0.0 ], [ -49.21315, -25.443653, 0.0 ], [ -49.209652, -25.452973, 0.0 ] ] ] } },
{ "type": "Feature", "properties": { "Name": "3046", "description": "descrição: <br>IDENTIFICA: 4403046<br>SETOR: 3046 - TER/QUI/SAB - DIURNO - POSTO 07 - DOMICILIAR<br>APELIDO: 3046<br>MACROSETOR: POSTO 7 - DOMICILIAR<br>COR: 8388736.000<br>FREQUENCIA: TER/QUI/SAB - DIURNO<br>id: <br>tessellate: <br>extrude: <br>visibility: <br>layer: <br>path: ", "timestamp": null, "begin": null, "end": null, "altitudeMode": null, "tessellate": 0, "extrude": 0, "visibility": 0, "drawOrder": null, "icon": null, "descri____o": "", "id": "", "IDENTIFICA": "4403046", "SETOR": "3046 - TER/QUI/SAB - DIURNO - POSTO 07 - DOMICILIAR", "APELIDO": "3046", "MACROSETOR": "POSTO 7 - DOMICILIAR", "COR": "8388736.000", "FREQUENCIA": "TER/QUI/SAB - DIURNO", "layer": "", "path": "", "OBJECTID": null, "TURNO": null, "POSTO": null, "FreqTurno": null, "X_SEMANA": null, "TER": null, "QUI": null, "SAB": null, "SEG": null, "QUA": null, "SEX": null }, "geometry": { "type": "Polygon", "coordinates": [ [ [ -49.199288, -25.479697, 0.0 ], [ -49.190067, -25.483842, 0.0 ], [ -49.188839, -25.48438, 0.0 ], [ -49.188758, -25.48422, 0.0 ], [ -49.189842, -25.483751, 0.0 ], [ -49.189788, -25.483639, 0.0 ], [ -49.189992, -25.483233, 0.0 ], [ -49.190067, -25.482913, 0.0 ], [ -49.190019, -25.482637, 0.0 ], [ -49.189734, -25.482162, 0.0 ], [ -49.189616, -25.481998, 0.0 ], [ -49.188796, -25.481165, 0.0 ], [ -49.188018, -25.480342, 0.0 ], [ -49.187497, -25.479775, 0.0 ], [ -49.186478, -25.478719, 0.0 ], [ -49.186011, -25.478487, 0.0 ], [ -49.185749, -25.478225, 0.0 ], [ -49.18547, -25.477668, 0.0 ], [ -49.185427, -25.476918, 0.0 ], [ -49.185362, -25.473213, 0.0 ], [ -49.185223, -25.47145, 0.0 ], [ -49.185555, -25.471019, 0.0 ], [ -49.1868, -25.469702, 0.0 ], [ -49.188704, -25.467658, 0.0 ], [ -49.189488, -25.467082, 0.0 ], [ -49.189944, -25.467057, 0.0 ], [ -49.190158, -25.467028, 0.0 ], [ -49.190619, -25.464946, 0.0 ], [ -49.190598, -25.464936, 0.0 ], [ -49.190909, -25.465043, 0.0 ], [ -49.191274, -25.465149, 0.0 ], [ -49.192851, -25.465614, 0.0 ], [ -49.192808, -25.466447, 0.0 ], [ -49.191907, -25.467861, 0.0 ], [ -49.191907, -25.46884, 0.0 ], [ -49.191875, -25.469886, 0.0 ], [ -49.19181, -25.472278, 0.0 ], [ -49.191789, -25.473121, 0.0 ], [ -49.191714, -25.475155, 0.0 ], [ -49.191725, -25.475426, 0.0 ], [ -49.192443, -25.476802, 0.0 ], [ -49.194959, -25.475746, 0.0 ], [ -49.196654, -25.474985, 0.0 ], [ -49.197518, -25.476424, 0.0 ], [ -49.197861, -25.47715, 0.0 ], [ -49.198977, -25.476685, 0.0 ], [ -49.199331, -25.479649, 0.0 ], [ -49.199299, -25.479697, 0.0 ], [ -49.199288, -25.479697, 0.0 ] ] ] } },
{ "type": "Feature", "properties": { "Name": "3047", "description": "descrição: <br>IDENTIFICA: 4403047<br>SETOR: 3047 - TER/QUI/SAB - DIURNO - POSTO 07 - DOMICILIAR<br>APELIDO: 3047<br>MACROSETOR: POSTO 7 - DOMICILIAR<br>COR: 65535.000<br>FREQUENCIA: TER/QUI/SAB - DIURNO<br>id: <br>tessellate: <br>extrude: <br>visibility: <br>layer: <br>path: ", "timestamp": null, "begin": null, "end": null, "altitudeMode": null, "tessellate": 0, "extrude": 0, "visibility": 0, "drawOrder": null, "icon": null, "descri____o": "", "id": "", "IDENTIFICA": "4403047", "SETOR": "3047 - TER/QUI/SAB - DIURNO - POSTO 07 - DOMICILIAR", "APELIDO": "3047", "MACROSETOR": "POSTO 7 - DOMICILIAR", "COR": "65535.000", "FREQUENCIA": "TER/QUI/SAB - DIURNO", "layer": "", "path": "", "OBJECTID": null, "TURNO": null, "POSTO": null, "FreqTurno": null, "X_SEMANA": null, "TER": null, "QUI": null, "SAB": null, "SEG": null, "QUA": null, "SEX": null }, "geometry": { "type": "Polygon", "coordinates": [ [ [ -49.199696, -25.479581, 0.0 ], [ -49.19976, -25.479601, 0.0 ], [ -49.199428, -25.479581, 0.0 ], [ -49.198924, -25.476598, 0.0 ], [ -49.19784, -25.477092, 0.0 ], [ -49.196681, -25.474961, 0.0 ], [ -49.195002, -25.475697, 0.0 ], [ -49.192336, -25.476908, 0.0 ], [ -49.192122, -25.476501, 0.0 ], [ -49.191585, -25.475484, 0.0 ], [ -49.191542, -25.475199, 0.0 ], [ -49.191607, -25.473368, 0.0 ], [ -49.191741, -25.468423, 0.0 ], [ -49.197073, -25.468559, 0.0 ], [ -49.197062, -25.467019, 0.0 ], [ -49.197599, -25.467145, 0.0 ], [ -49.197786, -25.467261, 0.0 ], [ -49.197931, -25.467426, 0.0 ], [ -49.198242, -25.467692, 0.0 ], [ -49.199844, -25.468387, 0.0 ], [ -49.199787, -25.468438, 0.0 ], [ -49.199752, -25.468593, 0.0 ], [ -49.199734, -25.468755, 0.0 ], [ -49.19998, -25.470467, 0.0 ], [ -49.200133, -25.471603, 0.0 ], [ -49.200214, -25.47216, 0.0 ], [ -49.200294, -25.472741, 0.0 ], [ -49.201338, -25.471697, 0.0 ], [ -49.201955, -25.47283, 0.0 ], [ -49.204294, -25.475077, 0.0 ], [ -49.204824, -25.477276, 0.0 ], [ -49.199696, -25.479581, 0.0 ] ] ] } },
{ "type": "Feature", "properties": { "Name": "2021", "description": "descrição: <br>IDENTIFICA: 4402021<br>SETOR: 2021 - SEG/QUA/SEX - DIURNO - POSTO 08 - DOMICILIAR<br>APELIDO: 2021<br>MACROSETOR: POSTO 8 - DOMICILIAR<br>COR: 8388672.000<br>FREQUENCIA: SEG/QUA/SEX - DIURNO<br>layer: 2021<br>path: G:/Drives compartilhados/J_NEGRAO_CCO/45 - Monitoramento/Paulo Lima/KMLKMZ Curitiba/Diurno/Seg-Qua-Sex/8/2021/2021 - SEG/QUA/SEX - DIURNO - POSTO 08 - DOMICILIAR/2021.shp", "timestamp": null, "begin": null, "end": null, "altitudeMode": null, "tessellate": -1, "extrude": 0, "visibility": -1, "drawOrder": null, "icon": null, "descri____o": "", "id": null, "IDENTIFICA": "4402021", "SETOR": "2021 - SEG/QUA/SEX - DIURNO - POSTO 08 - DOMICILIAR", "APELIDO": "2021", "MACROSETOR": "POSTO 8 - DOMICILIAR", "COR": "8388672.000", "FREQUENCIA": "SEG/QUA/SEX - DIURNO", "layer": "2021", "path": "G:/Drives compartilhados/J_NEGRAO_CCO/45 - Monitoramento/Paulo Lima/KMLKMZ Curitiba/Diurno/Seg-Qua-Sex/8/2021/2021 - SEG/QUA/SEX - DIURNO - POSTO 08 - DOMICILIAR/2021.shp", "OBJECTID": null, "TURNO": null, "POSTO": null, "FreqTurno": null, "X_SEMANA": null, "TER": null, "QUI": null, "SAB": null, "SEG": null, "QUA": null, "SEX": null }, "geometry": { "type": "Polygon", "coordinates": [ [ [ -49.355474, -25.388689, 0.0 ], [ -49.357217, -25.387707, 0.0 ], [ -49.360058, -25.385673, 0.0 ], [ -49.360292, -25.385524, 0.0 ], [ -49.360372, -25.385616, 0.0 ], [ -49.360825, -25.385926, 0.0 ], [ -49.361398, -25.386319, 0.0 ], [ -49.361664, -25.386931, 0.0 ], [ -49.36193, -25.387542, 0.0 ], [ -49.362352, -25.387824, 0.0 ], [ -49.363083, -25.387832, 0.0 ], [ -49.363225, -25.388553, 0.0 ], [ -49.363441, -25.3896, 0.0 ], [ -49.363578, -25.389658, 0.0 ], [ -49.363674, -25.389748, 0.0 ], [ -49.363775, -25.389844, 0.0 ], [ -49.363834, -25.389957, 0.0 ], [ -49.363928, -25.390066, 0.0 ], [ -49.364035, -25.390139, 0.0 ], [ -49.364056, -25.390188, 0.0 ], [ -49.364058, -25.39024, 0.0 ], [ -49.364024, -25.390286, 0.0 ], [ -49.363967, -25.390331, 0.0 ], [ -49.363938, -25.390405, 0.0 ], [ -49.363935, -25.390475, 0.0 ], [ -49.363975, -25.390674, 0.0 ], [ -49.363942, -25.390739, 0.0 ], [ -49.363852, -25.390768, 0.0 ], [ -49.363775, -25.390799, 0.0 ], [ -49.363719, -25.390859, 0.0 ], [ -49.363702, -25.391, 0.0 ], [ -49.363734, -25.391136, 0.0 ], [ -49.36377, -25.391194, 0.0 ], [ -49.363805, -25.391313, 0.0 ], [ -49.363839, -25.391382, 0.0 ], [ -49.363895, -25.391438, 0.0 ], [ -49.364028, -25.391485, 0.0 ], [ -49.364127, -25.391561, 0.0 ], [ -49.364174, -25.391676, 0.0 ], [ -49.364196, -25.391875, 0.0 ], [ -49.364271, -25.392003, 0.0 ], [ -49.364401, -25.39217, 0.0 ], [ -49.364592, -25.392278, 0.0 ], [ -49.36484, -25.392405, 0.0 ], [ -49.364895, -25.392474, 0.0 ], [ -49.364792, -25.392543, 0.0 ], [ -49.364611, -25.392466, 0.0 ], [ -49.364528, -25.392466, 0.0 ], [ -49.364375, -25.392478, 0.0 ], [ -49.364298, -25.392514, 0.0 ], [ -49.364251, -25.392575, 0.0 ], [ -49.364207, -25.3927, 0.0 ], [ -49.364195, -25.392754, 0.0 ], [ -49.364073, -25.392742, 0.0 ], [ -49.364032, -25.392799, 0.0 ], [ -49.363928, -25.392845, 0.0 ], [ -49.363846, -25.392859, 0.0 ], [ -49.363769, -25.392967, 0.0 ], [ -49.36372, -25.39303, 0.0 ], [ -49.363704, -25.393084, 0.0 ], [ -49.363709, -25.39314, 0.0 ], [ -49.363743, -25.393186, 0.0 ], [ -49.363801, -25.39321, 0.0 ], [ -49.363882, -25.393259, 0.0 ], [ -49.363898, -25.393409, 0.0 ], [ -49.363927, -25.393467, 0.0 ], [ -49.363926, -25.393522, 0.0 ], [ -49.363899, -25.393622, 0.0 ], [ -49.363866, -25.393678, 0.0 ], [ -49.363768, -25.393691, 0.0 ], [ -49.36369, -25.3937, 0.0 ], [ -49.363639, -25.393733, 0.0 ], [ -49.363598, -25.393776, 0.0 ], [ -49.363603, -25.393906, 0.0 ], [ -49.363645, -25.393959, 0.0 ], [ -49.363748, -25.39399, 0.0 ], [ -49.363967, -25.393966, 0.0 ], [ -49.364093, -25.39396, 0.0 ], [ -49.364141, -25.393993, 0.0 ], [ -49.364201, -25.394111, 0.0 ], [ -49.364327, -25.394188, 0.0 ], [ -49.364442, -25.394278, 0.0 ], [ -49.364484, -25.394333, 0.0 ], [ -49.364601, -25.394427, 0.0 ], [ -49.364679, -25.394445, 0.0 ], [ -49.364798, -25.394511, 0.0 ], [ -49.3649, -25.394594, 0.0 ], [ -49.365005, -25.394695, 0.0 ], [ -49.365168, -25.394825, 0.0 ], [ -49.365298, -25.394899, 0.0 ], [ -49.365426, -25.394962, 0.0 ], [ -49.365553, -25.39503, 0.0 ], [ -49.365685, -25.395053, 0.0 ], [ -49.365757, -25.395107, 0.0 ], [ -49.365855, -25.395127, 0.0 ], [ -49.366052, -25.395174, 0.0 ], [ -49.366164, -25.395242, 0.0 ], [ -49.3662, -25.395288, 0.0 ], [ -49.366236, -25.395342, 0.0 ], [ -49.366295, -25.395459, 0.0 ], [ -49.366334, -25.395518, 0.0 ], [ -49.366384, -25.395566, 0.0 ], [ -49.366433, -25.395617, 0.0 ], [ -49.366464, -25.395666, 0.0 ], [ -49.366463, -25.395738, 0.0 ], [ -49.366518, -25.395825, 0.0 ], [ -49.366921, -25.396021, 0.0 ], [ -49.366996, -25.39604, 0.0 ], [ -49.367126, -25.396084, 0.0 ], [ -49.367334, -25.396172, 0.0 ], [ -49.367553, -25.396219, 0.0 ], [ -49.367768, -25.396158, 0.0 ], [ -49.367825, -25.396108, 0.0 ], [ -49.367842, -25.396042, 0.0 ], [ -49.367838, -25.395898, 0.0 ], [ -49.36778, -25.395782, 0.0 ], [ -49.367778, -25.395664, 0.0 ], [ -49.367844, -25.395524, 0.0 ], [ -49.367951, -25.395453, 0.0 ], [ -49.368058, -25.39542, 0.0 ], [ -49.36813, -25.395499, 0.0 ], [ -49.368133, -25.395551, 0.0 ], [ -49.368092, -25.395684, 0.0 ], [ -49.368142, -25.395779, 0.0 ], [ -49.368172, -25.395907, 0.0 ], [ -49.368304, -25.395983, 0.0 ], [ -49.36843, -25.39595, 0.0 ], [ -49.368528, -25.395882, 0.0 ], [ -49.368586, -25.395771, 0.0 ], [ -49.368712, -25.395687, 0.0 ], [ -49.368762, -25.395736, 0.0 ], [ -49.368751, -25.395861, 0.0 ], [ -49.368756, -25.395957, 0.0 ], [ -49.368816, -25.396006, 0.0 ], [ -49.368878, -25.395989, 0.0 ], [ -49.368994, -25.395895, 0.0 ], [ -49.369089, -25.395822, 0.0 ], [ -49.369188, -25.395815, 0.0 ], [ -49.36938, -25.395827, 0.0 ], [ -49.369442, -25.395867, 0.0 ], [ -49.369516, -25.39591, 0.0 ], [ -49.369671, -25.395905, 0.0 ], [ -49.370034, -25.395956, 0.0 ], [ -49.370137, -25.395977, 0.0 ], [ -49.370167, -25.396054, 0.0 ], [ -49.370246, -25.396108, 0.0 ], [ -49.37039, -25.396135, 0.0 ], [ -49.370529, -25.39619, 0.0 ], [ -49.370603, -25.396209, 0.0 ], [ -49.370764, -25.396216, 0.0 ], [ -49.37106, -25.396195, 0.0 ], [ -49.371191, -25.396224, 0.0 ], [ -49.371362, -25.396306, 0.0 ], [ -49.371474, -25.396395, 0.0 ], [ -49.371684, -25.396585, 0.0 ], [ -49.37184, -25.396704, 0.0 ], [ -49.371943, -25.396793, 0.0 ], [ -49.372086, -25.396944, 0.0 ], [ -49.372153, -25.396992, 0.0 ], [ -49.372317, -25.397134, 0.0 ], [ -49.372461, -25.397267, 0.0 ], [ -49.372619, -25.397553, 0.0 ], [ -49.372697, -25.397676, 0.0 ], [ -49.372779, -25.397791, 0.0 ], [ -49.372808, -25.397837, 0.0 ], [ -49.372833, -25.39791, 0.0 ], [ -49.372973, -25.398321, 0.0 ], [ -49.373009, -25.398416, 0.0 ], [ -49.373024, -25.398522, 0.0 ], [ -49.37306, -25.398576, 0.0 ], [ -49.373147, -25.39861, 0.0 ], [ -49.373124, -25.398716, 0.0 ], [ -49.373162, -25.398778, 0.0 ], [ -49.373264, -25.398813, 0.0 ], [ -49.373328, -25.3989, 0.0 ], [ -49.37342, -25.398909, 0.0 ], [ -49.373623, -25.398848, 0.0 ], [ -49.373692, -25.398856, 0.0 ], [ -49.373839, -25.398809, 0.0 ], [ -49.373979, -25.398761, 0.0 ], [ -49.374037, -25.39873, 0.0 ], [ -49.374095, -25.39873, 0.0 ], [ -49.374223, -25.398783, 0.0 ], [ -49.374318, -25.398788, 0.0 ], [ -49.374435, -25.398759, 0.0 ], [ -49.374552, -25.398805, 0.0 ], [ -49.374588, -25.398847, 0.0 ], [ -49.374607, -25.398914, 0.0 ], [ -49.374802, -25.399025, 0.0 ], [ -49.374909, -25.399105, 0.0 ], [ -49.375023, -25.39926, 0.0 ], [ -49.375104, -25.399391, 0.0 ], [ -49.375226, -25.39947, 0.0 ], [ -49.37537, -25.39951, 0.0 ], [ -49.375503, -25.399547, 0.0 ], [ -49.375484, -25.399685, 0.0 ], [ -49.375407, -25.399777, 0.0 ], [ -49.3753, -25.399856, 0.0 ], [ -49.375236, -25.399891, 0.0 ], [ -49.375154, -25.400005, 0.0 ], [ -49.375095, -25.400084, 0.0 ], [ -49.375035, -25.400146, 0.0 ], [ -49.374925, -25.400138, 0.0 ], [ -49.374868, -25.400096, 0.0 ], [ -49.374778, -25.400088, 0.0 ], [ -49.374713, -25.400124, 0.0 ], [ -49.374649, -25.40014, 0.0 ], [ -49.374584, -25.400145, 0.0 ], [ -49.374512, -25.400129, 0.0 ], [ -49.374424, -25.400153, 0.0 ], [ -49.374378, -25.400221, 0.0 ], [ -49.374334, -25.400358, 0.0 ], [ -49.374321, -25.400434, 0.0 ], [ -49.3744, -25.400553, 0.0 ], [ -49.374398, -25.400608, 0.0 ], [ -49.374328, -25.400614, 0.0 ], [ -49.37423, -25.400601, 0.0 ], [ -49.37417, -25.400631, 0.0 ], [ -49.374162, -25.400699, 0.0 ], [ -49.374204, -25.400791, 0.0 ], [ -49.374247, -25.400852, 0.0 ], [ -49.374249, -25.400924, 0.0 ], [ -49.37419, -25.400893, 0.0 ], [ -49.374148, -25.400765, 0.0 ], [ -49.374094, -25.400706, 0.0 ], [ -49.374013, -25.400674, 0.0 ], [ -49.373927, -25.400673, 0.0 ], [ -49.37385, -25.400691, 0.0 ], [ -49.373786, -25.400735, 0.0 ], [ -49.373709, -25.400776, 0.0 ], [ -49.373626, -25.400743, 0.0 ], [ -49.373529, -25.40075, 0.0 ], [ -49.373468, -25.400812, 0.0 ], [ -49.373442, -25.400892, 0.0 ], [ -49.373488, -25.400962, 0.0 ], [ -49.373548, -25.400999, 0.0 ], [ -49.37367, -25.401048, 0.0 ], [ -49.373797, -25.401106, 0.0 ], [ -49.373873, -25.401213, 0.0 ], [ -49.373931, -25.401261, 0.0 ], [ -49.373996, -25.401293, 0.0 ], [ -49.374155, -25.401376, 0.0 ], [ -49.374263, -25.401415, 0.0 ], [ -49.374327, -25.401492, 0.0 ], [ -49.374367, -25.401547, 0.0 ], [ -49.374455, -25.401655, 0.0 ], [ -49.374541, -25.401769, 0.0 ], [ -49.374601, -25.40181, 0.0 ], [ -49.374621, -25.401878, 0.0 ], [ -49.374565, -25.401899, 0.0 ], [ -49.374463, -25.401907, 0.0 ], [ -49.374414, -25.401949, 0.0 ], [ -49.374405, -25.402032, 0.0 ], [ -49.37443, -25.402098, 0.0 ], [ -49.374455, -25.40216, 0.0 ], [ -49.374557, -25.402326, 0.0 ], [ -49.374626, -25.402449, 0.0 ], [ -49.374663, -25.402495, 0.0 ], [ -49.374689, -25.402622, 0.0 ], [ -49.374728, -25.402686, 0.0 ], [ -49.374798, -25.402736, 0.0 ], [ -49.374905, -25.402771, 0.0 ], [ -49.374936, -25.402838, 0.0 ], [ -49.374959, -25.402933, 0.0 ], [ -49.375022, -25.403028, 0.0 ], [ -49.375134, -25.403086, 0.0 ], [ -49.375246, -25.403085, 0.0 ], [ -49.375348, -25.403068, 0.0 ], [ -49.375473, -25.40311, 0.0 ], [ -49.375535, -25.403186, 0.0 ], [ -49.375569, -25.403228, 0.0 ], [ -49.37563, -25.403262, 0.0 ], [ -49.375692, -25.403268, 0.0 ], [ -49.375863, -25.403273, 0.0 ], [ -49.37601, -25.403305, 0.0 ], [ -49.376157, -25.403353, 0.0 ], [ -49.376237, -25.403418, 0.0 ], [ -49.376311, -25.403584, 0.0 ], [ -49.376349, -25.403773, 0.0 ], [ -49.376361, -25.403836, 0.0 ], [ -49.376336, -25.403903, 0.0 ], [ -49.376376, -25.403983, 0.0 ], [ -49.376406, -25.40403, 0.0 ], [ -49.37644, -25.404118, 0.0 ], [ -49.376406, -25.404168, 0.0 ], [ -49.376332, -25.404126, 0.0 ], [ -49.376263, -25.404071, 0.0 ], [ -49.376144, -25.404054, 0.0 ], [ -49.376023, -25.404068, 0.0 ], [ -49.375967, -25.404101, 0.0 ], [ -49.375896, -25.404196, 0.0 ], [ -49.375857, -25.404281, 0.0 ], [ -49.375782, -25.404351, 0.0 ], [ -49.375742, -25.404393, 0.0 ], [ -49.375716, -25.404454, 0.0 ], [ -49.375734, -25.404547, 0.0 ], [ -49.375689, -25.404629, 0.0 ], [ -49.375674, -25.404681, 0.0 ], [ -49.375674, -25.404792, 0.0 ], [ -49.375705, -25.404885, 0.0 ], [ -49.37566, -25.404949, 0.0 ], [ -49.375552, -25.40504, 0.0 ], [ -49.375425, -25.405151, 0.0 ], [ -49.375376, -25.405268, 0.0 ], [ -49.375469, -25.405355, 0.0 ], [ -49.375569, -25.405438, 0.0 ], [ -49.375637, -25.40551, 0.0 ], [ -49.375648, -25.405565, 0.0 ], [ -49.375546, -25.405662, 0.0 ], [ -49.37549, -25.405734, 0.0 ], [ -49.375471, -25.405815, 0.0 ], [ -49.375516, -25.405958, 0.0 ], [ -49.375568, -25.406063, 0.0 ], [ -49.375586, -25.40617, 0.0 ], [ -49.375549, -25.406364, 0.0 ], [ -49.375561, -25.406634, 0.0 ], [ -49.375522, -25.406847, 0.0 ], [ -49.375513, -25.406993, 0.0 ], [ -49.375427, -25.407118, 0.0 ], [ -49.375342, -25.407184, 0.0 ], [ -49.37526, -25.407274, 0.0 ], [ -49.37524, -25.407401, 0.0 ], [ -49.375266, -25.407504, 0.0 ], [ -49.375227, -25.407642, 0.0 ], [ -49.375151, -25.407734, 0.0 ], [ -49.375044, -25.407787, 0.0 ], [ -49.374992, -25.407812, 0.0 ], [ -49.374949, -25.407895, 0.0 ], [ -49.374991, -25.408024, 0.0 ], [ -49.375122, -25.408139, 0.0 ], [ -49.37527, -25.408211, 0.0 ], [ -49.3754, -25.408227, 0.0 ], [ -49.375451, -25.408187, 0.0 ], [ -49.375573, -25.407997, 0.0 ], [ -49.375703, -25.40787, 0.0 ], [ -49.375894, -25.407987, 0.0 ], [ -49.375993, -25.40805, 0.0 ], [ -49.376109, -25.408098, 0.0 ], [ -49.37651, -25.408198, 0.0 ], [ -49.377004, -25.40834, 0.0 ], [ -49.377054, -25.408539, 0.0 ], [ -49.377097, -25.408735, 0.0 ], [ -49.377164, -25.408929, 0.0 ], [ -49.377219, -25.409019, 0.0 ], [ -49.377288, -25.409145, 0.0 ], [ -49.37732, -25.409249, 0.0 ], [ -49.377382, -25.409334, 0.0 ], [ -49.377421, -25.409422, 0.0 ], [ -49.377446, -25.409627, 0.0 ], [ -49.377443, -25.409756, 0.0 ], [ -49.377331, -25.409982, 0.0 ], [ -49.37719, -25.4102, 0.0 ], [ -49.377006, -25.410395, 0.0 ], [ -49.376881, -25.410486, 0.0 ], [ -49.376683, -25.410586, 0.0 ], [ -49.376571, -25.410707, 0.0 ], [ -49.376497, -25.410845, 0.0 ], [ -49.376413, -25.41111, 0.0 ], [ -49.376359, -25.4112, 0.0 ], [ -49.376326, -25.411255, 0.0 ], [ -49.37629, -25.411296, 0.0 ], [ -49.376288, -25.411414, 0.0 ], [ -49.37638, -25.411485, 0.0 ], [ -49.376493, -25.411532, 0.0 ], [ -49.376655, -25.411499, 0.0 ], [ -49.376737, -25.41151, 0.0 ], [ -49.376777, -25.411582, 0.0 ], [ -49.376884, -25.411793, 0.0 ], [ -49.376915, -25.411854, 0.0 ], [ -49.377039, -25.412069, 0.0 ], [ -49.377106, -25.412204, 0.0 ], [ -49.377173, -25.412303, 0.0 ], [ -49.377325, -25.412383, 0.0 ], [ -49.377498, -25.412354, 0.0 ], [ -49.377592, -25.41236, 0.0 ], [ -49.377734, -25.412425, 0.0 ], [ -49.377891, -25.412473, 0.0 ], [ -49.378052, -25.412495, 0.0 ], [ -49.378197, -25.412562, 0.0 ], [ -49.378311, -25.412656, 0.0 ], [ -49.37835, -25.412746, 0.0 ], [ -49.378399, -25.412846, 0.0 ], [ -49.378491, -25.412928, 0.0 ], [ -49.378483, -25.413016, 0.0 ], [ -49.378392, -25.413133, 0.0 ], [ -49.378293, -25.413252, 0.0 ], [ -49.378186, -25.413359, 0.0 ], [ -49.378132, -25.413466, 0.0 ], [ -49.378147, -25.41356, 0.0 ], [ -49.378129, -25.413653, 0.0 ], [ -49.378115, -25.413813, 0.0 ], [ -49.37813, -25.413864, 0.0 ], [ -49.378167, -25.414006, 0.0 ], [ -49.378222, -25.414099, 0.0 ], [ -49.378309, -25.414217, 0.0 ], [ -49.378338, -25.414355, 0.0 ], [ -49.378425, -25.414486, 0.0 ], [ -49.378497, -25.414566, 0.0 ], [ -49.378563, -25.41465, 0.0 ], [ -49.378632, -25.414662, 0.0 ], [ -49.378772, -25.414573, 0.0 ], [ -49.378847, -25.414554, 0.0 ], [ -49.378913, -25.414609, 0.0 ], [ -49.378911, -25.414687, 0.0 ], [ -49.378846, -25.414829, 0.0 ], [ -49.378808, -25.414934, 0.0 ], [ -49.37887, -25.415035, 0.0 ], [ -49.378986, -25.41508, 0.0 ], [ -49.379243, -25.414992, 0.0 ], [ -49.37948, -25.414877, 0.0 ], [ -49.379566, -25.414813, 0.0 ], [ -49.379754, -25.414637, 0.0 ], [ -49.379924, -25.414534, 0.0 ], [ -49.380038, -25.414636, 0.0 ], [ -49.38014, -25.414729, 0.0 ], [ -49.380179, -25.414818, 0.0 ], [ -49.380233, -25.415069, 0.0 ], [ -49.38031, -25.415202, 0.0 ], [ -49.380396, -25.415367, 0.0 ], [ -49.380368, -25.415507, 0.0 ], [ -49.38024, -25.415525, 0.0 ], [ -49.380127, -25.415545, 0.0 ], [ -49.380023, -25.415608, 0.0 ], [ -49.379989, -25.415653, 0.0 ], [ -49.379959, -25.415805, 0.0 ], [ -49.379956, -25.415912, 0.0 ], [ -49.380015, -25.416037, 0.0 ], [ -49.380118, -25.416137, 0.0 ], [ -49.38016, -25.416175, 0.0 ], [ -49.380467, -25.416309, 0.0 ], [ -49.38055, -25.416339, 0.0 ], [ -49.380622, -25.416364, 0.0 ], [ -49.380881, -25.41644, 0.0 ], [ -49.380999, -25.41651, 0.0 ], [ -49.381043, -25.41664, 0.0 ], [ -49.381066, -25.4168, 0.0 ], [ -49.381081, -25.417006, 0.0 ], [ -49.381159, -25.417155, 0.0 ], [ -49.381237, -25.417228, 0.0 ], [ -49.381351, -25.417337, 0.0 ], [ -49.381421, -25.417473, 0.0 ], [ -49.381469, -25.417509, 0.0 ], [ -49.381533, -25.417582, 0.0 ], [ -49.381569, -25.417686, 0.0 ], [ -49.381616, -25.417725, 0.0 ], [ -49.38171, -25.417758, 0.0 ], [ -49.381655, -25.417913, 0.0 ], [ -49.3815, -25.418022, 0.0 ], [ -49.381348, -25.418101, 0.0 ], [ -49.381314, -25.418151, 0.0 ], [ -49.381281, -25.418302, 0.0 ], [ -49.381361, -25.418445, 0.0 ], [ -49.381424, -25.418519, 0.0 ], [ -49.381436, -25.418593, 0.0 ], [ -49.381375, -25.418648, 0.0 ], [ -49.38133, -25.418686, 0.0 ], [ -49.381311, -25.418751, 0.0 ], [ -49.381333, -25.418816, 0.0 ], [ -49.38139, -25.418851, 0.0 ], [ -49.381513, -25.418865, 0.0 ], [ -49.381646, -25.418855, 0.0 ], [ -49.381687, -25.418803, 0.0 ], [ -49.381701, -25.41864, 0.0 ], [ -49.381725, -25.418565, 0.0 ], [ -49.381856, -25.418513, 0.0 ], [ -49.381985, -25.418431, 0.0 ], [ -49.382082, -25.418415, 0.0 ], [ -49.382058, -25.418482, 0.0 ], [ -49.381963, -25.418554, 0.0 ], [ -49.381886, -25.418636, 0.0 ], [ -49.381899, -25.418766, 0.0 ], [ -49.381946, -25.418815, 0.0 ], [ -49.382079, -25.418829, 0.0 ], [ -49.382293, -25.418707, 0.0 ], [ -49.382445, -25.418571, 0.0 ], [ -49.382512, -25.418507, 0.0 ], [ -49.382626, -25.418411, 0.0 ], [ -49.382752, -25.41833, 0.0 ], [ -49.382808, -25.418242, 0.0 ], [ -49.38288, -25.418096, 0.0 ], [ -49.382874, -25.418179, 0.0 ], [ -49.382848, -25.418295, 0.0 ], [ -49.382831, -25.41853, 0.0 ], [ -49.382812, -25.418614, 0.0 ], [ -49.38277, -25.4187, 0.0 ], [ -49.382745, -25.418805, 0.0 ], [ -49.38279, -25.418893, 0.0 ], [ -49.38291, -25.419037, 0.0 ], [ -49.382874, -25.419148, 0.0 ], [ -49.382804, -25.419263, 0.0 ], [ -49.382683, -25.419344, 0.0 ], [ -49.382645, -25.419371, 0.0 ], [ -49.38242, -25.419476, 0.0 ], [ -49.382268, -25.419521, 0.0 ], [ -49.382123, -25.419591, 0.0 ], [ -49.38206, -25.419673, 0.0 ], [ -49.381965, -25.419784, 0.0 ], [ -49.381902, -25.419871, 0.0 ], [ -49.381981, -25.420179, 0.0 ], [ -49.382058, -25.420368, 0.0 ], [ -49.382091, -25.42051, 0.0 ], [ -49.382146, -25.420595, 0.0 ], [ -49.38219, -25.42067, 0.0 ], [ -49.38223, -25.420798, 0.0 ], [ -49.382297, -25.420935, 0.0 ], [ -49.382466, -25.421118, 0.0 ], [ -49.38261, -25.421184, 0.0 ], [ -49.382764, -25.421228, 0.0 ], [ -49.382869, -25.421213, 0.0 ], [ -49.383027, -25.421185, 0.0 ], [ -49.383079, -25.421158, 0.0 ], [ -49.383112, -25.42111, 0.0 ], [ -49.383191, -25.420992, 0.0 ], [ -49.383256, -25.421057, 0.0 ], [ -49.383267, -25.421195, 0.0 ], [ -49.383345, -25.421334, 0.0 ], [ -49.383494, -25.421361, 0.0 ], [ -49.383711, -25.421283, 0.0 ], [ -49.38384, -25.421201, 0.0 ], [ -49.383921, -25.421137, 0.0 ], [ -49.384071, -25.420951, 0.0 ], [ -49.384183, -25.420881, 0.0 ], [ -49.384312, -25.420867, 0.0 ], [ -49.384444, -25.42092, 0.0 ], [ -49.384549, -25.421005, 0.0 ], [ -49.384569, -25.421116, 0.0 ], [ -49.384504, -25.421232, 0.0 ], [ -49.384356, -25.421321, 0.0 ], [ -49.384365, -25.421418, 0.0 ], [ -49.384436, -25.421503, 0.0 ], [ -49.384649, -25.421645, 0.0 ], [ -49.384791, -25.421704, 0.0 ], [ -49.384955, -25.421822, 0.0 ], [ -49.385085, -25.421883, 0.0 ], [ -49.385215, -25.42196, 0.0 ], [ -49.385319, -25.422106, 0.0 ], [ -49.385436, -25.42241, 0.0 ], [ -49.38555, -25.422523, 0.0 ], [ -49.385631, -25.422617, 0.0 ], [ -49.385572, -25.422846, 0.0 ], [ -49.385395, -25.423238, 0.0 ], [ -49.385466, -25.423465, 0.0 ], [ -49.385539, -25.423725, 0.0 ], [ -49.385503, -25.423794, 0.0 ], [ -49.385402, -25.42383, 0.0 ], [ -49.385026, -25.423925, 0.0 ], [ -49.384792, -25.423985, 0.0 ], [ -49.384641, -25.424048, 0.0 ], [ -49.384468, -25.424149, 0.0 ], [ -49.384266, -25.424196, 0.0 ], [ -49.384103, -25.424225, 0.0 ], [ -49.38399, -25.424276, 0.0 ], [ -49.383949, -25.424313, 0.0 ], [ -49.383898, -25.424414, 0.0 ], [ -49.383908, -25.424503, 0.0 ], [ -49.383999, -25.42454, 0.0 ], [ -49.384108, -25.424548, 0.0 ], [ -49.384264, -25.424568, 0.0 ], [ -49.38447, -25.42461, 0.0 ], [ -49.384532, -25.424656, 0.0 ], [ -49.384596, -25.424934, 0.0 ], [ -49.384662, -25.425133, 0.0 ], [ -49.384749, -25.425176, 0.0 ], [ -49.384822, -25.425092, 0.0 ], [ -49.384858, -25.424986, 0.0 ], [ -49.384932, -25.424978, 0.0 ], [ -49.384995, -25.425105, 0.0 ], [ -49.385129, -25.425414, 0.0 ], [ -49.38512, -25.425492, 0.0 ], [ -49.385039, -25.425616, 0.0 ], [ -49.384963, -25.425754, 0.0 ], [ -49.384941, -25.425905, 0.0 ], [ -49.384988, -25.42601, 0.0 ], [ -49.385131, -25.426166, 0.0 ], [ -49.385242, -25.426274, 0.0 ], [ -49.385418, -25.426432, 0.0 ], [ -49.385512, -25.426472, 0.0 ], [ -49.385656, -25.426568, 0.0 ], [ -49.385743, -25.426593, 0.0 ], [ -49.385809, -25.426635, 0.0 ], [ -49.38601, -25.426748, 0.0 ], [ -49.386067, -25.426816, 0.0 ], [ -49.386158, -25.426937, 0.0 ], [ -49.386236, -25.42701, 0.0 ], [ -49.386421, -25.427045, 0.0 ], [ -49.386531, -25.426962, 0.0 ], [ -49.38661, -25.426843, 0.0 ], [ -49.386722, -25.426726, 0.0 ], [ -49.386775, -25.426623, 0.0 ], [ -49.386813, -25.42652, 0.0 ], [ -49.386819, -25.426454, 0.0 ], [ -49.386819, -25.426388, 0.0 ], [ -49.386776, -25.426278, 0.0 ], [ -49.38673, -25.426145, 0.0 ], [ -49.38688, -25.42616, 0.0 ], [ -49.387132, -25.42619, 0.0 ], [ -49.387463, -25.426242, 0.0 ], [ -49.387565, -25.426248, 0.0 ], [ -49.387641, -25.426292, 0.0 ], [ -49.38771, -25.426362, 0.0 ], [ -49.387795, -25.426427, 0.0 ], [ -49.38798, -25.426567, 0.0 ], [ -49.388022, -25.426635, 0.0 ], [ -49.388147, -25.42673, 0.0 ], [ -49.388306, -25.426911, 0.0 ], [ -49.388548, -25.427037, 0.0 ], [ -49.388692, -25.42712, 0.0 ], [ -49.388681, -25.427218, 0.0 ], [ -49.38877, -25.427334, 0.0 ], [ -49.38874, -25.427571, 0.0 ], [ -49.388821, -25.427859, 0.0 ], [ -49.386088, -25.427349, 0.0 ], [ -49.384252, -25.427019, 0.0 ], [ -49.383332, -25.426994, 0.0 ], [ -49.382364, -25.427005, 0.0 ], [ -49.381847, -25.42705, 0.0 ], [ -49.381314, -25.427174, 0.0 ], [ -49.380883, -25.427356, 0.0 ], [ -49.380428, -25.427618, 0.0 ], [ -49.380011, -25.427937, 0.0 ], [ -49.379472, -25.428493, 0.0 ], [ -49.377684, -25.430491, 0.0 ], [ -49.377034, -25.431096, 0.0 ], [ -49.376756, -25.431293, 0.0 ], [ -49.376385, -25.431557, 0.0 ], [ -49.375713, -25.431967, 0.0 ], [ -49.375019, -25.432248, 0.0 ], [ -49.374358, -25.432471, 0.0 ], [ -49.373697, -25.4326, 0.0 ], [ -49.373571, -25.432619, 0.0 ], [ -49.37295, -25.432707, 0.0 ], [ -49.372482, -25.432731, 0.0 ], [ -49.37176, -25.432709, 0.0 ], [ -49.36589, -25.432003, 0.0 ], [ -49.366191, -25.429679, 0.0 ], [ -49.366532, -25.428388, 0.0 ], [ -49.366965, -25.426863, 0.0 ], [ -49.367254, -25.425817, 0.0 ], [ -49.366959, -25.424752, 0.0 ], [ -49.366566, -25.423397, 0.0 ], [ -49.36582, -25.421272, 0.0 ], [ -49.365642, -25.420892, 0.0 ], [ -49.365555, -25.420712, 0.0 ], [ -49.365107, -25.419854, 0.0 ], [ -49.364253, -25.417628, 0.0 ], [ -49.364203, -25.417457, 0.0 ], [ -49.363962, -25.416677, 0.0 ], [ -49.363802, -25.415669, 0.0 ], [ -49.363781, -25.414836, 0.0 ], [ -49.363851, -25.414348, 0.0 ], [ -49.36405, -25.413647, 0.0 ], [ -49.3642, -25.413117, 0.0 ], [ -49.36435, -25.412573, 0.0 ], [ -49.364468, -25.411985, 0.0 ], [ -49.364535, -25.411727, 0.0 ], [ -49.361928, -25.412219, 0.0 ], [ -49.358166, -25.412636, 0.0 ], [ -49.357397, -25.412573, 0.0 ], [ -49.356821, -25.412516, 0.0 ], [ -49.355432, -25.412566, 0.0 ], [ -49.355667, -25.411876, 0.0 ], [ -49.354052, -25.412076, 0.0 ], [ -49.352979, -25.412259, 0.0 ], [ -49.352707, -25.410083, 0.0 ], [ -49.353291, -25.409516, 0.0 ], [ -49.354576, -25.409221, 0.0 ], [ -49.354338, -25.406642, 0.0 ], [ -49.353985, -25.405014, 0.0 ], [ -49.353731, -25.404223, 0.0 ], [ -49.352743, -25.402786, 0.0 ], [ -49.351788, -25.402393, 0.0 ], [ -49.350653, -25.400868, 0.0 ], [ -49.35039, -25.40031, 0.0 ], [ -49.350258, -25.399773, 0.0 ], [ -49.350067, -25.399176, 0.0 ], [ -49.350038, -25.398343, 0.0 ], [ -49.34969, -25.39772, 0.0 ], [ -49.350005, -25.39738, 0.0 ], [ -49.350291, -25.397302, 0.0 ], [ -49.350599, -25.397261, 0.0 ], [ -49.350864, -25.397149, 0.0 ], [ -49.350996, -25.396992, 0.0 ], [ -49.351134, -25.396721, 0.0 ], [ -49.351255, -25.396464, 0.0 ], [ -49.351371, -25.396406, 0.0 ], [ -49.351539, -25.396422, 0.0 ], [ -49.352172, -25.396586, 0.0 ], [ -49.352856, -25.396649, 0.0 ], [ -49.354058, -25.396614, 0.0 ], [ -49.355187, -25.396842, 0.0 ], [ -49.356963, -25.396985, 0.0 ], [ -49.358795, -25.396987, 0.0 ], [ -49.360792, -25.3968, 0.0 ], [ -49.360665, -25.396182, 0.0 ], [ -49.36039, -25.39539, 0.0 ], [ -49.360143, -25.394611, 0.0 ], [ -49.3597, -25.393787, 0.0 ], [ -49.359402, -25.393253, 0.0 ], [ -49.358709, -25.392333, 0.0 ], [ -49.355474, -25.388689, 0.0 ] ] ] } },
{ "type": "Feature", "properties": { "Name": "2022", "description": "descrição: <br>IDENTIFICA: 4402022<br>SETOR: 2022 - SEG/QUA/SEX - DIURNO - POSTO 08 - DOMICILIAR<br>APELIDO: 2022<br>MACROSETOR: POSTO 8 - DOMICILIAR<br>COR: 32896.000<br>FREQUENCIA: SEG/QUA/SEX - DIURNO<br>layer: 2022<br>path: G:/Drives compartilhados/J_NEGRAO_CCO/45 - Monitoramento/Paulo Lima/KMLKMZ Curitiba/Diurno/Seg-Qua-Sex/8/2022/2022 - SEG/QUA/SEX - DIURNO - POSTO 08 - DOMICILIAR/2022.shp", "timestamp": null, "begin": null, "end": null, "altitudeMode": null, "tessellate": -1, "extrude": 0, "visibility": -1, "drawOrder": null, "icon": null, "descri____o": "", "id": null, "IDENTIFICA": "4402022", "SETOR": "2022 - SEG/QUA/SEX - DIURNO - POSTO 08 - DOMICILIAR", "APELIDO": "2022", "MACROSETOR": "POSTO 8 - DOMICILIAR", "COR": "32896.000", "FREQUENCIA": "SEG/QUA/SEX - DIURNO", "layer": "2022", "path": "G:/Drives compartilhados/J_NEGRAO_CCO/45 - Monitoramento/Paulo Lima/KMLKMZ Curitiba/Diurno/Seg-Qua-Sex/8/2022/2022 - SEG/QUA/SEX - DIURNO - POSTO 08 - DOMICILIAR/2022.shp", "OBJECTID": null, "TURNO": null, "POSTO": null, "FreqTurno": null, "X_SEMANA": null, "TER": null, "QUI": null, "SAB": null, "SEG": null, "QUA": null, "SEX": null }, "geometry": { "type": "Polygon", "coordinates": [ [ [ -49.341286, -25.401401, 0.0 ], [ -49.341837, -25.401339, 0.0 ], [ -49.342617, -25.401121, 0.0 ], [ -49.343358, -25.401047, 0.0 ], [ -49.343911, -25.401045, 0.0 ], [ -49.344511, -25.401035, 0.0 ], [ -49.345057, -25.400991, 0.0 ], [ -49.34574, -25.400974, 0.0 ], [ -49.346908, -25.40087, 0.0 ], [ -49.34665, -25.401356, 0.0 ], [ -49.345586, -25.40296, 0.0 ], [ -49.345209, -25.403567, 0.0 ], [ -49.345058, -25.403867, 0.0 ], [ -49.344965, -25.40426, 0.0 ], [ -49.344779, -25.404563, 0.0 ], [ -49.343775, -25.405708, 0.0 ], [ -49.343556, -25.405904, 0.0 ], [ -49.343276, -25.406297, 0.0 ], [ -49.344951, -25.407106, 0.0 ], [ -49.34399, -25.407644, 0.0 ], [ -49.343027, -25.408206, 0.0 ], [ -49.342963, -25.408432, 0.0 ], [ -49.34286, -25.40862, 0.0 ], [ -49.342616, -25.408971, 0.0 ], [ -49.341889, -25.408727, 0.0 ], [ -49.340547, -25.408237, 0.0 ], [ -49.340489, -25.409111, 0.0 ], [ -49.340473, -25.409571, 0.0 ], [ -49.340456, -25.40957, 0.0 ], [ -49.340432, -25.40998, 0.0 ], [ -49.340388, -25.410283, 0.0 ], [ -49.340353, -25.410375, 0.0 ], [ -49.340188, -25.410979, 0.0 ], [ -49.34011, -25.411343, 0.0 ], [ -49.339895, -25.412093, 0.0 ], [ -49.339814, -25.412375, 0.0 ], [ -49.339631, -25.412969, 0.0 ], [ -49.339573, -25.413128, 0.0 ], [ -49.33951, -25.413324, 0.0 ], [ -49.339486, -25.413419, 0.0 ], [ -49.339479, -25.413542, 0.0 ], [ -49.339555, -25.41394, 0.0 ], [ -49.339577, -25.414157, 0.0 ], [ -49.33945, -25.414447, 0.0 ], [ -49.338579, -25.414157, 0.0 ], [ -49.338083, -25.413824, 0.0 ], [ -49.337527, -25.413648, 0.0 ], [ -49.336444, -25.413678, 0.0 ], [ -49.333901, -25.414344, 0.0 ], [ -49.333201, -25.414482, 0.0 ], [ -49.332085, -25.414559, 0.0 ], [ -49.331632, -25.414523, 0.0 ], [ -49.330755, -25.414437, 0.0 ], [ -49.330315, -25.414418, 0.0 ], [ -49.329859, -25.414458, 0.0 ], [ -49.329354, -25.414556, 0.0 ], [ -49.328984, -25.414673, 0.0 ], [ -49.328899, -25.414701, 0.0 ], [ -49.328786, -25.414734, 0.0 ], [ -49.328526, -25.41482, 0.0 ], [ -49.328267, -25.414995, 0.0 ], [ -49.327807, -25.415716, 0.0 ], [ -49.327417, -25.416344, 0.0 ], [ -49.327054, -25.416575, 0.0 ], [ -49.326872, -25.41669, 0.0 ], [ -49.326165, -25.416967, 0.0 ], [ -49.326017, -25.417023, 0.0 ], [ -49.325692, -25.417139, 0.0 ], [ -49.325045, -25.41737, 0.0 ], [ -49.324971, -25.417396, 0.0 ], [ -49.324687, -25.41739, 0.0 ], [ -49.324319, -25.417481, 0.0 ], [ -49.323413, -25.417543, 0.0 ], [ -49.32279, -25.417718, 0.0 ], [ -49.322881, -25.417983, 0.0 ], [ -49.323027, -25.418316, 0.0 ], [ -49.322895, -25.41841, 0.0 ], [ -49.32277, -25.418417, 0.0 ], [ -49.322311, -25.417594, 0.0 ], [ -49.322141, -25.417243, 0.0 ], [ -49.32205, -25.416942, 0.0 ], [ -49.322061, -25.416542, 0.0 ], [ -49.322123, -25.416011, 0.0 ], [ -49.322075, -25.415865, 0.0 ], [ -49.321969, -25.415748, 0.0 ], [ -49.321729, -25.415575, 0.0 ], [ -49.32139, -25.415315, 0.0 ], [ -49.321187, -25.415156, 0.0 ], [ -49.321046, -25.415034, 0.0 ], [ -49.320598, -25.415496, 0.0 ], [ -49.320437, -25.415733, 0.0 ], [ -49.320169, -25.416112, 0.0 ], [ -49.319899, -25.41661, 0.0 ], [ -49.319579, -25.416917, 0.0 ], [ -49.319314, -25.417058, 0.0 ], [ -49.31874, -25.416741, 0.0 ], [ -49.318269, -25.416544, 0.0 ], [ -49.317616, -25.416226, 0.0 ], [ -49.317171, -25.41603, 0.0 ], [ -49.316753, -25.415882, 0.0 ], [ -49.316439, -25.415759, 0.0 ], [ -49.315993, -25.415658, 0.0 ], [ -49.315784, -25.415584, 0.0 ], [ -49.315076, -25.415409, 0.0 ], [ -49.314338, -25.41552, 0.0 ], [ -49.313808, -25.4158, 0.0 ], [ -49.313331, -25.416034, 0.0 ], [ -49.312432, -25.416405, 0.0 ], [ -49.311954, -25.416734, 0.0 ], [ -49.311529, -25.417016, 0.0 ], [ -49.311, -25.417201, 0.0 ], [ -49.310606, -25.417221, 0.0 ], [ -49.31013, -25.417358, 0.0 ], [ -49.309787, -25.417426, 0.0 ], [ -49.309709, -25.417377, 0.0 ], [ -49.309688, -25.416995, 0.0 ], [ -49.309613, -25.416731, 0.0 ], [ -49.309565, -25.416373, 0.0 ], [ -49.30944, -25.415941, 0.0 ], [ -49.309499, -25.41544, 0.0 ], [ -49.309479, -25.415034, 0.0 ], [ -49.309352, -25.414698, 0.0 ], [ -49.309301, -25.414554, 0.0 ], [ -49.309163, -25.414352, 0.0 ], [ -49.310527, -25.414067, 0.0 ], [ -49.31062, -25.414048, 0.0 ], [ -49.310971, -25.413976, 0.0 ], [ -49.313353, -25.413492, 0.0 ], [ -49.314114, -25.413333, 0.0 ], [ -49.314667, -25.413216, 0.0 ], [ -49.31492, -25.413163, 0.0 ], [ -49.315132, -25.413132, 0.0 ], [ -49.315255, -25.413115, 0.0 ], [ -49.315257, -25.413115, 0.0 ], [ -49.316066, -25.413197, 0.0 ], [ -49.316307, -25.413239, 0.0 ], [ -49.316358, -25.413248, 0.0 ], [ -49.316369, -25.413248, 0.0 ], [ -49.316508, -25.413255, 0.0 ], [ -49.316774, -25.413252, 0.0 ], [ -49.316814, -25.413242, 0.0 ], [ -49.316909, -25.413218, 0.0 ], [ -49.316956, -25.413204, 0.0 ], [ -49.317066, -25.413173, 0.0 ], [ -49.317282, -25.413108, 0.0 ], [ -49.317778, -25.412916, 0.0 ], [ -49.318045, -25.412809, 0.0 ], [ -49.31814, -25.412772, 0.0 ], [ -49.318275, -25.412701, 0.0 ], [ -49.318419, -25.412603, 0.0 ], [ -49.318424, -25.412599, 0.0 ], [ -49.318545, -25.4125, 0.0 ], [ -49.319008, -25.412112, 0.0 ], [ -49.319261, -25.411899, 0.0 ], [ -49.319425, -25.41176, 0.0 ], [ -49.31974, -25.411495, 0.0 ], [ -49.319895, -25.411365, 0.0 ], [ -49.319981, -25.411291, 0.0 ], [ -49.320189, -25.411113, 0.0 ], [ -49.320444, -25.41088, 0.0 ], [ -49.320513, -25.410788, 0.0 ], [ -49.320617, -25.410651, 0.0 ], [ -49.320617, -25.41065, 0.0 ], [ -49.320783, -25.410337, 0.0 ], [ -49.320821, -25.410249, 0.0 ], [ -49.320921, -25.41002, 0.0 ], [ -49.321008, -25.409924, 0.0 ], [ -49.321072, -25.409853, 0.0 ], [ -49.321084, -25.40984, 0.0 ], [ -49.321196, -25.409721, 0.0 ], [ -49.321435, -25.409552, 0.0 ], [ -49.321785, -25.409336, 0.0 ], [ -49.322168, -25.409159, 0.0 ], [ -49.322461, -25.409054, 0.0 ], [ -49.322709, -25.40895, 0.0 ], [ -49.32367, -25.409191, 0.0 ], [ -49.323671, -25.409191, 0.0 ], [ -49.324559, -25.407608, 0.0 ], [ -49.324965, -25.40721, 0.0 ], [ -49.325701, -25.406698, 0.0 ], [ -49.326271, -25.406214, 0.0 ], [ -49.326777, -25.405139, 0.0 ], [ -49.32855, -25.403994, 0.0 ], [ -49.330878, -25.402622, 0.0 ], [ -49.330995, -25.402645, 0.0 ], [ -49.331081, -25.402616, 0.0 ], [ -49.332132, -25.401782, 0.0 ], [ -49.334342, -25.400881, 0.0 ], [ -49.33446, -25.40224, 0.0 ], [ -49.336412, -25.401653, 0.0 ], [ -49.337532, -25.401234, 0.0 ], [ -49.338983, -25.402228, 0.0 ], [ -49.341286, -25.401401, 0.0 ] ] ] } },
{ "type": "Feature", "properties": { "Name": "2023", "description": "descrição: <br>IDENTIFICA: 4402023<br>SETOR: 2023 - SEG/QUA/SEX - DIURNO - POSTO 08 - DOMICILIAR<br>APELIDO: 2023<br>MACROSETOR: POSTO 8 - DOMICILIAR<br>COR: 16744448.000<br>FREQUENCIA: SEG/QUA/SEX - DIURNO<br>layer: 2023<br>path: G:/Drives compartilhados/J_NEGRAO_CCO/45 - Monitoramento/Paulo Lima/KMLKMZ Curitiba/Diurno/Seg-Qua-Sex/8/2023/2023 - SEG/QUA/SEX - DIURNO - POSTO 08 - DOMICILIAR/2023.shp", "timestamp": null, "begin": null, "end": null, "altitudeMode": null, "tessellate": -1, "extrude": 0, "visibility": -1, "drawOrder": null, "icon": null, "descri____o": "", "id": null, "IDENTIFICA": "4402023", "SETOR": "2023 - SEG/QUA/SEX - DIURNO - POSTO 08 - DOMICILIAR", "APELIDO": "2023", "MACROSETOR": "POSTO 8 - DOMICILIAR", "COR": "16744448.000", "FREQUENCIA": "SEG/QUA/SEX - DIURNO", "layer": "2023", "path": "G:/Drives compartilhados/J_NEGRAO_CCO/45 - Monitoramento/Paulo Lima/KMLKMZ Curitiba/Diurno/Seg-Qua-Sex/8/2023/2023 - SEG/QUA/SEX - DIURNO - POSTO 08 - DOMICILIAR/2023.shp", "OBJECTID": null, "TURNO": null, "POSTO": null, "FreqTurno": null, "X_SEMANA": null, "TER": null, "QUI": null, "SAB": null, "SEG": null, "QUA": null, "SEX": null }, "geometry": { "type": "Polygon", "coordinates": [ [ [ -49.311472, -25.401693, 0.0 ], [ -49.311553, -25.4015, 0.0 ], [ -49.311731, -25.401372, 0.0 ], [ -49.313973, -25.399718, 0.0 ], [ -49.314218, -25.399471, 0.0 ], [ -49.314511, -25.398995, 0.0 ], [ -49.314603, -25.398849, 0.0 ], [ -49.314948, -25.398484, 0.0 ], [ -49.315668, -25.398224, 0.0 ], [ -49.316189, -25.398068, 0.0 ], [ -49.316817, -25.397881, 0.0 ], [ -49.317216, -25.397832, 0.0 ], [ -49.317372, -25.397855, 0.0 ], [ -49.31767, -25.397894, 0.0 ], [ -49.319086, -25.398257, 0.0 ], [ -49.320188, -25.398543, 0.0 ], [ -49.320746, -25.398729, 0.0 ], [ -49.32095, -25.398831, 0.0 ], [ -49.321186, -25.399057, 0.0 ], [ -49.321355, -25.399189, 0.0 ], [ -49.321607, -25.399235, 0.0 ], [ -49.322222, -25.399165, 0.0 ], [ -49.322382, -25.399171, 0.0 ], [ -49.323537, -25.399102, 0.0 ], [ -49.323551, -25.398633, 0.0 ], [ -49.324324, -25.39863, 0.0 ], [ -49.324685, -25.398702, 0.0 ], [ -49.324983, -25.398878, 0.0 ], [ -49.325363, -25.399089, 0.0 ], [ -49.325379, -25.398664, 0.0 ], [ -49.325431, -25.397201, 0.0 ], [ -49.326238, -25.396627, 0.0 ], [ -49.326764, -25.396354, 0.0 ], [ -49.326881, -25.396296, 0.0 ], [ -49.327476, -25.396189, 0.0 ], [ -49.327482, -25.395621, 0.0 ], [ -49.327784, -25.395491, 0.0 ], [ -49.328896, -25.39464, 0.0 ], [ -49.328915, -25.394536, 0.0 ], [ -49.328961, -25.394523, 0.0 ], [ -49.329024, -25.394485, 0.0 ], [ -49.329112, -25.394427, 0.0 ], [ -49.32914, -25.394359, 0.0 ], [ -49.329273, -25.394352, 0.0 ], [ -49.329463, -25.394386, 0.0 ], [ -49.329543, -25.394368, 0.0 ], [ -49.329616, -25.394324, 0.0 ], [ -49.329757, -25.393887, 0.0 ], [ -49.330024, -25.393354, 0.0 ], [ -49.330481, -25.392914, 0.0 ], [ -49.333202, -25.392579, 0.0 ], [ -49.33501, -25.392459, 0.0 ], [ -49.335371, -25.392748, 0.0 ], [ -49.335813, -25.393883, 0.0 ], [ -49.335628, -25.395044, 0.0 ], [ -49.335189, -25.396059, 0.0 ], [ -49.333723, -25.394939, 0.0 ], [ -49.332786, -25.395987, 0.0 ], [ -49.332263, -25.396886, 0.0 ], [ -49.332739, -25.39848, 0.0 ], [ -49.333106, -25.398782, 0.0 ], [ -49.333476, -25.398764, 0.0 ], [ -49.333764, -25.398574, 0.0 ], [ -49.334211, -25.398536, 0.0 ], [ -49.334218, -25.399146, 0.0 ], [ -49.33415, -25.399556, 0.0 ], [ -49.334181, -25.399651, 0.0 ], [ -49.334347, -25.400096, 0.0 ], [ -49.334467, -25.400753, 0.0 ], [ -49.333892, -25.40097, 0.0 ], [ -49.331995, -25.401656, 0.0 ], [ -49.330878, -25.402622, 0.0 ], [ -49.32855, -25.403994, 0.0 ], [ -49.326777, -25.405139, 0.0 ], [ -49.326271, -25.406214, 0.0 ], [ -49.325701, -25.406698, 0.0 ], [ -49.324965, -25.40721, 0.0 ], [ -49.324559, -25.407608, 0.0 ], [ -49.323672, -25.409191, 0.0 ], [ -49.323671, -25.409191, 0.0 ], [ -49.322711, -25.408952, 0.0 ], [ -49.322709, -25.408951, 0.0 ], [ -49.322463, -25.409053, 0.0 ], [ -49.322173, -25.409157, 0.0 ], [ -49.321783, -25.409337, 0.0 ], [ -49.321435, -25.409552, 0.0 ], [ -49.321197, -25.409721, 0.0 ], [ -49.321072, -25.409853, 0.0 ], [ -49.320919, -25.410023, 0.0 ], [ -49.320782, -25.410338, 0.0 ], [ -49.320617, -25.41065, 0.0 ], [ -49.320444, -25.410879, 0.0 ], [ -49.320176, -25.411125, 0.0 ], [ -49.319827, -25.411421, 0.0 ], [ -49.319425, -25.41176, 0.0 ], [ -49.319261, -25.411899, 0.0 ], [ -49.319008, -25.412112, 0.0 ], [ -49.318545, -25.4125, 0.0 ], [ -49.318419, -25.412603, 0.0 ], [ -49.318275, -25.412701, 0.0 ], [ -49.318141, -25.412771, 0.0 ], [ -49.317778, -25.412916, 0.0 ], [ -49.317282, -25.413108, 0.0 ], [ -49.317066, -25.413173, 0.0 ], [ -49.316909, -25.413218, 0.0 ], [ -49.316774, -25.413253, 0.0 ], [ -49.31667, -25.413254, 0.0 ], [ -49.316507, -25.413255, 0.0 ], [ -49.316505, -25.413255, 0.0 ], [ -49.316359, -25.413248, 0.0 ], [ -49.316066, -25.413197, 0.0 ], [ -49.315257, -25.413115, 0.0 ], [ -49.315255, -25.413115, 0.0 ], [ -49.314919, -25.413163, 0.0 ], [ -49.314114, -25.413333, 0.0 ], [ -49.313353, -25.413492, 0.0 ], [ -49.310581, -25.414056, 0.0 ], [ -49.310667, -25.413774, 0.0 ], [ -49.310685, -25.413584, 0.0 ], [ -49.310812, -25.413426, 0.0 ], [ -49.311138, -25.413026, 0.0 ], [ -49.311569, -25.412572, 0.0 ], [ -49.311845, -25.412189, 0.0 ], [ -49.311987, -25.412018, 0.0 ], [ -49.312153, -25.411588, 0.0 ], [ -49.312221, -25.411371, 0.0 ], [ -49.312253, -25.411239, 0.0 ], [ -49.312244, -25.41113, 0.0 ], [ -49.312117, -25.410947, 0.0 ], [ -49.31197, -25.410727, 0.0 ], [ -49.311864, -25.410399, 0.0 ], [ -49.311832, -25.410221, 0.0 ], [ -49.311894, -25.410049, 0.0 ], [ -49.312274, -25.409359, 0.0 ], [ -49.312625, -25.408572, 0.0 ], [ -49.312731, -25.408174, 0.0 ], [ -49.312976, -25.407786, 0.0 ], [ -49.313284, -25.407262, 0.0 ], [ -49.313408, -25.406928, 0.0 ], [ -49.313519, -25.406166, 0.0 ], [ -49.31364, -25.405367, 0.0 ], [ -49.31363, -25.404659, 0.0 ], [ -49.313657, -25.404168, 0.0 ], [ -49.313365, -25.403583, 0.0 ], [ -49.313121, -25.403172, 0.0 ], [ -49.312658, -25.402658, 0.0 ], [ -49.311472, -25.401693, 0.0 ] ] ] } },
{ "type": "Feature", "properties": { "Name": "2024", "description": "descrição: <br>IDENTIFICA: 4402024<br>SETOR: 2024 - SEG/QUA/SEX - DIURNO - POSTO 08 - DOMICILIAR<br>APELIDO: 2024<br>MACROSETOR: POSTO 8 - DOMICILIAR<br>COR: 65280.000<br>FREQUENCIA: SEG/QUA/SEX - DIURNO<br>layer: 2024<br>path: G:/Drives compartilhados/J_NEGRAO_CCO/45 - Monitoramento/Paulo Lima/KMLKMZ Curitiba/Diurno/Seg-Qua-Sex/8/2024/2024 - SEG/QUA/SEX - DIURNO - POSTO 08 - DOMICILIAR/2024.shp", "timestamp": null, "begin": null, "end": null, "altitudeMode": null, "tessellate": -1, "extrude": 0, "visibility": -1, "drawOrder": null, "icon": null, "descri____o": "", "id": null, "IDENTIFICA": "4402024", "SETOR": "2024 - SEG/QUA/SEX - DIURNO - POSTO 08 - DOMICILIAR", "APELIDO": "2024", "MACROSETOR": "POSTO 8 - DOMICILIAR", "COR": "65280.000", "FREQUENCIA": "SEG/QUA/SEX - DIURNO", "layer": "2024", "path": "G:/Drives compartilhados/J_NEGRAO_CCO/45 - Monitoramento/Paulo Lima/KMLKMZ Curitiba/Diurno/Seg-Qua-Sex/8/2024/2024 - SEG/QUA/SEX - DIURNO - POSTO 08 - DOMICILIAR/2024.shp", "OBJECTID": null, "TURNO": null, "POSTO": null, "FreqTurno": null, "X_SEMANA": null, "TER": null, "QUI": null, "SAB": null, "SEG": null, "QUA": null, "SEX": null }, "geometry": { "type": "Polygon", "coordinates": [ [ [ -49.333217, -25.380741, 0.0 ], [ -49.333505, -25.38277, 0.0 ], [ -49.331655, -25.38423, 0.0 ], [ -49.330889, -25.384833, 0.0 ], [ -49.330815, -25.3849, 0.0 ], [ -49.331412, -25.390187, 0.0 ], [ -49.334177, -25.391907, 0.0 ], [ -49.335024, -25.392446, 0.0 ], [ -49.333204, -25.392584, 0.0 ], [ -49.330479, -25.392917, 0.0 ], [ -49.330024, -25.393354, 0.0 ], [ -49.329757, -25.393887, 0.0 ], [ -49.329616, -25.394324, 0.0 ], [ -49.329543, -25.394368, 0.0 ], [ -49.329463, -25.394386, 0.0 ], [ -49.329273, -25.394352, 0.0 ], [ -49.32914, -25.394359, 0.0 ], [ -49.329112, -25.394427, 0.0 ], [ -49.329024, -25.394485, 0.0 ], [ -49.328961, -25.394523, 0.0 ], [ -49.328915, -25.394536, 0.0 ], [ -49.328896, -25.39464, 0.0 ], [ -49.327784, -25.395491, 0.0 ], [ -49.327482, -25.395621, 0.0 ], [ -49.327476, -25.396189, 0.0 ], [ -49.326881, -25.396296, 0.0 ], [ -49.326764, -25.396354, 0.0 ], [ -49.326238, -25.396627, 0.0 ], [ -49.325431, -25.397201, 0.0 ], [ -49.325379, -25.398664, 0.0 ], [ -49.325363, -25.399089, 0.0 ], [ -49.324983, -25.398878, 0.0 ], [ -49.324685, -25.398702, 0.0 ], [ -49.324324, -25.39863, 0.0 ], [ -49.323551, -25.398633, 0.0 ], [ -49.323537, -25.399102, 0.0 ], [ -49.322382, -25.399171, 0.0 ], [ -49.322222, -25.399165, 0.0 ], [ -49.321607, -25.399235, 0.0 ], [ -49.321355, -25.399189, 0.0 ], [ -49.321186, -25.399057, 0.0 ], [ -49.32095, -25.398831, 0.0 ], [ -49.320746, -25.398729, 0.0 ], [ -49.320188, -25.398543, 0.0 ], [ -49.319086, -25.398257, 0.0 ], [ -49.31767, -25.397894, 0.0 ], [ -49.317372, -25.397855, 0.0 ], [ -49.317216, -25.397832, 0.0 ], [ -49.316817, -25.397881, 0.0 ], [ -49.316189, -25.398068, 0.0 ], [ -49.315668, -25.398224, 0.0 ], [ -49.314948, -25.398484, 0.0 ], [ -49.314603, -25.398849, 0.0 ], [ -49.314511, -25.398995, 0.0 ], [ -49.314218, -25.399471, 0.0 ], [ -49.313973, -25.399718, 0.0 ], [ -49.311731, -25.401372, 0.0 ], [ -49.311553, -25.4015, 0.0 ], [ -49.311472, -25.401693, 0.0 ], [ -49.311223, -25.401858, 0.0 ], [ -49.310623, -25.402207, 0.0 ], [ -49.310222, -25.402477, 0.0 ], [ -49.310079, -25.402585, 0.0 ], [ -49.309825, -25.402759, 0.0 ], [ -49.308993, -25.403329, 0.0 ], [ -49.308478, -25.403796, 0.0 ], [ -49.308145, -25.403979, 0.0 ], [ -49.306707, -25.404306, 0.0 ], [ -49.306333, -25.404473, 0.0 ], [ -49.305897, -25.40492, 0.0 ], [ -49.305885, -25.40544, 0.0 ], [ -49.305571, -25.40555, 0.0 ], [ -49.305238, -25.405249, 0.0 ], [ -49.304962, -25.404565, 0.0 ], [ -49.304862, -25.404195, 0.0 ], [ -49.304525, -25.404036, 0.0 ], [ -49.304118, -25.404288, 0.0 ], [ -49.303784, -25.404513, 0.0 ], [ -49.303335, -25.404476, 0.0 ], [ -49.303333, -25.404461, 0.0 ], [ -49.303157, -25.403365, 0.0 ], [ -49.303195, -25.402933, 0.0 ], [ -49.303299, -25.402563, 0.0 ], [ -49.303363, -25.402332, 0.0 ], [ -49.303405, -25.402056, 0.0 ], [ -49.303504, -25.40188, 0.0 ], [ -49.303624, -25.401617, 0.0 ], [ -49.303669, -25.401501, 0.0 ], [ -49.303776, -25.401396, 0.0 ], [ -49.303948, -25.40134, 0.0 ], [ -49.304196, -25.401343, 0.0 ], [ -49.304355, -25.401374, 0.0 ], [ -49.304507, -25.401379, 0.0 ], [ -49.304643, -25.401313, 0.0 ], [ -49.304815, -25.401224, 0.0 ], [ -49.304873, -25.401122, 0.0 ], [ -49.304881, -25.401038, 0.0 ], [ -49.304876, -25.40093, 0.0 ], [ -49.304881, -25.400797, 0.0 ], [ -49.304852, -25.400552, 0.0 ], [ -49.304829, -25.400429, 0.0 ], [ -49.304774, -25.400344, 0.0 ], [ -49.304591, -25.400197, 0.0 ], [ -49.304352, -25.400098, 0.0 ], [ -49.304244, -25.399958, 0.0 ], [ -49.304221, -25.399823, 0.0 ], [ -49.304216, -25.39972, 0.0 ], [ -49.30428, -25.399578, 0.0 ], [ -49.304272, -25.399453, 0.0 ], [ -49.30421, -25.399323, 0.0 ], [ -49.304095, -25.399193, 0.0 ], [ -49.304018, -25.398812, 0.0 ], [ -49.303965, -25.398544, 0.0 ], [ -49.303863, -25.398262, 0.0 ], [ -49.303743, -25.397964, 0.0 ], [ -49.303664, -25.397799, 0.0 ], [ -49.303665, -25.39768, 0.0 ], [ -49.303714, -25.3975, 0.0 ], [ -49.303846, -25.397209, 0.0 ], [ -49.304015, -25.396947, 0.0 ], [ -49.304229, -25.396729, 0.0 ], [ -49.304403, -25.396549, 0.0 ], [ -49.304462, -25.396502, 0.0 ], [ -49.305499, -25.396619, 0.0 ], [ -49.306419, -25.396724, 0.0 ], [ -49.306457, -25.396374, 0.0 ], [ -49.306425, -25.395991, 0.0 ], [ -49.306379, -25.395755, 0.0 ], [ -49.306114, -25.395413, 0.0 ], [ -49.305866, -25.395073, 0.0 ], [ -49.305786, -25.394926, 0.0 ], [ -49.305779, -25.394748, 0.0 ], [ -49.305782, -25.394738, 0.0 ], [ -49.30578, -25.39469, 0.0 ], [ -49.305827, -25.394523, 0.0 ], [ -49.305918, -25.394379, 0.0 ], [ -49.306039, -25.394215, 0.0 ], [ -49.30625, -25.393996, 0.0 ], [ -49.30636, -25.393938, 0.0 ], [ -49.306679, -25.393819, 0.0 ], [ -49.306892, -25.393669, 0.0 ], [ -49.306996, -25.39351, 0.0 ], [ -49.307048, -25.393359, 0.0 ], [ -49.307048, -25.393241, 0.0 ], [ -49.306975, -25.393148, 0.0 ], [ -49.306734, -25.392784, 0.0 ], [ -49.306558, -25.392454, 0.0 ], [ -49.306457, -25.392312, 0.0 ], [ -49.306458, -25.392255, 0.0 ], [ -49.306458, -25.392254, 0.0 ], [ -49.306461, -25.392119, 0.0 ], [ -49.306559, -25.391904, 0.0 ], [ -49.306652, -25.391697, 0.0 ], [ -49.306703, -25.391506, 0.0 ], [ -49.306675, -25.391256, 0.0 ], [ -49.306675, -25.390801, 0.0 ], [ -49.306661, -25.390179, 0.0 ], [ -49.306586, -25.389909, 0.0 ], [ -49.306478, -25.389672, 0.0 ], [ -49.306236, -25.389108, 0.0 ], [ -49.306061, -25.388694, 0.0 ], [ -49.305914, -25.388379, 0.0 ], [ -49.30573, -25.388162, 0.0 ], [ -49.305459, -25.388, 0.0 ], [ -49.304723, -25.387812, 0.0 ], [ -49.304476, -25.387254, 0.0 ], [ -49.303897, -25.386234, 0.0 ], [ -49.303922, -25.385487, 0.0 ], [ -49.30413, -25.385209, 0.0 ], [ -49.304161, -25.385028, 0.0 ], [ -49.304152, -25.384771, 0.0 ], [ -49.303963, -25.384521, 0.0 ], [ -49.303572, -25.384283, 0.0 ], [ -49.303503, -25.384126, 0.0 ], [ -49.304381, -25.38426, 0.0 ], [ -49.304961, -25.384299, 0.0 ], [ -49.305262, -25.384283, 0.0 ], [ -49.306317, -25.384087, 0.0 ], [ -49.307536, -25.383906, 0.0 ], [ -49.308396, -25.383877, 0.0 ], [ -49.308719, -25.383835, 0.0 ], [ -49.309301, -25.383627, 0.0 ], [ -49.310305, -25.383567, 0.0 ], [ -49.310534, -25.383435, 0.0 ], [ -49.311691, -25.382592, 0.0 ], [ -49.312136, -25.382559, 0.0 ], [ -49.313554, -25.382957, 0.0 ], [ -49.315093, -25.383384, 0.0 ], [ -49.31587, -25.383492, 0.0 ], [ -49.318315, -25.383833, 0.0 ], [ -49.318848, -25.383902, 0.0 ], [ -49.319214, -25.384058, 0.0 ], [ -49.319733, -25.384271, 0.0 ], [ -49.320781, -25.385077, 0.0 ], [ -49.321481, -25.385512, 0.0 ], [ -49.321692, -25.385561, 0.0 ], [ -49.323064, -25.38549, 0.0 ], [ -49.325032, -25.38538, 0.0 ], [ -49.325798, -25.385335, 0.0 ], [ -49.326741, -25.382228, 0.0 ], [ -49.327068, -25.38123, 0.0 ], [ -49.328684, -25.38113, 0.0 ], [ -49.330373, -25.380993, 0.0 ], [ -49.330374, -25.380993, 0.0 ], [ -49.330564, -25.38098, 0.0 ], [ -49.330564, -25.380987, 0.0 ], [ -49.333217, -25.380741, 0.0 ] ] ] } },
{ "type": "Feature", "properties": { "Name": "2025", "description": "descrição: <br>IDENTIFICA: 4402025<br>SETOR: 2025 - SEG/QUA/SEX - DIURNO - POSTO 08 - DOMICILIAR<br>APELIDO: 2025<br>MACROSETOR: POSTO 8 - DOMICILIAR<br>COR: 8404992.000<br>FREQUENCIA: SEG/QUA/SEX - DIURNO<br>layer: 2025<br>path: G:/Drives compartilhados/J_NEGRAO_CCO/45 - Monitoramento/Paulo Lima/KMLKMZ Curitiba/Diurno/Seg-Qua-Sex/8/2025/2025 - SEG/QUA/SEX - DIURNO - POSTO 08 - DOMICILIAR/2025.shp", "timestamp": null, "begin": null, "end": null, "altitudeMode": null, "tessellate": -1, "extrude": 0, "visibility": -1, "drawOrder": null, "icon": null, "descri____o": "", "id": null, "IDENTIFICA": "4402025", "SETOR": "2025 - SEG/QUA/SEX - DIURNO - POSTO 08 - DOMICILIAR", "APELIDO": "2025", "MACROSETOR": "POSTO 8 - DOMICILIAR", "COR": "8404992.000", "FREQUENCIA": "SEG/QUA/SEX - DIURNO", "layer": "2025", "path": "G:/Drives compartilhados/J_NEGRAO_CCO/45 - Monitoramento/Paulo Lima/KMLKMZ Curitiba/Diurno/Seg-Qua-Sex/8/2025/2025 - SEG/QUA/SEX - DIURNO - POSTO 08 - DOMICILIAR/2025.shp", "OBJECTID": null, "TURNO": null, "POSTO": null, "FreqTurno": null, "X_SEMANA": null, "TER": null, "QUI": null, "SAB": null, "SEG": null, "QUA": null, "SEX": null }, "geometry": { "type": "Polygon", "coordinates": [ [ [ -49.299787, -25.395905, 0.0 ], [ -49.299888, -25.396275, 0.0 ], [ -49.299914, -25.39645, 0.0 ], [ -49.29997, -25.396626, 0.0 ], [ -49.299591, -25.396762, 0.0 ], [ -49.299057, -25.396958, 0.0 ], [ -49.298678, -25.39712, 0.0 ], [ -49.298028, -25.397341, 0.0 ], [ -49.29731, -25.397631, 0.0 ], [ -49.296834, -25.397827, 0.0 ], [ -49.29676, -25.397576, 0.0 ], [ -49.296138, -25.397867, 0.0 ], [ -49.297044, -25.398658, 0.0 ], [ -49.296971, -25.398913, 0.0 ], [ -49.296674, -25.399181, 0.0 ], [ -49.296326, -25.399516, 0.0 ], [ -49.296138, -25.399731, 0.0 ], [ -49.296058, -25.399807, 0.0 ], [ -49.295878, -25.399864, 0.0 ], [ -49.295504, -25.399878, 0.0 ], [ -49.295374, -25.399922, 0.0 ], [ -49.295246, -25.400124, 0.0 ], [ -49.295041, -25.400546, 0.0 ], [ -49.294783, -25.400828, 0.0 ], [ -49.294591, -25.401038, 0.0 ], [ -49.294689, -25.401276, 0.0 ], [ -49.294767, -25.401558, 0.0 ], [ -49.294742, -25.401827, 0.0 ], [ -49.2946, -25.401968, 0.0 ], [ -49.294471, -25.402082, 0.0 ], [ -49.294096, -25.402052, 0.0 ], [ -49.293851, -25.40201, 0.0 ], [ -49.29355, -25.401925, 0.0 ], [ -49.293286, -25.402141, 0.0 ], [ -49.292932, -25.402517, 0.0 ], [ -49.292177, -25.403485, 0.0 ], [ -49.291919, -25.404065, 0.0 ], [ -49.291805, -25.404247, 0.0 ], [ -49.290702, -25.40494, 0.0 ], [ -49.290189, -25.404294, 0.0 ], [ -49.289689, -25.40381, 0.0 ], [ -49.289229, -25.403486, 0.0 ], [ -49.288443, -25.402859, 0.0 ], [ -49.287074, -25.401597, 0.0 ], [ -49.286851, -25.401711, 0.0 ], [ -49.286312, -25.40185, 0.0 ], [ -49.285784, -25.402027, 0.0 ], [ -49.284809, -25.402423, 0.0 ], [ -49.284465, -25.402567, 0.0 ], [ -49.284463, -25.402568, 0.0 ], [ -49.283885, -25.40281, 0.0 ], [ -49.28282, -25.403243, 0.0 ], [ -49.282418, -25.403407, 0.0 ], [ -49.282441, -25.403276, 0.0 ], [ -49.28247, -25.403124, 0.0 ], [ -49.282711, -25.402829, 0.0 ], [ -49.283679, -25.401648, 0.0 ], [ -49.28422, -25.401376, 0.0 ], [ -49.28464, -25.401194, 0.0 ], [ -49.284649, -25.401188, 0.0 ], [ -49.283971, -25.400405, 0.0 ], [ -49.283568, -25.400685, 0.0 ], [ -49.283268, -25.400204, 0.0 ], [ -49.282867, -25.399828, 0.0 ], [ -49.282324, -25.399738, 0.0 ], [ -49.282109, -25.399619, 0.0 ], [ -49.282435, -25.399107, 0.0 ], [ -49.283366, -25.399031, 0.0 ], [ -49.284815, -25.399054, 0.0 ], [ -49.285448, -25.399303, 0.0 ], [ -49.285715, -25.399795, 0.0 ], [ -49.28563, -25.400749, 0.0 ], [ -49.28572, -25.400682, 0.0 ], [ -49.286476, -25.400115, 0.0 ], [ -49.286744, -25.399937, 0.0 ], [ -49.286809, -25.399894, 0.0 ], [ -49.286812, -25.399892, 0.0 ], [ -49.287694, -25.399059, 0.0 ], [ -49.288065, -25.398709, 0.0 ], [ -49.288126, -25.398565, 0.0 ], [ -49.288233, -25.398177, 0.0 ], [ -49.288237, -25.398163, 0.0 ], [ -49.288237, -25.397984, 0.0 ], [ -49.288237, -25.397714, 0.0 ], [ -49.287967, -25.39711, 0.0 ], [ -49.287945, -25.397057, 0.0 ], [ -49.287655, -25.396372, 0.0 ], [ -49.287525, -25.396329, 0.0 ], [ -49.287408, -25.396289, 0.0 ], [ -49.287412, -25.396288, 0.0 ], [ -49.287617, -25.396206, 0.0 ], [ -49.287597, -25.396148, 0.0 ], [ -49.287834, -25.395749, 0.0 ], [ -49.288026, -25.395541, 0.0 ], [ -49.288218, -25.395334, 0.0 ], [ -49.288493, -25.395222, 0.0 ], [ -49.288811, -25.395092, 0.0 ], [ -49.289043, -25.394999, 0.0 ], [ -49.289237, -25.394715, 0.0 ], [ -49.289279, -25.394696, 0.0 ], [ -49.28958, -25.394241, 0.0 ], [ -49.289689, -25.393975, 0.0 ], [ -49.28986, -25.393747, 0.0 ], [ -49.290054, -25.393482, 0.0 ], [ -49.290202, -25.393427, 0.0 ], [ -49.290391, -25.393391, 0.0 ], [ -49.290665, -25.393413, 0.0 ], [ -49.291063, -25.393513, 0.0 ], [ -49.291357, -25.393574, 0.0 ], [ -49.291882, -25.393637, 0.0 ], [ -49.292555, -25.393626, 0.0 ], [ -49.292935, -25.393554, 0.0 ], [ -49.293461, -25.393522, 0.0 ], [ -49.29363, -25.393505, 0.0 ], [ -49.294093, -25.393453, 0.0 ], [ -49.294451, -25.393457, 0.0 ], [ -49.294702, -25.393574, 0.0 ], [ -49.295038, -25.393597, 0.0 ], [ -49.29525, -25.393485, 0.0 ], [ -49.295329, -25.391879, 0.0 ], [ -49.295372, -25.390121, 0.0 ], [ -49.295476, -25.388043, 0.0 ], [ -49.296733, -25.386018, 0.0 ], [ -49.297856, -25.384717, 0.0 ], [ -49.298254, -25.384524, 0.0 ], [ -49.298786, -25.384162, 0.0 ], [ -49.29919, -25.383747, 0.0 ], [ -49.300518, -25.383655, 0.0 ], [ -49.30271, -25.383229, 0.0 ], [ -49.302982, -25.383371, 0.0 ], [ -49.303244, -25.383668, 0.0 ], [ -49.303602, -25.384273, 0.0 ], [ -49.303955, -25.38449, 0.0 ], [ -49.304182, -25.38478, 0.0 ], [ -49.304189, -25.385, 0.0 ], [ -49.304118, -25.385248, 0.0 ], [ -49.303951, -25.385507, 0.0 ], [ -49.303913, -25.386217, 0.0 ], [ -49.304475, -25.387254, 0.0 ], [ -49.304661, -25.387673, 0.0 ], [ -49.304664, -25.387678, 0.0 ], [ -49.304722, -25.387812, 0.0 ], [ -49.305459, -25.388, 0.0 ], [ -49.30573, -25.388162, 0.0 ], [ -49.305914, -25.388379, 0.0 ], [ -49.306061, -25.388694, 0.0 ], [ -49.306236, -25.389108, 0.0 ], [ -49.306478, -25.389672, 0.0 ], [ -49.306586, -25.389909, 0.0 ], [ -49.306661, -25.390179, 0.0 ], [ -49.306675, -25.390801, 0.0 ], [ -49.306675, -25.391256, 0.0 ], [ -49.306703, -25.391506, 0.0 ], [ -49.306652, -25.391697, 0.0 ], [ -49.306559, -25.391904, 0.0 ], [ -49.306461, -25.392119, 0.0 ], [ -49.306458, -25.392254, 0.0 ], [ -49.306458, -25.392255, 0.0 ], [ -49.306457, -25.392312, 0.0 ], [ -49.306558, -25.392454, 0.0 ], [ -49.306734, -25.392784, 0.0 ], [ -49.306975, -25.393148, 0.0 ], [ -49.307048, -25.393241, 0.0 ], [ -49.307048, -25.393359, 0.0 ], [ -49.306996, -25.39351, 0.0 ], [ -49.306892, -25.393669, 0.0 ], [ -49.306679, -25.393819, 0.0 ], [ -49.30636, -25.393938, 0.0 ], [ -49.30625, -25.393996, 0.0 ], [ -49.306039, -25.394215, 0.0 ], [ -49.306023, -25.394238, 0.0 ], [ -49.305896, -25.394184, 0.0 ], [ -49.305217, -25.393871, 0.0 ], [ -49.304461, -25.393767, 0.0 ], [ -49.301526, -25.393809, 0.0 ], [ -49.30107, -25.393928, 0.0 ], [ -49.300907, -25.394549, 0.0 ], [ -49.300756, -25.394942, 0.0 ], [ -49.300052, -25.395619, 0.0 ], [ -49.300064, -25.395616, 0.0 ], [ -49.299787, -25.395905, 0.0 ] ] ] } },
{ "type": "Feature", "properties": { "Name": "2026", "description": "descrição: <br>IDENTIFICA: 4402026<br>SETOR: 2026 - SEG/QUA/SEX - DIURNO - POSTO 08 - DOMICILIAR<br>APELIDO: 2026<br>MACROSETOR: POSTO 8 - DOMICILIAR<br>COR: 255.000<br>FREQUENCIA: SEG/QUA/SEX - DIURNO<br>layer: 2026<br>path: G:/Drives compartilhados/J_NEGRAO_CCO/45 - Monitoramento/Paulo Lima/KMLKMZ Curitiba/Diurno/Seg-Qua-Sex/8/2026/2026 - SEG/QUA/SEX - DIURNO - POSTO 08 - DOMICILIAR/2026.shp", "timestamp": null, "begin": null, "end": null, "altitudeMode": null, "tessellate": -1, "extrude": 0, "visibility": -1, "drawOrder": null, "icon": null, "descri____o": "", "id": null, "IDENTIFICA": "4402026", "SETOR": "2026 - SEG/QUA/SEX - DIURNO - POSTO 08 - DOMICILIAR", "APELIDO": "2026", "MACROSETOR": "POSTO 8 - DOMICILIAR", "COR": "255.000", "FREQUENCIA": "SEG/QUA/SEX - DIURNO", "layer": "2026", "path": "G:/Drives compartilhados/J_NEGRAO_CCO/45 - Monitoramento/Paulo Lima/KMLKMZ Curitiba/Diurno/Seg-Qua-Sex/8/2026/2026 - SEG/QUA/SEX - DIURNO - POSTO 08 - DOMICILIAR/2026.shp", "OBJECTID": null, "TURNO": null, "POSTO": null, "FreqTurno": null, "X_SEMANA": null, "TER": null, "QUI": null, "SAB": null, "SEG": null, "QUA": null, "SEX": null }, "geometry": { "type": "Polygon", "coordinates": [ [ [ -49.341114, -25.352569, 0.0 ], [ -49.341198, -25.352656, 0.0 ], [ -49.341201, -25.352806, 0.0 ], [ -49.341201, -25.352871, 0.0 ], [ -49.341182, -25.352984, 0.0 ], [ -49.34107, -25.353095, 0.0 ], [ -49.340962, -25.353178, 0.0 ], [ -49.340829, -25.353333, 0.0 ], [ -49.340788, -25.353368, 0.0 ], [ -49.340748, -25.353423, 0.0 ], [ -49.3407, -25.3535, 0.0 ], [ -49.340682, -25.353575, 0.0 ], [ -49.340686, -25.353692, 0.0 ], [ -49.340706, -25.353758, 0.0 ], [ -49.340761, -25.353857, 0.0 ], [ -49.340896, -25.353955, 0.0 ], [ -49.340964, -25.354002, 0.0 ], [ -49.341034, -25.354029, 0.0 ], [ -49.341194, -25.354015, 0.0 ], [ -49.341306, -25.353992, 0.0 ], [ -49.341461, -25.354027, 0.0 ], [ -49.341549, -25.35411, 0.0 ], [ -49.341607, -25.354146, 0.0 ], [ -49.341697, -25.354238, 0.0 ], [ -49.341721, -25.35437, 0.0 ], [ -49.341746, -25.354495, 0.0 ], [ -49.341792, -25.354605, 0.0 ], [ -49.341873, -25.354754, 0.0 ], [ -49.341846, -25.354804, 0.0 ], [ -49.341745, -25.354813, 0.0 ], [ -49.341683, -25.354842, 0.0 ], [ -49.34158, -25.354917, 0.0 ], [ -49.341571, -25.354983, 0.0 ], [ -49.341647, -25.355078, 0.0 ], [ -49.341767, -25.355158, 0.0 ], [ -49.341814, -25.355219, 0.0 ], [ -49.341804, -25.355322, 0.0 ], [ -49.341679, -25.355421, 0.0 ], [ -49.341574, -25.355469, 0.0 ], [ -49.341452, -25.355495, 0.0 ], [ -49.341395, -25.355499, 0.0 ], [ -49.341291, -25.355542, 0.0 ], [ -49.341215, -25.35564, 0.0 ], [ -49.341219, -25.355695, 0.0 ], [ -49.34129, -25.355861, 0.0 ], [ -49.341434, -25.355984, 0.0 ], [ -49.341591, -25.356118, 0.0 ], [ -49.341678, -25.356187, 0.0 ], [ -49.3418, -25.356265, 0.0 ], [ -49.34192, -25.356361, 0.0 ], [ -49.342025, -25.35641, 0.0 ], [ -49.342105, -25.356471, 0.0 ], [ -49.34213, -25.356536, 0.0 ], [ -49.342132, -25.35663, 0.0 ], [ -49.342127, -25.356725, 0.0 ], [ -49.342161, -25.356815, 0.0 ], [ -49.342199, -25.356899, 0.0 ], [ -49.342149, -25.357015, 0.0 ], [ -49.342108, -25.357112, 0.0 ], [ -49.342102, -25.357211, 0.0 ], [ -49.342125, -25.357314, 0.0 ], [ -49.342195, -25.357405, 0.0 ], [ -49.342311, -25.35751, 0.0 ], [ -49.342454, -25.357628, 0.0 ], [ -49.342608, -25.357742, 0.0 ], [ -49.342714, -25.357783, 0.0 ], [ -49.342888, -25.357771, 0.0 ], [ -49.342983, -25.357755, 0.0 ], [ -49.342907, -25.357849, 0.0 ], [ -49.342822, -25.357911, 0.0 ], [ -49.342717, -25.358005, 0.0 ], [ -49.342544, -25.358143, 0.0 ], [ -49.342479, -25.358233, 0.0 ], [ -49.342452, -25.358343, 0.0 ], [ -49.342394, -25.35841, 0.0 ], [ -49.342265, -25.358471, 0.0 ], [ -49.34211, -25.358475, 0.0 ], [ -49.342041, -25.358433, 0.0 ], [ -49.341982, -25.358359, 0.0 ], [ -49.341903, -25.358284, 0.0 ], [ -49.341852, -25.35826, 0.0 ], [ -49.341785, -25.358251, 0.0 ], [ -49.341708, -25.358294, 0.0 ], [ -49.341694, -25.358366, 0.0 ], [ -49.341723, -25.35849, 0.0 ], [ -49.341584, -25.358529, 0.0 ], [ -49.341474, -25.358579, 0.0 ], [ -49.34139, -25.358664, 0.0 ], [ -49.341374, -25.358723, 0.0 ], [ -49.341336, -25.358762, 0.0 ], [ -49.341281, -25.358789, 0.0 ], [ -49.341246, -25.358861, 0.0 ], [ -49.341268, -25.358933, 0.0 ], [ -49.341298, -25.35898, 0.0 ], [ -49.34115, -25.359146, 0.0 ], [ -49.3411, -25.359204, 0.0 ], [ -49.341101, -25.35932, 0.0 ], [ -49.341152, -25.35938, 0.0 ], [ -49.341238, -25.359444, 0.0 ], [ -49.341355, -25.359463, 0.0 ], [ -49.341513, -25.359467, 0.0 ], [ -49.341704, -25.359531, 0.0 ], [ -49.341784, -25.359623, 0.0 ], [ -49.341824, -25.359678, 0.0 ], [ -49.341924, -25.359794, 0.0 ], [ -49.342012, -25.359834, 0.0 ], [ -49.34211, -25.359822, 0.0 ], [ -49.342186, -25.359784, 0.0 ], [ -49.342282, -25.35971, 0.0 ], [ -49.342403, -25.359709, 0.0 ], [ -49.342479, -25.359718, 0.0 ], [ -49.342622, -25.359709, 0.0 ], [ -49.342679, -25.359717, 0.0 ], [ -49.342809, -25.359781, 0.0 ], [ -49.342893, -25.359797, 0.0 ], [ -49.343032, -25.359795, 0.0 ], [ -49.343138, -25.359834, 0.0 ], [ -49.343171, -25.359917, 0.0 ], [ -49.343139, -25.360028, 0.0 ], [ -49.343078, -25.360139, 0.0 ], [ -49.342969, -25.360293, 0.0 ], [ -49.342868, -25.360481, 0.0 ], [ -49.342837, -25.360557, 0.0 ], [ -49.34286, -25.360642, 0.0 ], [ -49.342915, -25.360715, 0.0 ], [ -49.342995, -25.360749, 0.0 ], [ -49.34308, -25.360773, 0.0 ], [ -49.343213, -25.360798, 0.0 ], [ -49.343336, -25.360853, 0.0 ], [ -49.343449, -25.360926, 0.0 ], [ -49.343591, -25.361066, 0.0 ], [ -49.343644, -25.361112, 0.0 ], [ -49.343733, -25.361199, 0.0 ], [ -49.343772, -25.361268, 0.0 ], [ -49.343734, -25.361394, 0.0 ], [ -49.343702, -25.361437, 0.0 ], [ -49.343637, -25.36147, 0.0 ], [ -49.343583, -25.361539, 0.0 ], [ -49.34357, -25.361617, 0.0 ], [ -49.343581, -25.361773, 0.0 ], [ -49.343573, -25.361867, 0.0 ], [ -49.343493, -25.361909, 0.0 ], [ -49.343347, -25.361911, 0.0 ], [ -49.343276, -25.361905, 0.0 ], [ -49.343192, -25.361904, 0.0 ], [ -49.343073, -25.361957, 0.0 ], [ -49.343122, -25.362058, 0.0 ], [ -49.343216, -25.362169, 0.0 ], [ -49.343292, -25.362274, 0.0 ], [ -49.34334, -25.362388, 0.0 ], [ -49.343338, -25.362463, 0.0 ], [ -49.34339, -25.362564, 0.0 ], [ -49.343333, -25.362653, 0.0 ], [ -49.343245, -25.36272, 0.0 ], [ -49.343116, -25.362745, 0.0 ], [ -49.343039, -25.362759, 0.0 ], [ -49.342962, -25.362782, 0.0 ], [ -49.342888, -25.362824, 0.0 ], [ -49.342835, -25.362896, 0.0 ], [ -49.342827, -25.362986, 0.0 ], [ -49.342853, -25.363072, 0.0 ], [ -49.342919, -25.36314, 0.0 ], [ -49.343019, -25.363153, 0.0 ], [ -49.343096, -25.36313, 0.0 ], [ -49.343231, -25.363093, 0.0 ], [ -49.343301, -25.363079, 0.0 ], [ -49.343366, -25.363069, 0.0 ], [ -49.343494, -25.363095, 0.0 ], [ -49.34361, -25.363154, 0.0 ], [ -49.343671, -25.363199, 0.0 ], [ -49.343539, -25.363218, 0.0 ], [ -49.343453, -25.363245, 0.0 ], [ -49.34335, -25.36323, 0.0 ], [ -49.343263, -25.363231, 0.0 ], [ -49.343178, -25.363266, 0.0 ], [ -49.343105, -25.363331, 0.0 ], [ -49.343095, -25.363422, 0.0 ], [ -49.343124, -25.363501, 0.0 ], [ -49.343184, -25.363561, 0.0 ], [ -49.343263, -25.3636, 0.0 ], [ -49.343354, -25.363605, 0.0 ], [ -49.343438, -25.363578, 0.0 ], [ -49.343584, -25.363533, 0.0 ], [ -49.343714, -25.363521, 0.0 ], [ -49.34384, -25.363561, 0.0 ], [ -49.34392, -25.363637, 0.0 ], [ -49.343976, -25.363803, 0.0 ], [ -49.343965, -25.36386, 0.0 ], [ -49.343917, -25.363981, 0.0 ], [ -49.343886, -25.364131, 0.0 ], [ -49.343897, -25.364276, 0.0 ], [ -49.343922, -25.364339, 0.0 ], [ -49.343906, -25.364452, 0.0 ], [ -49.3439, -25.364526, 0.0 ], [ -49.343916, -25.364595, 0.0 ], [ -49.343928, -25.364654, 0.0 ], [ -49.343929, -25.364796, 0.0 ], [ -49.343993, -25.364869, 0.0 ], [ -49.344076, -25.364901, 0.0 ], [ -49.344144, -25.36491, 0.0 ], [ -49.344201, -25.36494, 0.0 ], [ -49.344332, -25.364987, 0.0 ], [ -49.34438, -25.365034, 0.0 ], [ -49.344427, -25.36508, 0.0 ], [ -49.344491, -25.36519, 0.0 ], [ -49.344567, -25.365302, 0.0 ], [ -49.344669, -25.365411, 0.0 ], [ -49.344752, -25.36543, 0.0 ], [ -49.344832, -25.365426, 0.0 ], [ -49.344971, -25.365357, 0.0 ], [ -49.345024, -25.365307, 0.0 ], [ -49.345087, -25.365193, 0.0 ], [ -49.345137, -25.365158, 0.0 ], [ -49.345196, -25.365118, 0.0 ], [ -49.345308, -25.365072, 0.0 ], [ -49.34538, -25.365061, 0.0 ], [ -49.345517, -25.365002, 0.0 ], [ -49.345648, -25.364971, 0.0 ], [ -49.345859, -25.364945, 0.0 ], [ -49.345925, -25.364941, 0.0 ], [ -49.346046, -25.364956, 0.0 ], [ -49.346136, -25.365184, 0.0 ], [ -49.346034, -25.365319, 0.0 ], [ -49.345945, -25.365356, 0.0 ], [ -49.345863, -25.365406, 0.0 ], [ -49.345861, -25.3655, 0.0 ], [ -49.345893, -25.365567, 0.0 ], [ -49.345934, -25.365618, 0.0 ], [ -49.346002, -25.365722, 0.0 ], [ -49.345995, -25.365833, 0.0 ], [ -49.345922, -25.365929, 0.0 ], [ -49.345812, -25.366005, 0.0 ], [ -49.34569, -25.366063, 0.0 ], [ -49.345621, -25.366095, 0.0 ], [ -49.345555, -25.366145, 0.0 ], [ -49.345544, -25.366421, 0.0 ], [ -49.345569, -25.366482, 0.0 ], [ -49.345626, -25.366551, 0.0 ], [ -49.34571, -25.366607, 0.0 ], [ -49.345759, -25.366645, 0.0 ], [ -49.345719, -25.366697, 0.0 ], [ -49.345673, -25.36675, 0.0 ], [ -49.345669, -25.366827, 0.0 ], [ -49.345678, -25.366894, 0.0 ], [ -49.345684, -25.366996, 0.0 ], [ -49.345727, -25.367089, 0.0 ], [ -49.345679, -25.367125, 0.0 ], [ -49.345544, -25.367193, 0.0 ], [ -49.34545, -25.367311, 0.0 ], [ -49.34543, -25.367385, 0.0 ], [ -49.345453, -25.367478, 0.0 ], [ -49.345522, -25.367518, 0.0 ], [ -49.345593, -25.36755, 0.0 ], [ -49.345743, -25.367552, 0.0 ], [ -49.345911, -25.367535, 0.0 ], [ -49.346001, -25.367637, 0.0 ], [ -49.345957, -25.367683, 0.0 ], [ -49.345892, -25.367703, 0.0 ], [ -49.345759, -25.367728, 0.0 ], [ -49.345616, -25.367728, 0.0 ], [ -49.345335, -25.367757, 0.0 ], [ -49.345196, -25.367717, 0.0 ], [ -49.345109, -25.36773, 0.0 ], [ -49.34505, -25.367785, 0.0 ], [ -49.344957, -25.367896, 0.0 ], [ -49.344957, -25.368046, 0.0 ], [ -49.345045, -25.368166, 0.0 ], [ -49.345139, -25.368268, 0.0 ], [ -49.345247, -25.368423, 0.0 ], [ -49.345234, -25.368541, 0.0 ], [ -49.345229, -25.368656, 0.0 ], [ -49.34513, -25.368735, 0.0 ], [ -49.345066, -25.368754, 0.0 ], [ -49.34494, -25.368833, 0.0 ], [ -49.344899, -25.368892, 0.0 ], [ -49.344848, -25.369033, 0.0 ], [ -49.344845, -25.369117, 0.0 ], [ -49.344837, -25.36921, 0.0 ], [ -49.344828, -25.369346, 0.0 ], [ -49.344844, -25.369424, 0.0 ], [ -49.344928, -25.369474, 0.0 ], [ -49.345014, -25.369451, 0.0 ], [ -49.345079, -25.369414, 0.0 ], [ -49.345188, -25.369325, 0.0 ], [ -49.345316, -25.36927, 0.0 ], [ -49.345424, -25.369206, 0.0 ], [ -49.345498, -25.369197, 0.0 ], [ -49.345571, -25.369166, 0.0 ], [ -49.345622, -25.369109, 0.0 ], [ -49.3457, -25.368985, 0.0 ], [ -49.345785, -25.368888, 0.0 ], [ -49.345822, -25.368828, 0.0 ], [ -49.345854, -25.36871, 0.0 ], [ -49.345898, -25.368676, 0.0 ], [ -49.345974, -25.36867, 0.0 ], [ -49.345993, -25.368756, 0.0 ], [ -49.345931, -25.368784, 0.0 ], [ -49.345893, -25.368852, 0.0 ], [ -49.345873, -25.368918, 0.0 ], [ -49.345837, -25.368974, 0.0 ], [ -49.3458, -25.369097, 0.0 ], [ -49.345762, -25.369144, 0.0 ], [ -49.34571, -25.369191, 0.0 ], [ -49.34566, -25.36924, 0.0 ], [ -49.34563, -25.369313, 0.0 ], [ -49.34564, -25.369377, 0.0 ], [ -49.345589, -25.369488, 0.0 ], [ -49.345562, -25.36954, 0.0 ], [ -49.345507, -25.369574, 0.0 ], [ -49.345449, -25.369635, 0.0 ], [ -49.345448, -25.369719, 0.0 ], [ -49.34552, -25.369779, 0.0 ], [ -49.345584, -25.369785, 0.0 ], [ -49.345668, -25.369766, 0.0 ], [ -49.345748, -25.369671, 0.0 ], [ -49.345777, -25.369606, 0.0 ], [ -49.345849, -25.369611, 0.0 ], [ -49.345919, -25.369635, 0.0 ], [ -49.346007, -25.369637, 0.0 ], [ -49.346109, -25.369525, 0.0 ], [ -49.346273, -25.369396, 0.0 ], [ -49.346345, -25.369421, 0.0 ], [ -49.346385, -25.369521, 0.0 ], [ -49.346341, -25.369708, 0.0 ], [ -49.346312, -25.369901, 0.0 ], [ -49.346254, -25.370144, 0.0 ], [ -49.34625, -25.370148, 0.0 ], [ -49.346158, -25.370236, 0.0 ], [ -49.346049, -25.370329, 0.0 ], [ -49.346019, -25.370401, 0.0 ], [ -49.346064, -25.370544, 0.0 ], [ -49.3462, -25.370612, 0.0 ], [ -49.346376, -25.370657, 0.0 ], [ -49.346425, -25.370687, 0.0 ], [ -49.34647, -25.37079, 0.0 ], [ -49.346475, -25.370858, 0.0 ], [ -49.346527, -25.370932, 0.0 ], [ -49.346625, -25.370923, 0.0 ], [ -49.346685, -25.370887, 0.0 ], [ -49.346746, -25.370878, 0.0 ], [ -49.346942, -25.370864, 0.0 ], [ -49.347434, -25.370815, 0.0 ], [ -49.3477, -25.370795, 0.0 ], [ -49.347791, -25.370805, 0.0 ], [ -49.347835, -25.37085, 0.0 ], [ -49.347806, -25.37097, 0.0 ], [ -49.34774, -25.371089, 0.0 ], [ -49.347634, -25.371203, 0.0 ], [ -49.347522, -25.37131, 0.0 ], [ -49.347495, -25.371416, 0.0 ], [ -49.347499, -25.371468, 0.0 ], [ -49.347554, -25.371563, 0.0 ], [ -49.347598, -25.371601, 0.0 ], [ -49.347712, -25.371634, 0.0 ], [ -49.347823, -25.371628, 0.0 ], [ -49.347932, -25.371581, 0.0 ], [ -49.347966, -25.371524, 0.0 ], [ -49.347974, -25.371413, 0.0 ], [ -49.347985, -25.37132, 0.0 ], [ -49.348052, -25.371201, 0.0 ], [ -49.348107, -25.371065, 0.0 ], [ -49.348212, -25.371019, 0.0 ], [ -49.348374, -25.371075, 0.0 ], [ -49.348448, -25.371141, 0.0 ], [ -49.348621, -25.371348, 0.0 ], [ -49.348744, -25.371448, 0.0 ], [ -49.348926, -25.371621, 0.0 ], [ -49.349045, -25.371785, 0.0 ], [ -49.349137, -25.371901, 0.0 ], [ -49.349236, -25.372065, 0.0 ], [ -49.349253, -25.372147, 0.0 ], [ -49.349186, -25.372241, 0.0 ], [ -49.349051, -25.372289, 0.0 ], [ -49.348895, -25.372294, 0.0 ], [ -49.34873, -25.372307, 0.0 ], [ -49.348555, -25.372319, 0.0 ], [ -49.348442, -25.372355, 0.0 ], [ -49.348327, -25.37241, 0.0 ], [ -49.348197, -25.372518, 0.0 ], [ -49.3481, -25.372647, 0.0 ], [ -49.348061, -25.372745, 0.0 ], [ -49.348003, -25.372879, 0.0 ], [ -49.347927, -25.372938, 0.0 ], [ -49.347881, -25.373007, 0.0 ], [ -49.347948, -25.373059, 0.0 ], [ -49.348063, -25.37306, 0.0 ], [ -49.34821, -25.373074, 0.0 ], [ -49.348348, -25.373123, 0.0 ], [ -49.348422, -25.373188, 0.0 ], [ -49.348524, -25.373352, 0.0 ], [ -49.348525, -25.373415, 0.0 ], [ -49.348596, -25.373443, 0.0 ], [ -49.348665, -25.373461, 0.0 ], [ -49.348732, -25.373421, 0.0 ], [ -49.348746, -25.373369, 0.0 ], [ -49.348739, -25.373235, 0.0 ], [ -49.348809, -25.373231, 0.0 ], [ -49.34889, -25.373266, 0.0 ], [ -49.348984, -25.373335, 0.0 ], [ -49.349046, -25.373395, 0.0 ], [ -49.349083, -25.373531, 0.0 ], [ -49.349096, -25.373623, 0.0 ], [ -49.349078, -25.373697, 0.0 ], [ -49.348977, -25.373784, 0.0 ], [ -49.348883, -25.373786, 0.0 ], [ -49.348768, -25.373785, 0.0 ], [ -49.348661, -25.373825, 0.0 ], [ -49.348592, -25.373911, 0.0 ], [ -49.34851, -25.374029, 0.0 ], [ -49.348413, -25.374146, 0.0 ], [ -49.348346, -25.37422, 0.0 ], [ -49.348241, -25.374303, 0.0 ], [ -49.348107, -25.374292, 0.0 ], [ -49.347965, -25.374234, 0.0 ], [ -49.347941, -25.374135, 0.0 ], [ -49.347928, -25.374075, 0.0 ], [ -49.347896, -25.37402, 0.0 ], [ -49.347836, -25.373989, 0.0 ], [ -49.347772, -25.373984, 0.0 ], [ -49.347665, -25.374019, 0.0 ], [ -49.347571, -25.374064, 0.0 ], [ -49.347313, -25.37414, 0.0 ], [ -49.347246, -25.374124, 0.0 ], [ -49.34714, -25.374088, 0.0 ], [ -49.346972, -25.374079, 0.0 ], [ -49.346914, -25.374091, 0.0 ], [ -49.346859, -25.374115, 0.0 ], [ -49.346809, -25.374152, 0.0 ], [ -49.346727, -25.374306, 0.0 ], [ -49.346836, -25.374425, 0.0 ], [ -49.346971, -25.37454, 0.0 ], [ -49.347088, -25.374628, 0.0 ], [ -49.347177, -25.374704, 0.0 ], [ -49.34733, -25.37479, 0.0 ], [ -49.3474, -25.374904, 0.0 ], [ -49.347525, -25.375092, 0.0 ], [ -49.347773, -25.375444, 0.0 ], [ -49.347795, -25.375597, 0.0 ], [ -49.347841, -25.375742, 0.0 ], [ -49.347893, -25.375836, 0.0 ], [ -49.347946, -25.375865, 0.0 ], [ -49.348064, -25.375885, 0.0 ], [ -49.348171, -25.375888, 0.0 ], [ -49.348262, -25.375902, 0.0 ], [ -49.348331, -25.375954, 0.0 ], [ -49.348373, -25.37604, 0.0 ], [ -49.348385, -25.376188, 0.0 ], [ -49.348445, -25.376281, 0.0 ], [ -49.348495, -25.376315, 0.0 ], [ -49.348607, -25.376345, 0.0 ], [ -49.348928, -25.376351, 0.0 ], [ -49.34903, -25.376367, 0.0 ], [ -49.349156, -25.376421, 0.0 ], [ -49.349211, -25.37654, 0.0 ], [ -49.349223, -25.376675, 0.0 ], [ -49.349233, -25.376784, 0.0 ], [ -49.349254, -25.376859, 0.0 ], [ -49.349298, -25.376937, 0.0 ], [ -49.349391, -25.377052, 0.0 ], [ -49.349543, -25.377214, 0.0 ], [ -49.349683, -25.377374, 0.0 ], [ -49.349738, -25.37741, 0.0 ], [ -49.349852, -25.377567, 0.0 ], [ -49.349914, -25.377615, 0.0 ], [ -49.350066, -25.377688, 0.0 ], [ -49.350102, -25.377781, 0.0 ], [ -49.350269, -25.377831, 0.0 ], [ -49.350342, -25.377831, 0.0 ], [ -49.350437, -25.377848, 0.0 ], [ -49.350492, -25.377762, 0.0 ], [ -49.350512, -25.377691, 0.0 ], [ -49.350535, -25.377562, 0.0 ], [ -49.350567, -25.377502, 0.0 ], [ -49.350642, -25.377488, 0.0 ], [ -49.350764, -25.377521, 0.0 ], [ -49.350815, -25.377559, 0.0 ], [ -49.350933, -25.377658, 0.0 ], [ -49.351046, -25.37775, 0.0 ], [ -49.351131, -25.377847, 0.0 ], [ -49.351183, -25.377902, 0.0 ], [ -49.35123, -25.378006, 0.0 ], [ -49.351244, -25.378064, 0.0 ], [ -49.351221, -25.378119, 0.0 ], [ -49.351238, -25.378191, 0.0 ], [ -49.351233, -25.378318, 0.0 ], [ -49.351254, -25.378462, 0.0 ], [ -49.351275, -25.37853, 0.0 ], [ -49.351313, -25.378644, 0.0 ], [ -49.351331, -25.378784, 0.0 ], [ -49.351358, -25.378957, 0.0 ], [ -49.351255, -25.379081, 0.0 ], [ -49.351148, -25.379151, 0.0 ], [ -49.351079, -25.379201, 0.0 ], [ -49.351038, -25.379293, 0.0 ], [ -49.351064, -25.379386, 0.0 ], [ -49.351107, -25.379454, 0.0 ], [ -49.351174, -25.379581, 0.0 ], [ -49.351329, -25.379671, 0.0 ], [ -49.351419, -25.379678, 0.0 ], [ -49.351534, -25.379656, 0.0 ], [ -49.351579, -25.379559, 0.0 ], [ -49.351551, -25.379488, 0.0 ], [ -49.351498, -25.379378, 0.0 ], [ -49.351504, -25.379266, 0.0 ], [ -49.351523, -25.379216, 0.0 ], [ -49.351597, -25.379147, 0.0 ], [ -49.351702, -25.379156, 0.0 ], [ -49.351843, -25.379196, 0.0 ], [ -49.351932, -25.379233, 0.0 ], [ -49.351942, -25.379335, 0.0 ], [ -49.351963, -25.379468, 0.0 ], [ -49.352044, -25.379647, 0.0 ], [ -49.352198, -25.379725, 0.0 ], [ -49.352278, -25.379731, 0.0 ], [ -49.352393, -25.379726, 0.0 ], [ -49.352467, -25.379701, 0.0 ], [ -49.352496, -25.379647, 0.0 ], [ -49.352552, -25.379491, 0.0 ], [ -49.352564, -25.379406, 0.0 ], [ -49.352473, -25.379278, 0.0 ], [ -49.352444, -25.379231, 0.0 ], [ -49.352418, -25.379115, 0.0 ], [ -49.352441, -25.378995, 0.0 ], [ -49.352467, -25.378871, 0.0 ], [ -49.352527, -25.378801, 0.0 ], [ -49.35272, -25.378767, 0.0 ], [ -49.352856, -25.378768, 0.0 ], [ -49.353004, -25.378784, 0.0 ], [ -49.35309, -25.378779, 0.0 ], [ -49.35317, -25.378749, 0.0 ], [ -49.353231, -25.378715, 0.0 ], [ -49.353236, -25.378784, 0.0 ], [ -49.35323, -25.378837, 0.0 ], [ -49.353155, -25.379005, 0.0 ], [ -49.35315, -25.379077, 0.0 ], [ -49.353153, -25.379148, 0.0 ], [ -49.353185, -25.379291, 0.0 ], [ -49.353225, -25.379357, 0.0 ], [ -49.353274, -25.379407, 0.0 ], [ -49.353329, -25.379516, 0.0 ], [ -49.35335, -25.37959, 0.0 ], [ -49.35343, -25.379649, 0.0 ], [ -49.353501, -25.379664, 0.0 ], [ -49.353536, -25.37971, 0.0 ], [ -49.353502, -25.379766, 0.0 ], [ -49.353537, -25.379895, 0.0 ], [ -49.353639, -25.379985, 0.0 ], [ -49.353729, -25.379999, 0.0 ], [ -49.353799, -25.379998, 0.0 ], [ -49.353862, -25.380007, 0.0 ], [ -49.354044, -25.380097, 0.0 ], [ -49.354056, -25.380166, 0.0 ], [ -49.353986, -25.380352, 0.0 ], [ -49.353973, -25.380485, 0.0 ], [ -49.354015, -25.380563, 0.0 ], [ -49.354076, -25.38061, 0.0 ], [ -49.354031, -25.380811, 0.0 ], [ -49.354148, -25.38102, 0.0 ], [ -49.354089, -25.381153, 0.0 ], [ -49.35407, -25.381239, 0.0 ], [ -49.35412, -25.38134, 0.0 ], [ -49.354231, -25.381348, 0.0 ], [ -49.354365, -25.381355, 0.0 ], [ -49.354395, -25.381499, 0.0 ], [ -49.354465, -25.38162, 0.0 ], [ -49.35454, -25.381754, 0.0 ], [ -49.354654, -25.38184, 0.0 ], [ -49.354689, -25.381983, 0.0 ], [ -49.354708, -25.382032, 0.0 ], [ -49.354783, -25.382136, 0.0 ], [ -49.35481, -25.382198, 0.0 ], [ -49.354874, -25.382303, 0.0 ], [ -49.354868, -25.38239, 0.0 ], [ -49.354799, -25.382572, 0.0 ], [ -49.354797, -25.382727, 0.0 ], [ -49.355064, -25.382899, 0.0 ], [ -49.355178, -25.382949, 0.0 ], [ -49.355235, -25.382928, 0.0 ], [ -49.355282, -25.382871, 0.0 ], [ -49.355387, -25.382786, 0.0 ], [ -49.355487, -25.3827, 0.0 ], [ -49.355549, -25.382623, 0.0 ], [ -49.355621, -25.382574, 0.0 ], [ -49.355739, -25.382596, 0.0 ], [ -49.355818, -25.382683, 0.0 ], [ -49.35582, -25.382798, 0.0 ], [ -49.355813, -25.382894, 0.0 ], [ -49.355865, -25.382934, 0.0 ], [ -49.355965, -25.382926, 0.0 ], [ -49.356246, -25.38287, 0.0 ], [ -49.356316, -25.382867, 0.0 ], [ -49.35647, -25.382842, 0.0 ], [ -49.356594, -25.382784, 0.0 ], [ -49.356889, -25.382766, 0.0 ], [ -49.357022, -25.38269, 0.0 ], [ -49.357119, -25.382592, 0.0 ], [ -49.357227, -25.382537, 0.0 ], [ -49.357576, -25.382586, 0.0 ], [ -49.357791, -25.382615, 0.0 ], [ -49.358082, -25.382623, 0.0 ], [ -49.35823, -25.382598, 0.0 ], [ -49.358368, -25.382591, 0.0 ], [ -49.358586, -25.382604, 0.0 ], [ -49.358664, -25.382604, 0.0 ], [ -49.358793, -25.382589, 0.0 ], [ -49.358891, -25.382588, 0.0 ], [ -49.35895, -25.382586, 0.0 ], [ -49.359078, -25.382646, 0.0 ], [ -49.359237, -25.382774, 0.0 ], [ -49.359415, -25.382894, 0.0 ], [ -49.359556, -25.382977, 0.0 ], [ -49.359557, -25.383009, 0.0 ], [ -49.35948, -25.383264, 0.0 ], [ -49.359409, -25.383403, 0.0 ], [ -49.359389, -25.383469, 0.0 ], [ -49.359337, -25.383592, 0.0 ], [ -49.359282, -25.383791, 0.0 ], [ -49.359284, -25.383935, 0.0 ], [ -49.359346, -25.384126, 0.0 ], [ -49.3594, -25.384313, 0.0 ], [ -49.359477, -25.384567, 0.0 ], [ -49.359551, -25.384685, 0.0 ], [ -49.359677, -25.384844, 0.0 ], [ -49.359776, -25.384937, 0.0 ], [ -49.360292, -25.385524, 0.0 ], [ -49.360058, -25.385673, 0.0 ], [ -49.357217, -25.387707, 0.0 ], [ -49.355474, -25.388689, 0.0 ], [ -49.355008, -25.388086, 0.0 ], [ -49.35421, -25.387387, 0.0 ], [ -49.352721, -25.386649, 0.0 ], [ -49.350471, -25.385876, 0.0 ], [ -49.347146, -25.384776, 0.0 ], [ -49.344409, -25.384029, 0.0 ], [ -49.341358, -25.383075, 0.0 ], [ -49.340098, -25.382779, 0.0 ], [ -49.339058, -25.382416, 0.0 ], [ -49.338431, -25.382157, 0.0 ], [ -49.337523, -25.381604, 0.0 ], [ -49.336738, -25.380985, 0.0 ], [ -49.336231, -25.380326, 0.0 ], [ -49.335065, -25.376344, 0.0 ], [ -49.331626, -25.376153, 0.0 ], [ -49.331773, -25.377289, 0.0 ], [ -49.33195, -25.379025, 0.0 ], [ -49.332064, -25.379882, 0.0 ], [ -49.332153, -25.37994, 0.0 ], [ -49.332249, -25.380726, 0.0 ], [ -49.33226, -25.380726, 0.0 ], [ -49.332278, -25.380828, 0.0 ], [ -49.332276, -25.380829, 0.0 ], [ -49.330564, -25.380987, 0.0 ], [ -49.330564, -25.38098, 0.0 ], [ -49.330375, -25.380993, 0.0 ], [ -49.328684, -25.38113, 0.0 ], [ -49.327066, -25.381231, 0.0 ], [ -49.326736, -25.382254, 0.0 ], [ -49.325796, -25.385346, 0.0 ], [ -49.321691, -25.385562, 0.0 ], [ -49.321481, -25.385512, 0.0 ], [ -49.320777, -25.385074, 0.0 ], [ -49.319737, -25.384274, 0.0 ], [ -49.318848, -25.383905, 0.0 ], [ -49.315095, -25.383384, 0.0 ], [ -49.312135, -25.382562, 0.0 ], [ -49.312542, -25.381635, 0.0 ], [ -49.313159, -25.380759, 0.0 ], [ -49.31382, -25.380503, 0.0 ], [ -49.314615, -25.380059, 0.0 ], [ -49.3152, -25.379588, 0.0 ], [ -49.315574, -25.379186, 0.0 ], [ -49.315848, -25.378353, 0.0 ], [ -49.316091, -25.37799, 0.0 ], [ -49.316462, -25.377667, 0.0 ], [ -49.316967, -25.377315, 0.0 ], [ -49.317554, -25.376724, 0.0 ], [ -49.317742, -25.37644, 0.0 ], [ -49.318676, -25.375399, 0.0 ], [ -49.319155, -25.375023, 0.0 ], [ -49.319592, -25.373809, 0.0 ], [ -49.319678, -25.373333, 0.0 ], [ -49.319877, -25.37226, 0.0 ], [ -49.320248, -25.372002, 0.0 ], [ -49.321203, -25.371391, 0.0 ], [ -49.321841, -25.370921, 0.0 ], [ -49.322777, -25.369761, 0.0 ], [ -49.323389, -25.369243, 0.0 ], [ -49.324682, -25.368923, 0.0 ], [ -49.325986, -25.368555, 0.0 ], [ -49.326212, -25.368343, 0.0 ], [ -49.326762, -25.36771, 0.0 ], [ -49.326885, -25.367458, 0.0 ], [ -49.326923, -25.367381, 0.0 ], [ -49.327024, -25.367389, 0.0 ], [ -49.327168, -25.367168, 0.0 ], [ -49.327227, -25.367016, 0.0 ], [ -49.327247, -25.366943, 0.0 ], [ -49.327274, -25.366833, 0.0 ], [ -49.327312, -25.366688, 0.0 ], [ -49.327326, -25.36657, 0.0 ], [ -49.327366, -25.366368, 0.0 ], [ -49.327534, -25.365722, 0.0 ], [ -49.327845, -25.36465, 0.0 ], [ -49.328164, -25.363747, 0.0 ], [ -49.328258, -25.363549, 0.0 ], [ -49.328729, -25.36264, 0.0 ], [ -49.328873, -25.362168, 0.0 ], [ -49.32897, -25.361604, 0.0 ], [ -49.328987, -25.361417, 0.0 ], [ -49.328993, -25.361075, 0.0 ], [ -49.329013, -25.36078, 0.0 ], [ -49.32912, -25.360428, 0.0 ], [ -49.32924, -25.36022, 0.0 ], [ -49.329422, -25.360037, 0.0 ], [ -49.32971, -25.359822, 0.0 ], [ -49.330011, -25.359628, 0.0 ], [ -49.330656, -25.359237, 0.0 ], [ -49.331058, -25.358988, 0.0 ], [ -49.331461, -25.358707, 0.0 ], [ -49.331911, -25.358383, 0.0 ], [ -49.332306, -25.358105, 0.0 ], [ -49.332779, -25.357747, 0.0 ], [ -49.332984, -25.357553, 0.0 ], [ -49.33307, -25.357491, 0.0 ], [ -49.333191, -25.357347, 0.0 ], [ -49.333352, -25.356905, 0.0 ], [ -49.333508, -25.35642, 0.0 ], [ -49.333566, -25.356109, 0.0 ], [ -49.333646, -25.355908, 0.0 ], [ -49.333812, -25.355721, 0.0 ], [ -49.334086, -25.355474, 0.0 ], [ -49.334302, -25.355235, 0.0 ], [ -49.334453, -25.355127, 0.0 ], [ -49.334796, -25.355074, 0.0 ], [ -49.335058, -25.355003, 0.0 ], [ -49.335184, -25.354976, 0.0 ], [ -49.335289, -25.354898, 0.0 ], [ -49.335355, -25.354657, 0.0 ], [ -49.335331, -25.35446, 0.0 ], [ -49.335196, -25.353934, 0.0 ], [ -49.335215, -25.353772, 0.0 ], [ -49.335274, -25.353648, 0.0 ], [ -49.335377, -25.353548, 0.0 ], [ -49.335552, -25.353445, 0.0 ], [ -49.33569, -25.353295, 0.0 ], [ -49.335805, -25.353112, 0.0 ], [ -49.335814, -25.352939, 0.0 ], [ -49.335785, -25.35275, 0.0 ], [ -49.335732, -25.352604, 0.0 ], [ -49.335615, -25.352445, 0.0 ], [ -49.335489, -25.352347, 0.0 ], [ -49.33535, -25.352243, 0.0 ], [ -49.335299, -25.352091, 0.0 ], [ -49.335301, -25.35195, 0.0 ], [ -49.335373, -25.351828, 0.0 ], [ -49.335482, -25.351784, 0.0 ], [ -49.335677, -25.351825, 0.0 ], [ -49.335828, -25.35191, 0.0 ], [ -49.335986, -25.352037, 0.0 ], [ -49.336256, -25.352202, 0.0 ], [ -49.336458, -25.352271, 0.0 ], [ -49.336663, -25.35229, 0.0 ], [ -49.336904, -25.352273, 0.0 ], [ -49.337072, -25.352196, 0.0 ], [ -49.337218, -25.352093, 0.0 ], [ -49.337264, -25.351938, 0.0 ], [ -49.337297, -25.351789, 0.0 ], [ -49.337358, -25.351748, 0.0 ], [ -49.337433, -25.35174, 0.0 ], [ -49.337584, -25.351779, 0.0 ], [ -49.337738, -25.351846, 0.0 ], [ -49.337901, -25.351896, 0.0 ], [ -49.338075, -25.351896, 0.0 ], [ -49.338218, -25.351847, 0.0 ], [ -49.338307, -25.351741, 0.0 ], [ -49.338378, -25.351645, 0.0 ], [ -49.338463, -25.35158, 0.0 ], [ -49.338589, -25.351553, 0.0 ], [ -49.338737, -25.351524, 0.0 ], [ -49.338829, -25.351488, 0.0 ], [ -49.338903, -25.351368, 0.0 ], [ -49.338934, -25.351073, 0.0 ], [ -49.339013, -25.350931, 0.0 ], [ -49.339086, -25.350853, 0.0 ], [ -49.339204, -25.350749, 0.0 ], [ -49.339338, -25.350645, 0.0 ], [ -49.339507, -25.350605, 0.0 ], [ -49.339783, -25.350571, 0.0 ], [ -49.33987, -25.350519, 0.0 ], [ -49.339935, -25.350415, 0.0 ], [ -49.340055, -25.350065, 0.0 ], [ -49.340105, -25.349965, 0.0 ], [ -49.34025, -25.349798, 0.0 ], [ -49.340336, -25.349983, 0.0 ], [ -49.340431, -25.350287, 0.0 ], [ -49.340436, -25.350432, 0.0 ], [ -49.340333, -25.350575, 0.0 ], [ -49.340273, -25.350721, 0.0 ], [ -49.340249, -25.350914, 0.0 ], [ -49.340414, -25.35121, 0.0 ], [ -49.340475, -25.3513, 0.0 ], [ -49.340462, -25.351379, 0.0 ], [ -49.340386, -25.351451, 0.0 ], [ -49.340249, -25.351585, 0.0 ], [ -49.340141, -25.351722, 0.0 ], [ -49.340081, -25.351882, 0.0 ], [ -49.340067, -25.352042, 0.0 ], [ -49.340036, -25.352242, 0.0 ], [ -49.339977, -25.35234, 0.0 ], [ -49.339951, -25.352454, 0.0 ], [ -49.339952, -25.352587, 0.0 ], [ -49.340009, -25.352674, 0.0 ], [ -49.340092, -25.35274, 0.0 ], [ -49.340295, -25.352758, 0.0 ], [ -49.340491, -25.352743, 0.0 ], [ -49.340918, -25.352583, 0.0 ], [ -49.341051, -25.352506, 0.0 ], [ -49.341114, -25.352569, 0.0 ] ] ] } },
{ "type": "Feature", "properties": { "Name": "2027", "description": "descrição: <br>IDENTIFICA: 4402027<br>SETOR: 2027 - SEG/QUA/SEX - DIURNO - POSTO 08 - DOMICILIAR<br>APELIDO: 2027<br>MACROSETOR: POSTO 8 - DOMICILIAR<br>COR: 32768.000<br>FREQUENCIA: SEG/QUA/SEX - DIURNO<br>layer: 2027<br>path: G:/Drives compartilhados/J_NEGRAO_CCO/45 - Monitoramento/Paulo Lima/KMLKMZ Curitiba/Diurno/Seg-Qua-Sex/8/2027/2027 - SEG/QUA/SEX - DIURNO - POSTO 08 - DOMICILIAR/2027.shp", "timestamp": null, "begin": null, "end": null, "altitudeMode": null, "tessellate": -1, "extrude": 0, "visibility": -1, "drawOrder": null, "icon": null, "descri____o": "", "id": null, "IDENTIFICA": "4402027", "SETOR": "2027 - SEG/QUA/SEX - DIURNO - POSTO 08 - DOMICILIAR", "APELIDO": "2027", "MACROSETOR": "POSTO 8 - DOMICILIAR", "COR": "32768.000", "FREQUENCIA": "SEG/QUA/SEX - DIURNO", "layer": "2027", "path": "G:/Drives compartilhados/J_NEGRAO_CCO/45 - Monitoramento/Paulo Lima/KMLKMZ Curitiba/Diurno/Seg-Qua-Sex/8/2027/2027 - SEG/QUA/SEX - DIURNO - POSTO 08 - DOMICILIAR/2027.shp", "OBJECTID": null, "TURNO": null, "POSTO": null, "FreqTurno": null, "X_SEMANA": null, "TER": null, "QUI": null, "SAB": null, "SEG": null, "QUA": null, "SEX": null }, "geometry": { "type": "Polygon", "coordinates": [ [ [ -49.299743, -25.395958, 0.0 ], [ -49.300731, -25.394968, 0.0 ], [ -49.301003, -25.393904, 0.0 ], [ -49.301526, -25.393809, 0.0 ], [ -49.304461, -25.393767, 0.0 ], [ -49.305271, -25.393876, 0.0 ], [ -49.305996, -25.394248, 0.0 ], [ -49.306189, -25.394992, 0.0 ], [ -49.306456, -25.395916, 0.0 ], [ -49.306492, -25.396431, 0.0 ], [ -49.306503, -25.397005, 0.0 ], [ -49.306428, -25.397254, 0.0 ], [ -49.306328, -25.397426, 0.0 ], [ -49.306186, -25.397571, 0.0 ], [ -49.306015, -25.397751, 0.0 ], [ -49.305026, -25.398109, 0.0 ], [ -49.30487, -25.398323, 0.0 ], [ -49.304849, -25.398608, 0.0 ], [ -49.305641, -25.400221, 0.0 ], [ -49.305905, -25.401357, 0.0 ], [ -49.30574, -25.402835, 0.0 ], [ -49.305115, -25.403855, 0.0 ], [ -49.305025, -25.404193, 0.0 ], [ -49.305018, -25.404407, 0.0 ], [ -49.305119, -25.404813, 0.0 ], [ -49.305302, -25.405214, 0.0 ], [ -49.3055, -25.405426, 0.0 ], [ -49.305576, -25.405471, 0.0 ], [ -49.305656, -25.405497, 0.0 ], [ -49.305727, -25.405469, 0.0 ], [ -49.305798, -25.405096, 0.0 ], [ -49.305897, -25.40492, 0.0 ], [ -49.306056, -25.404667, 0.0 ], [ -49.306333, -25.404473, 0.0 ], [ -49.306707, -25.404306, 0.0 ], [ -49.308145, -25.403979, 0.0 ], [ -49.308478, -25.403796, 0.0 ], [ -49.308993, -25.403329, 0.0 ], [ -49.310222, -25.402477, 0.0 ], [ -49.310623, -25.402207, 0.0 ], [ -49.311223, -25.401858, 0.0 ], [ -49.311472, -25.401693, 0.0 ], [ -49.312658, -25.402658, 0.0 ], [ -49.313121, -25.403172, 0.0 ], [ -49.313365, -25.403583, 0.0 ], [ -49.313657, -25.404168, 0.0 ], [ -49.31364, -25.405367, 0.0 ], [ -49.313408, -25.406928, 0.0 ], [ -49.313284, -25.407262, 0.0 ], [ -49.312731, -25.408174, 0.0 ], [ -49.312625, -25.408572, 0.0 ], [ -49.312274, -25.409359, 0.0 ], [ -49.311894, -25.410049, 0.0 ], [ -49.311864, -25.410399, 0.0 ], [ -49.31197, -25.410727, 0.0 ], [ -49.312244, -25.41113, 0.0 ], [ -49.312221, -25.411371, 0.0 ], [ -49.312153, -25.411588, 0.0 ], [ -49.311987, -25.412018, 0.0 ], [ -49.311569, -25.412572, 0.0 ], [ -49.311138, -25.413026, 0.0 ], [ -49.310685, -25.413584, 0.0 ], [ -49.310667, -25.413774, 0.0 ], [ -49.310527, -25.414067, 0.0 ], [ -49.309163, -25.414352, 0.0 ], [ -49.308168, -25.414557, 0.0 ], [ -49.307638, -25.414647, 0.0 ], [ -49.307087, -25.414738, 0.0 ], [ -49.306824, -25.414786, 0.0 ], [ -49.306676, -25.414786, 0.0 ], [ -49.306675, -25.414786, 0.0 ], [ -49.306673, -25.414786, 0.0 ], [ -49.306485, -25.414777, 0.0 ], [ -49.306344, -25.414736, 0.0 ], [ -49.3061, -25.414631, 0.0 ], [ -49.30574, -25.41448, 0.0 ], [ -49.305609, -25.414419, 0.0 ], [ -49.30539, -25.414316, 0.0 ], [ -49.30538, -25.414312, 0.0 ], [ -49.305135, -25.414404, 0.0 ], [ -49.305078, -25.414417, 0.0 ], [ -49.304889, -25.414475, 0.0 ], [ -49.304819, -25.414497, 0.0 ], [ -49.304717, -25.414533, 0.0 ], [ -49.304542, -25.414595, 0.0 ], [ -49.304382, -25.414645, 0.0 ], [ -49.304295, -25.414673, 0.0 ], [ -49.304217, -25.414695, 0.0 ], [ -49.303534, -25.414862, 0.0 ], [ -49.303287, -25.414919, 0.0 ], [ -49.303023, -25.414979, 0.0 ], [ -49.302708, -25.415058, 0.0 ], [ -49.302653, -25.415074, 0.0 ], [ -49.302196, -25.41522, 0.0 ], [ -49.302097, -25.415251, 0.0 ], [ -49.301821, -25.41534, 0.0 ], [ -49.301594, -25.415414, 0.0 ], [ -49.301428, -25.415491, 0.0 ], [ -49.301351, -25.415521, 0.0 ], [ -49.301183, -25.415554, 0.0 ], [ -49.300992, -25.415573, 0.0 ], [ -49.300989, -25.415573, 0.0 ], [ -49.300735, -25.415567, 0.0 ], [ -49.300729, -25.41566, 0.0 ], [ -49.300792, -25.415852, 0.0 ], [ -49.300874, -25.416104, 0.0 ], [ -49.300962, -25.416415, 0.0 ], [ -49.300973, -25.416577, 0.0 ], [ -49.300843, -25.416886, 0.0 ], [ -49.300683, -25.417051, 0.0 ], [ -49.3001, -25.418316, 0.0 ], [ -49.299798, -25.418259, 0.0 ], [ -49.299437, -25.418243, 0.0 ], [ -49.299113, -25.418353, 0.0 ], [ -49.298955, -25.418405, 0.0 ], [ -49.29883, -25.418403, 0.0 ], [ -49.298725, -25.418384, 0.0 ], [ -49.298621, -25.418275, 0.0 ], [ -49.298075, -25.417797, 0.0 ], [ -49.297847, -25.417693, 0.0 ], [ -49.297801, -25.417669, 0.0 ], [ -49.29767, -25.417667, 0.0 ], [ -49.297545, -25.417666, 0.0 ], [ -49.29734, -25.417741, 0.0 ], [ -49.297227, -25.417775, 0.0 ], [ -49.297102, -25.417846, 0.0 ], [ -49.297023, -25.417839, 0.0 ], [ -49.296865, -25.417837, 0.0 ], [ -49.296747, -25.417812, 0.0 ], [ -49.296656, -25.417763, 0.0 ], [ -49.296591, -25.417702, 0.0 ], [ -49.296512, -25.417702, 0.0 ], [ -49.296275, -25.417675, 0.0 ], [ -49.29617, -25.417668, 0.0 ], [ -49.296084, -25.417708, 0.0 ], [ -49.29528, -25.418314, 0.0 ], [ -49.295194, -25.418349, 0.0 ], [ -49.29464, -25.418504, 0.0 ], [ -49.294475, -25.41849, 0.0 ], [ -49.294272, -25.41847, 0.0 ], [ -49.29414, -25.41851, 0.0 ], [ -49.293741, -25.418828, 0.0 ], [ -49.293412, -25.419174, 0.0 ], [ -49.293415, -25.419185, 0.0 ], [ -49.293379, -25.419209, 0.0 ], [ -49.293317, -25.419241, 0.0 ], [ -49.29322, -25.419256, 0.0 ], [ -49.293423, -25.418826, 0.0 ], [ -49.293811, -25.418084, 0.0 ], [ -49.29383, -25.417231, 0.0 ], [ -49.293858, -25.416297, 0.0 ], [ -49.293947, -25.415741, 0.0 ], [ -49.294131, -25.415299, 0.0 ], [ -49.293872, -25.414302, 0.0 ], [ -49.29375, -25.414103, 0.0 ], [ -49.293666, -25.414001, 0.0 ], [ -49.29351, -25.413423, 0.0 ], [ -49.294156, -25.413266, 0.0 ], [ -49.294057, -25.412785, 0.0 ], [ -49.294045, -25.412426, 0.0 ], [ -49.294082, -25.412201, 0.0 ], [ -49.294424, -25.411729, 0.0 ], [ -49.293191, -25.411237, 0.0 ], [ -49.293206, -25.411136, 0.0 ], [ -49.293375, -25.410667, 0.0 ], [ -49.293434, -25.41046, 0.0 ], [ -49.294685, -25.410482, 0.0 ], [ -49.294751, -25.410173, 0.0 ], [ -49.295173, -25.408038, 0.0 ], [ -49.294376, -25.40789, 0.0 ], [ -49.293483, -25.407712, 0.0 ], [ -49.293612, -25.407492, 0.0 ], [ -49.293752, -25.407009, 0.0 ], [ -49.293809, -25.406647, 0.0 ], [ -49.293715, -25.406478, 0.0 ], [ -49.293481, -25.406171, 0.0 ], [ -49.293083, -25.405733, 0.0 ], [ -49.292862, -25.405491, 0.0 ], [ -49.29236, -25.40488, 0.0 ], [ -49.291863, -25.404275, 0.0 ], [ -49.291756, -25.404233, 0.0 ], [ -49.292008, -25.403496, 0.0 ], [ -49.292695, -25.402629, 0.0 ], [ -49.293073, -25.402248, 0.0 ], [ -49.293276, -25.402046, 0.0 ], [ -49.294483, -25.400977, 0.0 ], [ -49.294801, -25.40068, 0.0 ], [ -49.294979, -25.400424, 0.0 ], [ -49.295168, -25.399933, 0.0 ], [ -49.295314, -25.399808, 0.0 ], [ -49.295455, -25.399759, 0.0 ], [ -49.295874, -25.399803, 0.0 ], [ -49.296015, -25.399754, 0.0 ], [ -49.296417, -25.399238, 0.0 ], [ -49.296847, -25.398827, 0.0 ], [ -49.296341, -25.39832, 0.0 ], [ -49.295913, -25.397976, 0.0 ], [ -49.29676, -25.397576, 0.0 ], [ -49.296839, -25.39781, 0.0 ], [ -49.297804, -25.397405, 0.0 ], [ -49.29992, -25.396623, 0.0 ], [ -49.299743, -25.395958, 0.0 ] ] ] } },
{ "type": "Feature", "properties": { "Name": "2028", "description": "descrição: <br>IDENTIFICA: 4402028<br>SETOR: 2028 - SEG/QUA/SEX - DIURNO - POSTO 08 - DOMICILIAR<br>APELIDO: 2028<br>MACROSETOR: POSTO 8 - DOMICILIAR<br>COR: 65280.000<br>FREQUENCIA: SEG/QUA/SEX - DIURNO<br>layer: 2028<br>path: G:/Drives compartilhados/J_NEGRAO_CCO/45 - Monitoramento/Paulo Lima/KMLKMZ Curitiba/Diurno/Seg-Qua-Sex/8/2028/2028 - SEG/QUA/SEX - DIURNO - POSTO 08 - DOMICILIAR/2028.shp", "timestamp": null, "begin": null, "end": null, "altitudeMode": null, "tessellate": -1, "extrude": 0, "visibility": -1, "drawOrder": null, "icon": null, "descri____o": "", "id": null, "IDENTIFICA": "4402028", "SETOR": "2028 - SEG/QUA/SEX - DIURNO - POSTO 08 - DOMICILIAR", "APELIDO": "2028", "MACROSETOR": "POSTO 8 - DOMICILIAR", "COR": "65280.000", "FREQUENCIA": "SEG/QUA/SEX - DIURNO", "layer": "2028", "path": "G:/Drives compartilhados/J_NEGRAO_CCO/45 - Monitoramento/Paulo Lima/KMLKMZ Curitiba/Diurno/Seg-Qua-Sex/8/2028/2028 - SEG/QUA/SEX - DIURNO - POSTO 08 - DOMICILIAR/2028.shp", "OBJECTID": null, "TURNO": null, "POSTO": null, "FreqTurno": null, "X_SEMANA": null, "TER": null, "QUI": null, "SAB": null, "SEG": null, "QUA": null, "SEX": null }, "geometry": { "type": "Polygon", "coordinates": [ [ [ -49.331626, -25.376153, 0.0 ], [ -49.335065, -25.376344, 0.0 ], [ -49.336231, -25.380326, 0.0 ], [ -49.336738, -25.380985, 0.0 ], [ -49.337523, -25.381604, 0.0 ], [ -49.338434, -25.382159, 0.0 ], [ -49.338743, -25.382286, 0.0 ], [ -49.338612, -25.38259, 0.0 ], [ -49.338298, -25.389169, 0.0 ], [ -49.337755, -25.390933, 0.0 ], [ -49.337769, -25.391406, 0.0 ], [ -49.337853, -25.39202, 0.0 ], [ -49.338167, -25.392291, 0.0 ], [ -49.338783, -25.392658, 0.0 ], [ -49.339797, -25.395152, 0.0 ], [ -49.34043, -25.396525, 0.0 ], [ -49.340616, -25.396687, 0.0 ], [ -49.340758, -25.396879, 0.0 ], [ -49.340817, -25.397098, 0.0 ], [ -49.340771, -25.397319, 0.0 ], [ -49.340939, -25.398186, 0.0 ], [ -49.34353, -25.397546, 0.0 ], [ -49.343161, -25.397828, 0.0 ], [ -49.342761, -25.398219, 0.0 ], [ -49.342441, -25.398464, 0.0 ], [ -49.341944, -25.398669, 0.0 ], [ -49.340862, -25.39858, 0.0 ], [ -49.338496, -25.399261, 0.0 ], [ -49.334301, -25.400861, 0.0 ], [ -49.334009, -25.399872, 0.0 ], [ -49.333946, -25.399562, 0.0 ], [ -49.334102, -25.398716, 0.0 ], [ -49.333884, -25.398483, 0.0 ], [ -49.333473, -25.39874, 0.0 ], [ -49.333108, -25.398767, 0.0 ], [ -49.332751, -25.39848, 0.0 ], [ -49.332313, -25.396842, 0.0 ], [ -49.333132, -25.39555, 0.0 ], [ -49.333723, -25.394939, 0.0 ], [ -49.334997, -25.395924, 0.0 ], [ -49.335302, -25.394935, 0.0 ], [ -49.335483, -25.394121, 0.0 ], [ -49.335369, -25.393546, 0.0 ], [ -49.334625, -25.392452, 0.0 ], [ -49.334003, -25.391982, 0.0 ], [ -49.331325, -25.390503, 0.0 ], [ -49.330815, -25.3849, 0.0 ], [ -49.330889, -25.384833, 0.0 ], [ -49.331655, -25.38423, 0.0 ], [ -49.333505, -25.38277, 0.0 ], [ -49.333217, -25.380741, 0.0 ], [ -49.332278, -25.380828, 0.0 ], [ -49.33226, -25.380726, 0.0 ], [ -49.332249, -25.380726, 0.0 ], [ -49.332153, -25.37994, 0.0 ], [ -49.332064, -25.379882, 0.0 ], [ -49.33195, -25.379025, 0.0 ], [ -49.331773, -25.377289, 0.0 ], [ -49.331626, -25.376153, 0.0 ] ] ] } },
{ "type": "Feature", "properties": { "Name": "2029", "description": "descrição: <br>IDENTIFICA: 4402029<br>SETOR: 2029 - SEG/QUA/SEX - DIURNO - POSTO 08 - DOMICILIAR<br>APELIDO: 2029<br>MACROSETOR: POSTO 8 - DOMICILIAR<br>COR: 12615935.000<br>FREQUENCIA: SEG/QUA/SEX - DIURNO<br>layer: 2029<br>path: G:/Drives compartilhados/J_NEGRAO_CCO/45 - Monitoramento/Paulo Lima/KMLKMZ Curitiba/Diurno/Seg-Qua-Sex/8/2029/2029 - SEG/QUA/SEX - DIURNO - POSTO 08 - DOMICILIAR/2029.shp", "timestamp": null, "begin": null, "end": null, "altitudeMode": null, "tessellate": -1, "extrude": 0, "visibility": -1, "drawOrder": null, "icon": null, "descri____o": "", "id": null, "IDENTIFICA": "4402029", "SETOR": "2029 - SEG/QUA/SEX - DIURNO - POSTO 08 - DOMICILIAR", "APELIDO": "2029", "MACROSETOR": "POSTO 8 - DOMICILIAR", "COR": "12615935.000", "FREQUENCIA": "SEG/QUA/SEX - DIURNO", "layer": "2029", "path": "G:/Drives compartilhados/J_NEGRAO_CCO/45 - Monitoramento/Paulo Lima/KMLKMZ Curitiba/Diurno/Seg-Qua-Sex/8/2029/2029 - SEG/QUA/SEX - DIURNO - POSTO 08 - DOMICILIAR/2029.shp", "OBJECTID": null, "TURNO": null, "POSTO": null, "FreqTurno": null, "X_SEMANA": null, "TER": null, "QUI": null, "SAB": null, "SEG": null, "QUA": null, "SEX": null }, "geometry": { "type": "Polygon", "coordinates": [ [ [ -49.338869, -25.392736, 0.0 ], [ -49.338253, -25.392368, 0.0 ], [ -49.337939, -25.392098, 0.0 ], [ -49.337841, -25.39101, 0.0 ], [ -49.338384, -25.389246, 0.0 ], [ -49.338698, -25.382668, 0.0 ], [ -49.338829, -25.382364, 0.0 ], [ -49.339144, -25.382494, 0.0 ], [ -49.340184, -25.382856, 0.0 ], [ -49.341444, -25.383152, 0.0 ], [ -49.344495, -25.384106, 0.0 ], [ -49.347232, -25.384854, 0.0 ], [ -49.350557, -25.385954, 0.0 ], [ -49.352807, -25.386726, 0.0 ], [ -49.354296, -25.387464, 0.0 ], [ -49.355094, -25.388164, 0.0 ], [ -49.35556, -25.388766, 0.0 ], [ -49.358795, -25.39241, 0.0 ], [ -49.35948, -25.393338, 0.0 ], [ -49.359786, -25.393864, 0.0 ], [ -49.360229, -25.394688, 0.0 ], [ -49.360476, -25.395468, 0.0 ], [ -49.360751, -25.39626, 0.0 ], [ -49.360878, -25.396878, 0.0 ], [ -49.358866, -25.397476, 0.0 ], [ -49.357049, -25.397062, 0.0 ], [ -49.355273, -25.39692, 0.0 ], [ -49.354144, -25.396692, 0.0 ], [ -49.352942, -25.396726, 0.0 ], [ -49.352258, -25.396664, 0.0 ], [ -49.351625, -25.3965, 0.0 ], [ -49.351319, -25.3966, 0.0 ], [ -49.351049, -25.397254, 0.0 ], [ -49.350696, -25.397364, 0.0 ], [ -49.350391, -25.397408, 0.0 ], [ -49.350104, -25.39749, 0.0 ], [ -49.349773, -25.397832, 0.0 ], [ -49.349275, -25.397348, 0.0 ], [ -49.349147, -25.39704, 0.0 ], [ -49.349066, -25.39679, 0.0 ], [ -49.348903, -25.396262, 0.0 ], [ -49.348708, -25.395914, 0.0 ], [ -49.347982, -25.394926, 0.0 ], [ -49.347189, -25.395472, 0.0 ], [ -49.346541, -25.394996, 0.0 ], [ -49.345885, -25.394636, 0.0 ], [ -49.345464, -25.394476, 0.0 ], [ -49.344475, -25.394148, 0.0 ], [ -49.34354, -25.393816, 0.0 ], [ -49.343171, -25.393712, 0.0 ], [ -49.342771, -25.393638, 0.0 ], [ -49.341469, -25.393534, 0.0 ], [ -49.340513, -25.393462, 0.0 ], [ -49.33992, -25.393432, 0.0 ], [ -49.339453, -25.393108, 0.0 ], [ -49.338869, -25.392736, 0.0 ] ] ] } },
{ "type": "Feature", "properties": { "Name": "2030", "description": "descrição: <br>IDENTIFICA: 4402030<br>SETOR: 2030 - SEG/QUA/SEX - DIURNO - POSTO 08 - DOMICILIAR<br>APELIDO: 2030<br>MACROSETOR: POSTO 8 - DOMICILIAR<br>COR: 8388736.000<br>FREQUENCIA: SEG/QUA/SEX - DIURNO<br>layer: 2030<br>path: G:/Drives compartilhados/J_NEGRAO_CCO/45 - Monitoramento/Paulo Lima/KMLKMZ Curitiba/Diurno/Seg-Qua-Sex/8/2030/2030 - SEG/QUA/SEX - DIURNO - POSTO 08 - DOMICILIAR/2030.shp", "timestamp": null, "begin": null, "end": null, "altitudeMode": null, "tessellate": -1, "extrude": 0, "visibility": -1, "drawOrder": null, "icon": null, "descri____o": "", "id": null, "IDENTIFICA": "4402030", "SETOR": "2030 - SEG/QUA/SEX - DIURNO - POSTO 08 - DOMICILIAR", "APELIDO": "2030", "MACROSETOR": "POSTO 8 - DOMICILIAR", "COR": "8388736.000", "FREQUENCIA": "SEG/QUA/SEX - DIURNO", "layer": "2030", "path": "G:/Drives compartilhados/J_NEGRAO_CCO/45 - Monitoramento/Paulo Lima/KMLKMZ Curitiba/Diurno/Seg-Qua-Sex/8/2030/2030 - SEG/QUA/SEX - DIURNO - POSTO 08 - DOMICILIAR/2030.shp", "OBJECTID": null, "TURNO": null, "POSTO": null, "FreqTurno": null, "X_SEMANA": null, "TER": null, "QUI": null, "SAB": null, "SEG": null, "QUA": null, "SEX": null }, "geometry": { "type": "Polygon", "coordinates": [ [ [ -49.354576, -25.409221, 0.0 ], [ -49.353291, -25.409516, 0.0 ], [ -49.352628, -25.410293, 0.0 ], [ -49.351643, -25.411016, 0.0 ], [ -49.350884, -25.411411, 0.0 ], [ -49.350128, -25.411582, 0.0 ], [ -49.349944, -25.411494, 0.0 ], [ -49.348923, -25.411209, 0.0 ], [ -49.346745, -25.410674, 0.0 ], [ -49.34624, -25.412129, 0.0 ], [ -49.344117, -25.411979, 0.0 ], [ -49.344396, -25.409914, 0.0 ], [ -49.342449, -25.409111, 0.0 ], [ -49.343027, -25.408206, 0.0 ], [ -49.344951, -25.407106, 0.0 ], [ -49.343055, -25.406274, 0.0 ], [ -49.344825, -25.402858, 0.0 ], [ -49.341805, -25.402529, 0.0 ], [ -49.341102, -25.401486, 0.0 ], [ -49.339015, -25.402374, 0.0 ], [ -49.337453, -25.401352, 0.0 ], [ -49.336317, -25.401778, 0.0 ], [ -49.334453, -25.402297, 0.0 ], [ -49.334442, -25.402047, 0.0 ], [ -49.334381, -25.401768, 0.0 ], [ -49.334295, -25.401223, 0.0 ], [ -49.33423, -25.400671, 0.0 ], [ -49.340027, -25.398664, 0.0 ], [ -49.340727, -25.398522, 0.0 ], [ -49.340445, -25.397824, 0.0 ], [ -49.341319, -25.397509, 0.0 ], [ -49.34096, -25.396842, 0.0 ], [ -49.340292, -25.395876, 0.0 ], [ -49.338783, -25.392658, 0.0 ], [ -49.340115, -25.393306, 0.0 ], [ -49.343085, -25.393635, 0.0 ], [ -49.345093, -25.394237, 0.0 ], [ -49.347159, -25.395352, 0.0 ], [ -49.347982, -25.394926, 0.0 ], [ -49.348903, -25.396262, 0.0 ], [ -49.349147, -25.39704, 0.0 ], [ -49.349773, -25.397832, 0.0 ], [ -49.350038, -25.398343, 0.0 ], [ -49.350178, -25.399354, 0.0 ], [ -49.350586, -25.400478, 0.0 ], [ -49.35138, -25.401257, 0.0 ], [ -49.351855, -25.402347, 0.0 ], [ -49.352925, -25.40294, 0.0 ], [ -49.353869, -25.404239, 0.0 ], [ -49.353985, -25.405014, 0.0 ], [ -49.354338, -25.406642, 0.0 ], [ -49.354576, -25.409221, 0.0 ] ] ] } },
{ "type": "Feature", "properties": { "Name": "2031", "description": "descrição: <br>IDENTIFICA: 4402031<br>SETOR: 2031 - SEG/QUA/SEX - DIURNO - POSTO 08 - DOMICILIAR<br>APELIDO: 2031<br>MACROSETOR: POSTO 8 - DOMICILIAR<br>COR: 4194432.000<br>FREQUENCIA: SEG/QUA/SEX - DIURNO<br>layer: 2031<br>path: G:/Drives compartilhados/J_NEGRAO_CCO/45 - Monitoramento/Paulo Lima/KMLKMZ Curitiba/Diurno/Seg-Qua-Sex/8/2031/2031 - SEG/QUA/SEX - DIURNO - POSTO 08 - DOMICILIAR/2031.shp", "timestamp": null, "begin": null, "end": null, "altitudeMode": null, "tessellate": -1, "extrude": 0, "visibility": -1, "drawOrder": null, "icon": null, "descri____o": "", "id": null, "IDENTIFICA": "4402031", "SETOR": "2031 - SEG/QUA/SEX - DIURNO - POSTO 08 - DOMICILIAR", "APELIDO": "2031", "MACROSETOR": "POSTO 8 - DOMICILIAR", "COR": "4194432.000", "FREQUENCIA": "SEG/QUA/SEX - DIURNO", "layer": "2031", "path": "G:/Drives compartilhados/J_NEGRAO_CCO/45 - Monitoramento/Paulo Lima/KMLKMZ Curitiba/Diurno/Seg-Qua-Sex/8/2031/2031 - SEG/QUA/SEX - DIURNO - POSTO 08 - DOMICILIAR/2031.shp", "OBJECTID": null, "TURNO": null, "POSTO": null, "FreqTurno": null, "X_SEMANA": null, "TER": null, "QUI": null, "SAB": null, "SEG": null, "QUA": null, "SEX": null }, "geometry": { "type": "Polygon", "coordinates": [ [ [ -49.336422, -25.421893, 0.0 ], [ -49.336443, -25.422102, 0.0 ], [ -49.336914, -25.422603, 0.0 ], [ -49.337245, -25.422891, 0.0 ], [ -49.337641, -25.423066, 0.0 ], [ -49.338135, -25.423184, 0.0 ], [ -49.338655, -25.423219, 0.0 ], [ -49.339093, -25.423235, 0.0 ], [ -49.339276, -25.423301, 0.0 ], [ -49.339543, -25.423619, 0.0 ], [ -49.339677, -25.423733, 0.0 ], [ -49.340037, -25.423641, 0.0 ], [ -49.340268, -25.42364, 0.0 ], [ -49.340655, -25.423672, 0.0 ], [ -49.341431, -25.423745, 0.0 ], [ -49.341488, -25.42554, 0.0 ], [ -49.341525, -25.426994, 0.0 ], [ -49.340489, -25.429113, 0.0 ], [ -49.340069, -25.429962, 0.0 ], [ -49.339815, -25.430474, 0.0 ], [ -49.338879, -25.430484, 0.0 ], [ -49.338878, -25.43048, 0.0 ], [ -49.338672, -25.430486, 0.0 ], [ -49.336998, -25.43053, 0.0 ], [ -49.333806, -25.430611, 0.0 ], [ -49.333659, -25.430615, 0.0 ], [ -49.332979, -25.430633, 0.0 ], [ -49.328955, -25.430737, 0.0 ], [ -49.327773, -25.430779, 0.0 ], [ -49.326851, -25.430902, 0.0 ], [ -49.325894, -25.430986, 0.0 ], [ -49.325198, -25.431064, 0.0 ], [ -49.324801, -25.431076, 0.0 ], [ -49.324387, -25.431069, 0.0 ], [ -49.323983, -25.431004, 0.0 ], [ -49.323541, -25.430927, 0.0 ], [ -49.323099, -25.430789, 0.0 ], [ -49.322793, -25.43071, 0.0 ], [ -49.32151, -25.430321, 0.0 ], [ -49.321661, -25.429974, 0.0 ], [ -49.322144, -25.429811, 0.0 ], [ -49.323223, -25.429907, 0.0 ], [ -49.324119, -25.429871, 0.0 ], [ -49.324416, -25.429733, 0.0 ], [ -49.32458, -25.429447, 0.0 ], [ -49.324837, -25.428864, 0.0 ], [ -49.325002, -25.428226, 0.0 ], [ -49.325343, -25.427597, 0.0 ], [ -49.325288, -25.427235, 0.0 ], [ -49.324944, -25.424548, 0.0 ], [ -49.325014, -25.42417, 0.0 ], [ -49.325072, -25.424019, 0.0 ], [ -49.325134, -25.423746, 0.0 ], [ -49.325297, -25.423293, 0.0 ], [ -49.325409, -25.42304, 0.0 ], [ -49.324976, -25.422975, 0.0 ], [ -49.32499, -25.422862, 0.0 ], [ -49.325461, -25.422913, 0.0 ], [ -49.325546, -25.422696, 0.0 ], [ -49.325627, -25.422317, 0.0 ], [ -49.325676, -25.422064, 0.0 ], [ -49.325767, -25.421849, 0.0 ], [ -49.325868, -25.421901, 0.0 ], [ -49.326081, -25.421958, 0.0 ], [ -49.326322, -25.421952, 0.0 ], [ -49.329373, -25.421786, 0.0 ], [ -49.329271, -25.419392, 0.0 ], [ -49.329129, -25.417136, 0.0 ], [ -49.328984, -25.414673, 0.0 ], [ -49.329354, -25.414556, 0.0 ], [ -49.329859, -25.414458, 0.0 ], [ -49.330315, -25.414418, 0.0 ], [ -49.330755, -25.414437, 0.0 ], [ -49.331632, -25.414523, 0.0 ], [ -49.332085, -25.414559, 0.0 ], [ -49.333201, -25.414482, 0.0 ], [ -49.333901, -25.414344, 0.0 ], [ -49.335571, -25.413907, 0.0 ], [ -49.335526, -25.414879, 0.0 ], [ -49.335619, -25.416061, 0.0 ], [ -49.335995, -25.416054, 0.0 ], [ -49.33604, -25.416319, 0.0 ], [ -49.335676, -25.416326, 0.0 ], [ -49.33576, -25.417335, 0.0 ], [ -49.335831, -25.418034, 0.0 ], [ -49.335828, -25.418683, 0.0 ], [ -49.337432, -25.419158, 0.0 ], [ -49.337348, -25.419449, 0.0 ], [ -49.337193, -25.420361, 0.0 ], [ -49.336611, -25.420433, 0.0 ], [ -49.336245, -25.420498, 0.0 ], [ -49.335995, -25.421403, 0.0 ], [ -49.33646, -25.421507, 0.0 ], [ -49.336422, -25.421893, 0.0 ] ] ] } },
{ "type": "Feature", "properties": { "Name": "2032", "description": "descrição: <br>IDENTIFICA: 4402032<br>SETOR: 2032 - SEG/QUA/SEX - DIURNO - POSTO 08 - DOMICILIAR<br>APELIDO: 2032<br>MACROSETOR: POSTO 8 - DOMICILIAR<br>COR: 65280.000<br>FREQUENCIA: SEG/QUA/SEX - DIURNO<br>layer: 2032<br>path: G:/Drives compartilhados/J_NEGRAO_CCO/45 - Monitoramento/Paulo Lima/KMLKMZ Curitiba/Diurno/Seg-Qua-Sex/8/2032/2032 - SEG/QUA/SEX - DIURNO - POSTO 08 - DOMICILIAR/2032.shp", "timestamp": null, "begin": null, "end": null, "altitudeMode": null, "tessellate": -1, "extrude": 0, "visibility": -1, "drawOrder": null, "icon": null, "descri____o": "", "id": null, "IDENTIFICA": "4402032", "SETOR": "2032 - SEG/QUA/SEX - DIURNO - POSTO 08 - DOMICILIAR", "APELIDO": "2032", "MACROSETOR": "POSTO 8 - DOMICILIAR", "COR": "65280.000", "FREQUENCIA": "SEG/QUA/SEX - DIURNO", "layer": "2032", "path": "G:/Drives compartilhados/J_NEGRAO_CCO/45 - Monitoramento/Paulo Lima/KMLKMZ Curitiba/Diurno/Seg-Qua-Sex/8/2032/2032 - SEG/QUA/SEX - DIURNO - POSTO 08 - DOMICILIAR/2032.shp", "OBJECTID": null, "TURNO": null, "POSTO": null, "FreqTurno": null, "X_SEMANA": null, "TER": null, "QUI": null, "SAB": null, "SEG": null, "QUA": null, "SEX": null }, "geometry": { "type": "Polygon", "coordinates": [ [ [ -49.316836, -25.430867, 0.0 ], [ -49.315995, -25.431171, 0.0 ], [ -49.314421, -25.431803, 0.0 ], [ -49.313935, -25.431986, 0.0 ], [ -49.313879, -25.432008, 0.0 ], [ -49.313711, -25.432078, 0.0 ], [ -49.313545, -25.432149, 0.0 ], [ -49.313242, -25.432083, 0.0 ], [ -49.312806, -25.432127, 0.0 ], [ -49.31257, -25.432135, 0.0 ], [ -49.31236, -25.432099, 0.0 ], [ -49.312205, -25.432082, 0.0 ], [ -49.312032, -25.432091, 0.0 ], [ -49.311809, -25.432066, 0.0 ], [ -49.311553, -25.432017, 0.0 ], [ -49.311402, -25.431984, 0.0 ], [ -49.311094, -25.431866, 0.0 ], [ -49.310922, -25.431874, 0.0 ], [ -49.310276, -25.431554, 0.0 ], [ -49.309718, -25.431317, 0.0 ], [ -49.309473, -25.431293, 0.0 ], [ -49.309101, -25.431278, 0.0 ], [ -49.308742, -25.43136, 0.0 ], [ -49.308267, -25.431411, 0.0 ], [ -49.307799, -25.431468, 0.0 ], [ -49.30743, -25.431557, 0.0 ], [ -49.307195, -25.431529, 0.0 ], [ -49.3068, -25.431396, 0.0 ], [ -49.306444, -25.431266, 0.0 ], [ -49.306101, -25.431268, 0.0 ], [ -49.30589, -25.43119, 0.0 ], [ -49.305368, -25.430973, 0.0 ], [ -49.304994, -25.430834, 0.0 ], [ -49.304524, -25.430701, 0.0 ], [ -49.303913, -25.430572, 0.0 ], [ -49.303606, -25.430565, 0.0 ], [ -49.303245, -25.430503, 0.0 ], [ -49.302964, -25.430425, 0.0 ], [ -49.302624, -25.430231, 0.0 ], [ -49.301997, -25.429681, 0.0 ], [ -49.30154, -25.429408, 0.0 ], [ -49.301198, -25.429126, 0.0 ], [ -49.300926, -25.428823, 0.0 ], [ -49.300684, -25.428164, 0.0 ], [ -49.300299, -25.427089, 0.0 ], [ -49.300312, -25.426889, 0.0 ], [ -49.300381, -25.426712, 0.0 ], [ -49.300549, -25.42631, 0.0 ], [ -49.299631, -25.425979, 0.0 ], [ -49.299374, -25.425916, 0.0 ], [ -49.298834, -25.425803, 0.0 ], [ -49.298119, -25.425704, 0.0 ], [ -49.297934, -25.425665, 0.0 ], [ -49.29773, -25.425594, 0.0 ], [ -49.297196, -25.4252, 0.0 ], [ -49.297039, -25.425088, 0.0 ], [ -49.296579, -25.42495, 0.0 ], [ -49.296168, -25.424795, 0.0 ], [ -49.295419, -25.424231, 0.0 ], [ -49.294216, -25.423319, 0.0 ], [ -49.293026, -25.422659, 0.0 ], [ -49.292406, -25.422286, 0.0 ], [ -49.291838, -25.421975, 0.0 ], [ -49.292732, -25.42029, 0.0 ], [ -49.293423, -25.418825, 0.0 ], [ -49.293811, -25.418084, 0.0 ], [ -49.293423, -25.418826, 0.0 ], [ -49.29322, -25.419256, 0.0 ], [ -49.293317, -25.419241, 0.0 ], [ -49.293379, -25.419209, 0.0 ], [ -49.293415, -25.419185, 0.0 ], [ -49.293412, -25.419174, 0.0 ], [ -49.293741, -25.418828, 0.0 ], [ -49.29414, -25.41851, 0.0 ], [ -49.294272, -25.41847, 0.0 ], [ -49.294475, -25.41849, 0.0 ], [ -49.29464, -25.418504, 0.0 ], [ -49.295194, -25.418349, 0.0 ], [ -49.29528, -25.418314, 0.0 ], [ -49.296084, -25.417708, 0.0 ], [ -49.29617, -25.417668, 0.0 ], [ -49.296275, -25.417675, 0.0 ], [ -49.296512, -25.417702, 0.0 ], [ -49.296591, -25.417702, 0.0 ], [ -49.296656, -25.417763, 0.0 ], [ -49.296747, -25.417812, 0.0 ], [ -49.296865, -25.417837, 0.0 ], [ -49.297023, -25.417839, 0.0 ], [ -49.297102, -25.417846, 0.0 ], [ -49.297227, -25.417775, 0.0 ], [ -49.29734, -25.417741, 0.0 ], [ -49.297545, -25.417666, 0.0 ], [ -49.29767, -25.417667, 0.0 ], [ -49.297801, -25.417669, 0.0 ], [ -49.297847, -25.417693, 0.0 ], [ -49.298075, -25.417797, 0.0 ], [ -49.298621, -25.418275, 0.0 ], [ -49.298725, -25.418384, 0.0 ], [ -49.29883, -25.418403, 0.0 ], [ -49.298955, -25.418405, 0.0 ], [ -49.299113, -25.418353, 0.0 ], [ -49.299437, -25.418243, 0.0 ], [ -49.299798, -25.418259, 0.0 ], [ -49.3001, -25.418316, 0.0 ], [ -49.300683, -25.417051, 0.0 ], [ -49.300843, -25.416886, 0.0 ], [ -49.300973, -25.416577, 0.0 ], [ -49.300962, -25.416415, 0.0 ], [ -49.300874, -25.416104, 0.0 ], [ -49.300792, -25.415852, 0.0 ], [ -49.300729, -25.41566, 0.0 ], [ -49.300735, -25.415567, 0.0 ], [ -49.300989, -25.415573, 0.0 ], [ -49.300992, -25.415573, 0.0 ], [ -49.301183, -25.415554, 0.0 ], [ -49.301351, -25.415521, 0.0 ], [ -49.301428, -25.415491, 0.0 ], [ -49.301594, -25.415414, 0.0 ], [ -49.301821, -25.41534, 0.0 ], [ -49.302097, -25.415251, 0.0 ], [ -49.302196, -25.41522, 0.0 ], [ -49.302653, -25.415074, 0.0 ], [ -49.302708, -25.415058, 0.0 ], [ -49.303023, -25.414979, 0.0 ], [ -49.303287, -25.414919, 0.0 ], [ -49.303534, -25.414862, 0.0 ], [ -49.304217, -25.414695, 0.0 ], [ -49.304295, -25.414673, 0.0 ], [ -49.304382, -25.414645, 0.0 ], [ -49.304542, -25.414595, 0.0 ], [ -49.304717, -25.414533, 0.0 ], [ -49.304819, -25.414497, 0.0 ], [ -49.304889, -25.414475, 0.0 ], [ -49.305078, -25.414417, 0.0 ], [ -49.305135, -25.414404, 0.0 ], [ -49.30538, -25.414312, 0.0 ], [ -49.305609, -25.414419, 0.0 ], [ -49.30574, -25.41448, 0.0 ], [ -49.3061, -25.414631, 0.0 ], [ -49.306344, -25.414736, 0.0 ], [ -49.306485, -25.414777, 0.0 ], [ -49.306673, -25.414786, 0.0 ], [ -49.306675, -25.414786, 0.0 ], [ -49.306676, -25.414786, 0.0 ], [ -49.306824, -25.414786, 0.0 ], [ -49.307087, -25.414738, 0.0 ], [ -49.307638, -25.414647, 0.0 ], [ -49.308168, -25.414557, 0.0 ], [ -49.308765, -25.414435, 0.0 ], [ -49.309163, -25.414352, 0.0 ], [ -49.309301, -25.414554, 0.0 ], [ -49.309352, -25.414698, 0.0 ], [ -49.309479, -25.415034, 0.0 ], [ -49.309499, -25.41544, 0.0 ], [ -49.30944, -25.415941, 0.0 ], [ -49.309565, -25.416373, 0.0 ], [ -49.309613, -25.416731, 0.0 ], [ -49.309688, -25.416995, 0.0 ], [ -49.309709, -25.417377, 0.0 ], [ -49.309787, -25.417426, 0.0 ], [ -49.31013, -25.417358, 0.0 ], [ -49.310606, -25.417221, 0.0 ], [ -49.311, -25.417201, 0.0 ], [ -49.311529, -25.417016, 0.0 ], [ -49.311954, -25.416734, 0.0 ], [ -49.312432, -25.416405, 0.0 ], [ -49.313331, -25.416034, 0.0 ], [ -49.313808, -25.4158, 0.0 ], [ -49.314338, -25.41552, 0.0 ], [ -49.315076, -25.415409, 0.0 ], [ -49.315784, -25.415584, 0.0 ], [ -49.315993, -25.415658, 0.0 ], [ -49.316439, -25.415759, 0.0 ], [ -49.316753, -25.415882, 0.0 ], [ -49.317171, -25.41603, 0.0 ], [ -49.317616, -25.416226, 0.0 ], [ -49.318269, -25.416544, 0.0 ], [ -49.31874, -25.416741, 0.0 ], [ -49.319314, -25.417058, 0.0 ], [ -49.319579, -25.416917, 0.0 ], [ -49.319899, -25.41661, 0.0 ], [ -49.320169, -25.416112, 0.0 ], [ -49.320598, -25.415496, 0.0 ], [ -49.321046, -25.415034, 0.0 ], [ -49.32139, -25.415315, 0.0 ], [ -49.321729, -25.415575, 0.0 ], [ -49.321969, -25.415748, 0.0 ], [ -49.322075, -25.415865, 0.0 ], [ -49.322123, -25.416011, 0.0 ], [ -49.322061, -25.416542, 0.0 ], [ -49.32205, -25.416942, 0.0 ], [ -49.322766, -25.417447, 0.0 ], [ -49.323599, -25.417372, 0.0 ], [ -49.324319, -25.417481, 0.0 ], [ -49.324687, -25.41739, 0.0 ], [ -49.324971, -25.417396, 0.0 ], [ -49.325692, -25.417139, 0.0 ], [ -49.326165, -25.416967, 0.0 ], [ -49.326872, -25.41669, 0.0 ], [ -49.327054, -25.416575, 0.0 ], [ -49.327417, -25.416344, 0.0 ], [ -49.327807, -25.415716, 0.0 ], [ -49.328267, -25.414995, 0.0 ], [ -49.328526, -25.41482, 0.0 ], [ -49.328786, -25.414734, 0.0 ], [ -49.328899, -25.414701, 0.0 ], [ -49.328984, -25.414673, 0.0 ], [ -49.329129, -25.417136, 0.0 ], [ -49.329271, -25.419392, 0.0 ], [ -49.329372, -25.421785, 0.0 ], [ -49.326322, -25.421952, 0.0 ], [ -49.326081, -25.421958, 0.0 ], [ -49.325868, -25.421901, 0.0 ], [ -49.325767, -25.421849, 0.0 ], [ -49.325676, -25.422064, 0.0 ], [ -49.325627, -25.422317, 0.0 ], [ -49.325546, -25.422696, 0.0 ], [ -49.325461, -25.422913, 0.0 ], [ -49.32499, -25.422862, 0.0 ], [ -49.324976, -25.422975, 0.0 ], [ -49.325409, -25.42304, 0.0 ], [ -49.325297, -25.423293, 0.0 ], [ -49.325134, -25.423746, 0.0 ], [ -49.325072, -25.424019, 0.0 ], [ -49.325014, -25.42417, 0.0 ], [ -49.324944, -25.424548, 0.0 ], [ -49.325288, -25.427235, 0.0 ], [ -49.325343, -25.427597, 0.0 ], [ -49.325002, -25.428226, 0.0 ], [ -49.324837, -25.428864, 0.0 ], [ -49.32458, -25.429447, 0.0 ], [ -49.324416, -25.429733, 0.0 ], [ -49.324119, -25.429871, 0.0 ], [ -49.323223, -25.429907, 0.0 ], [ -49.322144, -25.429811, 0.0 ], [ -49.321661, -25.429974, 0.0 ], [ -49.32151, -25.430321, 0.0 ], [ -49.320913, -25.430139, 0.0 ], [ -49.320308, -25.430025, 0.0 ], [ -49.319762, -25.429992, 0.0 ], [ -49.319089, -25.430039, 0.0 ], [ -49.318224, -25.430296, 0.0 ], [ -49.317392, -25.430622, 0.0 ], [ -49.316836, -25.430867, 0.0 ] ] ] } },
{ "type": "Feature", "properties": { "Name": "2035", "description": "descrição: <br>IDENTIFICA: 4402035<br>SETOR: 2035 - SEG/QUA/SEX - DIURNO - POSTO 08 - DOMICILIAR<br>APELIDO: 2035<br>MACROSETOR: POSTO 8 - DOMICILIAR<br>COR: 16776960.000<br>FREQUENCIA: SEG/QUA/SEX - DIURNO<br>layer: 2035<br>path: G:/Drives compartilhados/J_NEGRAO_CCO/45 - Monitoramento/Paulo Lima/KMLKMZ Curitiba/Diurno/Seg-Qua-Sex/8/2035/2035 - SEG/QUA/SEX - DIURNO - POSTO 08 - DOMICILIAR/2035.shp", "timestamp": null, "begin": null, "end": null, "altitudeMode": null, "tessellate": -1, "extrude": 0, "visibility": -1, "drawOrder": null, "icon": null, "descri____o": "", "id": null, "IDENTIFICA": "4402035", "SETOR": "2035 - SEG/QUA/SEX - DIURNO - POSTO 08 - DOMICILIAR", "APELIDO": "2035", "MACROSETOR": "POSTO 8 - DOMICILIAR", "COR": "16776960.000", "FREQUENCIA": "SEG/QUA/SEX - DIURNO", "layer": "2035", "path": "G:/Drives compartilhados/J_NEGRAO_CCO/45 - Monitoramento/Paulo Lima/KMLKMZ Curitiba/Diurno/Seg-Qua-Sex/8/2035/2035 - SEG/QUA/SEX - DIURNO - POSTO 08 - DOMICILIAR/2035.shp", "OBJECTID": null, "TURNO": null, "POSTO": null, "FreqTurno": null, "X_SEMANA": null, "TER": null, "QUI": null, "SAB": null, "SEG": null, "QUA": null, "SEX": null }, "geometry": { "type": "Polygon", "coordinates": [ [ [ -49.279976, -25.380283, 0.0 ], [ -49.280332, -25.3788, 0.0 ], [ -49.280365, -25.378161, 0.0 ], [ -49.281284, -25.378275, 0.0 ], [ -49.281529, -25.37836, 0.0 ], [ -49.281588, -25.378275, 0.0 ], [ -49.281605, -25.37704, 0.0 ], [ -49.28282, -25.37701, 0.0 ], [ -49.282716, -25.375751, 0.0 ], [ -49.28281, -25.374252, 0.0 ], [ -49.286067, -25.372327, 0.0 ], [ -49.287458, -25.371836, 0.0 ], [ -49.287526, -25.372167, 0.0 ], [ -49.286176, -25.373166, 0.0 ], [ -49.285821, -25.374287, 0.0 ], [ -49.286209, -25.376034, 0.0 ], [ -49.285469, -25.37682, 0.0 ], [ -49.285863, -25.378066, 0.0 ], [ -49.285956, -25.378477, 0.0 ], [ -49.286265, -25.378765, 0.0 ], [ -49.286638, -25.37877, 0.0 ], [ -49.287029, -25.378713, 0.0 ], [ -49.288246, -25.377689, 0.0 ], [ -49.288597, -25.377093, 0.0 ], [ -49.288742, -25.376993, 0.0 ], [ -49.288869, -25.376986, 0.0 ], [ -49.289182, -25.376912, 0.0 ], [ -49.289427, -25.376897, 0.0 ], [ -49.28959, -25.376841, 0.0 ], [ -49.289689, -25.376802, 0.0 ], [ -49.289719, -25.376736, 0.0 ], [ -49.289801, -25.376587, 0.0 ], [ -49.289891, -25.376492, 0.0 ], [ -49.290035, -25.376424, 0.0 ], [ -49.290153, -25.376409, 0.0 ], [ -49.290229, -25.376461, 0.0 ], [ -49.290345, -25.376604, 0.0 ], [ -49.290371, -25.376752, 0.0 ], [ -49.290506, -25.376872, 0.0 ], [ -49.290609, -25.377038, 0.0 ], [ -49.290715, -25.37699, 0.0 ], [ -49.290925, -25.37681, 0.0 ], [ -49.291402, -25.376287, 0.0 ], [ -49.291702, -25.376338, 0.0 ], [ -49.291823, -25.376228, 0.0 ], [ -49.292208, -25.376074, 0.0 ], [ -49.292439, -25.375825, 0.0 ], [ -49.292703, -25.375649, 0.0 ], [ -49.293048, -25.375514, 0.0 ], [ -49.29322, -25.375545, 0.0 ], [ -49.293279, -25.375841, 0.0 ], [ -49.293521, -25.3763, 0.0 ], [ -49.293856, -25.376266, 0.0 ], [ -49.293955, -25.376195, 0.0 ], [ -49.294236, -25.376177, 0.0 ], [ -49.294577, -25.375827, 0.0 ], [ -49.294814, -25.37572, 0.0 ], [ -49.294929, -25.375744, 0.0 ], [ -49.295133, -25.375666, 0.0 ], [ -49.295396, -25.375653, 0.0 ], [ -49.295557, -25.375856, 0.0 ], [ -49.295688, -25.376036, 0.0 ], [ -49.295771, -25.376448, 0.0 ], [ -49.295816, -25.376905, 0.0 ], [ -49.295755, -25.377589, 0.0 ], [ -49.295698, -25.378015, 0.0 ], [ -49.295801, -25.378521, 0.0 ], [ -49.29577, -25.378648, 0.0 ], [ -49.29605, -25.37894, 0.0 ], [ -49.296331, -25.37889, 0.0 ], [ -49.297171, -25.378842, 0.0 ], [ -49.29747, -25.378722, 0.0 ], [ -49.297417, -25.37859, 0.0 ], [ -49.29744, -25.378421, 0.0 ], [ -49.297645, -25.378346, 0.0 ], [ -49.297963, -25.378346, 0.0 ], [ -49.298597, -25.378477, 0.0 ], [ -49.298862, -25.378649, 0.0 ], [ -49.299055, -25.379418, 0.0 ], [ -49.299186, -25.379443, 0.0 ], [ -49.299341, -25.379314, 0.0 ], [ -49.299379, -25.378991, 0.0 ], [ -49.299305, -25.378546, 0.0 ], [ -49.299855, -25.378653, 0.0 ], [ -49.300303, -25.378743, 0.0 ], [ -49.300445, -25.379226, 0.0 ], [ -49.300386, -25.379511, 0.0 ], [ -49.30071, -25.380016, 0.0 ], [ -49.300978, -25.380219, 0.0 ], [ -49.301202, -25.380615, 0.0 ], [ -49.301301, -25.380847, 0.0 ], [ -49.301361, -25.381075, 0.0 ], [ -49.301629, -25.381021, 0.0 ], [ -49.302002, -25.380774, 0.0 ], [ -49.302146, -25.380788, 0.0 ], [ -49.302299, -25.381017, 0.0 ], [ -49.302247, -25.381425, 0.0 ], [ -49.302163, -25.381636, 0.0 ], [ -49.302048, -25.381735, 0.0 ], [ -49.302114, -25.381812, 0.0 ], [ -49.302193, -25.381914, 0.0 ], [ -49.302345, -25.382324, 0.0 ], [ -49.302393, -25.382532, 0.0 ], [ -49.302472, -25.382607, 0.0 ], [ -49.302555, -25.382739, 0.0 ], [ -49.302778, -25.382872, 0.0 ], [ -49.302868, -25.383095, 0.0 ], [ -49.30271, -25.383229, 0.0 ], [ -49.300518, -25.383655, 0.0 ], [ -49.29919, -25.383747, 0.0 ], [ -49.298786, -25.384162, 0.0 ], [ -49.298254, -25.384524, 0.0 ], [ -49.297856, -25.384717, 0.0 ], [ -49.296733, -25.386018, 0.0 ], [ -49.295476, -25.388043, 0.0 ], [ -49.295161, -25.387571, 0.0 ], [ -49.29502, -25.388556, 0.0 ], [ -49.293104, -25.388418, 0.0 ], [ -49.291797, -25.387809, 0.0 ], [ -49.291645, -25.387777, 0.0 ], [ -49.291177, -25.387887, 0.0 ], [ -49.290531, -25.387933, 0.0 ], [ -49.290363, -25.387854, 0.0 ], [ -49.289992, -25.387958, 0.0 ], [ -49.289701, -25.388132, 0.0 ], [ -49.289556, -25.388484, 0.0 ], [ -49.289032, -25.388433, 0.0 ], [ -49.286992, -25.388258, 0.0 ], [ -49.285328, -25.388137, 0.0 ], [ -49.284948, -25.388094, 0.0 ], [ -49.284474, -25.388059, 0.0 ], [ -49.284187, -25.387929, 0.0 ], [ -49.283541, -25.387588, 0.0 ], [ -49.283217, -25.387419, 0.0 ], [ -49.282967, -25.387353, 0.0 ], [ -49.282795, -25.387379, 0.0 ], [ -49.281762, -25.387627, 0.0 ], [ -49.281478, -25.387606, 0.0 ], [ -49.281012, -25.387499, 0.0 ], [ -49.280631, -25.387329, 0.0 ], [ -49.28018, -25.387091, 0.0 ], [ -49.279922, -25.386876, 0.0 ], [ -49.279533, -25.38658, 0.0 ], [ -49.279259, -25.386297, 0.0 ], [ -49.279159, -25.386089, 0.0 ], [ -49.279069, -25.385868, 0.0 ], [ -49.279144, -25.385843, 0.0 ], [ -49.279235, -25.38575, 0.0 ], [ -49.279373, -25.385517, 0.0 ], [ -49.279902, -25.385319, 0.0 ], [ -49.282242, -25.385572, 0.0 ], [ -49.282153, -25.38482, 0.0 ], [ -49.281792, -25.384208, 0.0 ], [ -49.281474, -25.38255, 0.0 ], [ -49.281275, -25.382277, 0.0 ], [ -49.280638, -25.381798, 0.0 ], [ -49.28044, -25.381485, 0.0 ], [ -49.280271, -25.380892, 0.0 ], [ -49.279976, -25.380283, 0.0 ] ] ] } },
{ "type": "Feature", "properties": { "Name": "2047", "description": "descrição: <br>IDENTIFICA: 4402047<br>SETOR: 2047 - SEG/QUA/SEX - DIURNO - POSTO 08 - DOMICILIAR<br>APELIDO: 2047<br>MACROSETOR: POSTO 8 - DOMICILIAR<br>COR: 16711680.000<br>FREQUENCIA: SEG/QUA/SEX - DIURNO<br>layer: 2047<br>path: G:/Drives compartilhados/J_NEGRAO_CCO/45 - Monitoramento/Paulo Lima/KMLKMZ Curitiba/Diurno/Seg-Qua-Sex/8/2047/2047 - SEG/QUA/SEX - DIURNO - POSTO 08 - DOMICILIAR/2047.shp", "timestamp": null, "begin": null, "end": null, "altitudeMode": null, "tessellate": -1, "extrude": 0, "visibility": -1, "drawOrder": null, "icon": null, "descri____o": "", "id": null, "IDENTIFICA": "4402047", "SETOR": "2047 - SEG/QUA/SEX - DIURNO - POSTO 08 - DOMICILIAR", "APELIDO": "2047", "MACROSETOR": "POSTO 8 - DOMICILIAR", "COR": "16711680.000", "FREQUENCIA": "SEG/QUA/SEX - DIURNO", "layer": "2047", "path": "G:/Drives compartilhados/J_NEGRAO_CCO/45 - Monitoramento/Paulo Lima/KMLKMZ Curitiba/Diurno/Seg-Qua-Sex/8/2047/2047 - SEG/QUA/SEX - DIURNO - POSTO 08 - DOMICILIAR/2047.shp", "OBJECTID": null, "TURNO": null, "POSTO": null, "FreqTurno": null, "X_SEMANA": null, "TER": null, "QUI": null, "SAB": null, "SEG": null, "QUA": null, "SEX": null }, "geometry": { "type": "Polygon", "coordinates": [ [ [ -49.348258, -25.41905, 0.0 ], [ -49.348258, -25.419068, 0.0 ], [ -49.347712, -25.418895, 0.0 ], [ -49.347153, -25.418505, 0.0 ], [ -49.345602, -25.417336, 0.0 ], [ -49.345245, -25.417221, 0.0 ], [ -49.344257, -25.417273, 0.0 ], [ -49.344471, -25.413961, 0.0 ], [ -49.345812, -25.413835, 0.0 ], [ -49.346939, -25.41057, 0.0 ], [ -49.348991, -25.411026, 0.0 ], [ -49.349956, -25.411312, 0.0 ], [ -49.350841, -25.411171, 0.0 ], [ -49.351793, -25.41074, 0.0 ], [ -49.352723, -25.410108, 0.0 ], [ -49.353124, -25.412041, 0.0 ], [ -49.356526, -25.411537, 0.0 ], [ -49.358152, -25.411756, 0.0 ], [ -49.358174, -25.412434, 0.0 ], [ -49.364535, -25.411727, 0.0 ], [ -49.363645, -25.415806, 0.0 ], [ -49.364169, -25.417582, 0.0 ], [ -49.36061, -25.418635, 0.0 ], [ -49.36007, -25.418667, 0.0 ], [ -49.356169, -25.41885, 0.0 ], [ -49.353666, -25.41903, 0.0 ], [ -49.348655, -25.419116, 0.0 ], [ -49.348258, -25.41905, 0.0 ] ] ] } },
{ "type": "Feature", "properties": { "Name": "3003", "description": "descrição: <br>IDENTIFICA: 4403003<br>SETOR: 3003 - TER/QUI/SAB - DIURNO - POSTO 08 - DOMICILIAR<br>APELIDO: 3003<br>MACROSETOR: POSTO 8 - DOMICILIAR<br>COR: 8388736.000<br>FREQUENCIA: TER/QUI/SAB - DIURNO<br>layer: 3003<br>path: G:/Drives compartilhados/J_NEGRAO_CCO/45 - Monitoramento/Paulo Lima/KMLKMZ Curitiba/Diurno/Ter-Qui-Sab/8/3003/3003 - TER/QUI/SAB - DIURNO - POSTO 08 - DOMICILIAR/3003.shp", "timestamp": null, "begin": null, "end": null, "altitudeMode": null, "tessellate": -1, "extrude": 0, "visibility": -1, "drawOrder": null, "icon": null, "descri____o": "", "id": null, "IDENTIFICA": "4403003", "SETOR": "3003 - TER/QUI/SAB - DIURNO - POSTO 08 - DOMICILIAR", "APELIDO": "3003", "MACROSETOR": "POSTO 8 - DOMICILIAR", "COR": "8388736.000", "FREQUENCIA": "TER/QUI/SAB - DIURNO", "layer": "3003", "path": "G:/Drives compartilhados/J_NEGRAO_CCO/45 - Monitoramento/Paulo Lima/KMLKMZ Curitiba/Diurno/Ter-Qui-Sab/8/3003/3003 - TER/QUI/SAB - DIURNO - POSTO 08 - DOMICILIAR/3003.shp", "OBJECTID": null, "TURNO": null, "POSTO": null, "FreqTurno": null, "X_SEMANA": null, "TER": null, "QUI": null, "SAB": null, "SEG": null, "QUA": null, "SEX": null }, "geometry": { "type": "Polygon", "coordinates": [ [ [ -49.288863, -25.553357, 0.0 ], [ -49.291543, -25.558302, 0.0 ], [ -49.291532, -25.559977, 0.0 ], [ -49.291165, -25.561445, 0.0 ], [ -49.290424, -25.563168, 0.0 ], [ -49.289523, -25.564562, 0.0 ], [ -49.288332, -25.5658, 0.0 ], [ -49.286116, -25.567745, 0.0 ], [ -49.2847, -25.568248, 0.0 ], [ -49.283584, -25.568665, 0.0 ], [ -49.284593, -25.562567, 0.0 ], [ -49.286154, -25.562737, 0.0 ], [ -49.286368, -25.562233, 0.0 ], [ -49.283311, -25.561333, 0.0 ], [ -49.283488, -25.560287, 0.0 ], [ -49.282122, -25.561068, 0.0 ], [ -49.276106, -25.558922, 0.0 ], [ -49.274851, -25.558124, 0.0 ], [ -49.278939, -25.556435, 0.0 ], [ -49.281514, -25.553918, 0.0 ], [ -49.285215, -25.552534, 0.0 ], [ -49.288863, -25.553357, 0.0 ] ] ] } },
{ "type": "Feature", "properties": { "Name": "3020", "description": "descrição: <br>IDENTIFICA: 4403020<br>SETOR: 3020 - TER/QUI/SAB - DIURNO - POSTO 08 - DOMICILIAR<br>APELIDO: 3020<br>MACROSETOR: POSTO 8 - DOMICILIAR<br>COR: 65535.000<br>FREQUENCIA: TER/QUI/SAB - DIURNO<br>layer: 3020<br>path: G:/Drives compartilhados/J_NEGRAO_CCO/45 - Monitoramento/Paulo Lima/KMLKMZ Curitiba/Diurno/Ter-Qui-Sab/8/3020/3020 - TER/QUI/SAB - DIURNO - POSTO 08 - DOMICILIAR/3020.shp", "timestamp": null, "begin": null, "end": null, "altitudeMode": null, "tessellate": -1, "extrude": 0, "visibility": -1, "drawOrder": null, "icon": null, "descri____o": "", "id": null, "IDENTIFICA": "4403020", "SETOR": "3020 - TER/QUI/SAB - DIURNO - POSTO 08 - DOMICILIAR", "APELIDO": "3020", "MACROSETOR": "POSTO 8 - DOMICILIAR", "COR": "65535.000", "FREQUENCIA": "TER/QUI/SAB - DIURNO", "layer": "3020", "path": "G:/Drives compartilhados/J_NEGRAO_CCO/45 - Monitoramento/Paulo Lima/KMLKMZ Curitiba/Diurno/Ter-Qui-Sab/8/3020/3020 - TER/QUI/SAB - DIURNO - POSTO 08 - DOMICILIAR/3020.shp", "OBJECTID": null, "TURNO": null, "POSTO": null, "FreqTurno": null, "X_SEMANA": null, "TER": null, "QUI": null, "SAB": null, "SEG": null, "QUA": null, "SEX": null }, "geometry": { "type": "Polygon", "coordinates": [ [ [ -49.26726, -25.558648, 0.0 ], [ -49.263571, -25.554941, 0.0 ], [ -49.26289, -25.554419, 0.0 ], [ -49.263474, -25.553843, 0.0 ], [ -49.264858, -25.554099, 0.0 ], [ -49.266194, -25.554346, 0.0 ], [ -49.266264, -25.554167, 0.0 ], [ -49.267389, -25.553631, 0.0 ], [ -49.266305, -25.552354, 0.0 ], [ -49.267141, -25.551884, 0.0 ], [ -49.262711, -25.546554, 0.0 ], [ -49.263199, -25.546272, 0.0 ], [ -49.263508, -25.546124, 0.0 ], [ -49.263926, -25.545882, 0.0 ], [ -49.264931, -25.545338, 0.0 ], [ -49.266647, -25.544381, 0.0 ], [ -49.268448, -25.545602, 0.0 ], [ -49.266664, -25.546611, 0.0 ], [ -49.267292, -25.546969, 0.0 ], [ -49.268665, -25.54786, 0.0 ], [ -49.268102, -25.5486, 0.0 ], [ -49.267367, -25.549239, 0.0 ], [ -49.271656, -25.551979, 0.0 ], [ -49.27164, -25.552943, 0.0 ], [ -49.269924, -25.554029, 0.0 ], [ -49.269355, -25.554053, 0.0 ], [ -49.27163, -25.556124, 0.0 ], [ -49.26726, -25.558648, 0.0 ] ] ] } },
{ "type": "Feature", "properties": { "Name": "3022", "description": "descrição: <br>IDENTIFICA: 4403022<br>SETOR: 3022 - TER/QUI/SAB - DIURNO - POSTO 08 - DOMICILIAR<br>APELIDO: 3022<br>MACROSETOR: POSTO 8 - DOMICILIAR<br>COR: 4194432.000<br>FREQUENCIA: TER/QUI/SAB - DIURNO<br>layer: 3022<br>path: G:/Drives compartilhados/J_NEGRAO_CCO/45 - Monitoramento/Paulo Lima/KMLKMZ Curitiba/Diurno/Ter-Qui-Sab/8/3022/3022 - TER/QUI/SAB - DIURNO - POSTO 08 - DOMICILIAR/3022.shp", "timestamp": null, "begin": null, "end": null, "altitudeMode": null, "tessellate": -1, "extrude": 0, "visibility": -1, "drawOrder": null, "icon": null, "descri____o": "", "id": null, "IDENTIFICA": "4403022", "SETOR": "3022 - TER/QUI/SAB - DIURNO - POSTO 08 - DOMICILIAR", "APELIDO": "3022", "MACROSETOR": "POSTO 8 - DOMICILIAR", "COR": "4194432.000", "FREQUENCIA": "TER/QUI/SAB - DIURNO", "layer": "3022", "path": "G:/Drives compartilhados/J_NEGRAO_CCO/45 - Monitoramento/Paulo Lima/KMLKMZ Curitiba/Diurno/Ter-Qui-Sab/8/3022/3022 - TER/QUI/SAB - DIURNO - POSTO 08 - DOMICILIAR/3022.shp", "OBJECTID": null, "TURNO": null, "POSTO": null, "FreqTurno": null, "X_SEMANA": null, "TER": null, "QUI": null, "SAB": null, "SEG": null, "QUA": null, "SEX": null }, "geometry": { "type": "Polygon", "coordinates": [ [ [ -49.26675, -25.546514, 0.0 ], [ -49.268448, -25.545602, 0.0 ], [ -49.266647, -25.544381, 0.0 ], [ -49.270078, -25.542518, 0.0 ], [ -49.271477, -25.542972, 0.0 ], [ -49.272169, -25.543132, 0.0 ], [ -49.274513, -25.544162, 0.0 ], [ -49.275674, -25.545283, 0.0 ], [ -49.273212, -25.548589, 0.0 ], [ -49.277932, -25.551541, 0.0 ], [ -49.282857, -25.547596, 0.0 ], [ -49.285797, -25.546779, 0.0 ], [ -49.28658, -25.548095, 0.0 ], [ -49.284627, -25.549005, 0.0 ], [ -49.280421, -25.551173, 0.0 ], [ -49.277063, -25.553121, 0.0 ], [ -49.272737, -25.550527, 0.0 ], [ -49.268627, -25.547812, 0.0 ], [ -49.268488, -25.547729, 0.0 ], [ -49.268348, -25.547642, 0.0 ], [ -49.268236, -25.54755, 0.0 ], [ -49.267324, -25.546998, 0.0 ], [ -49.266664, -25.546611, 0.0 ], [ -49.26675, -25.546514, 0.0 ] ] ] } },
{ "type": "Feature", "properties": { "Name": "3023", "description": "descrição: <br>IDENTIFICA: 4403023<br>SETOR: 3023 - TER/QUI/SAB - DIURNO - POSTO 08 - DOMICILIAR<br>APELIDO: 3023<br>MACROSETOR: POSTO 8 - DOMICILIAR<br>COR: 65280.000<br>FREQUENCIA: TER/QUI/SAB - DIURNO<br>layer: 3023<br>path: G:/Drives compartilhados/J_NEGRAO_CCO/45 - Monitoramento/Paulo Lima/KMLKMZ Curitiba/Diurno/Ter-Qui-Sab/8/3023/3023 - TER/QUI/SAB - DIURNO - POSTO 08 - DOMICILIAR/3023.shp", "timestamp": null, "begin": null, "end": null, "altitudeMode": null, "tessellate": -1, "extrude": 0, "visibility": -1, "drawOrder": null, "icon": null, "descri____o": "", "id": null, "IDENTIFICA": "4403023", "SETOR": "3023 - TER/QUI/SAB - DIURNO - POSTO 08 - DOMICILIAR", "APELIDO": "3023", "MACROSETOR": "POSTO 8 - DOMICILIAR", "COR": "65280.000", "FREQUENCIA": "TER/QUI/SAB - DIURNO", "layer": "3023", "path": "G:/Drives compartilhados/J_NEGRAO_CCO/45 - Monitoramento/Paulo Lima/KMLKMZ Curitiba/Diurno/Ter-Qui-Sab/8/3023/3023 - TER/QUI/SAB - DIURNO - POSTO 08 - DOMICILIAR/3023.shp", "OBJECTID": null, "TURNO": null, "POSTO": null, "FreqTurno": null, "X_SEMANA": null, "TER": null, "QUI": null, "SAB": null, "SEG": null, "QUA": null, "SEX": null }, "geometry": { "type": "Polygon", "coordinates": [ [ [ -49.283723, -25.56838, 0.0 ], [ -49.281352, -25.56748, 0.0 ], [ -49.279592, -25.566551, 0.0 ], [ -49.276395, -25.565419, 0.0 ], [ -49.27001, -25.563093, 0.0 ], [ -49.267167, -25.562115, 0.0 ], [ -49.264603, -25.561002, 0.0 ], [ -49.263862, -25.560605, 0.0 ], [ -49.27163, -25.556124, 0.0 ], [ -49.269355, -25.554053, 0.0 ], [ -49.269924, -25.554029, 0.0 ], [ -49.271098, -25.553305, 0.0 ], [ -49.27157, -25.553005, 0.0 ], [ -49.271656, -25.551979, 0.0 ], [ -49.267367, -25.549239, 0.0 ], [ -49.268102, -25.5486, 0.0 ], [ -49.268665, -25.54786, 0.0 ], [ -49.272815, -25.550449, 0.0 ], [ -49.277063, -25.553121, 0.0 ], [ -49.275969, -25.55375, 0.0 ], [ -49.276275, -25.554084, 0.0 ], [ -49.275647, -25.554292, 0.0 ], [ -49.274896, -25.554742, 0.0 ], [ -49.274564, -25.555076, 0.0 ], [ -49.27336, -25.556053, 0.0 ], [ -49.272395, -25.556731, 0.0 ], [ -49.273006, -25.557021, 0.0 ], [ -49.274167, -25.55767, 0.0 ], [ -49.274484, -25.557782, 0.0 ], [ -49.274977, -25.558077, 0.0 ], [ -49.276018, -25.558696, 0.0 ], [ -49.28225, -25.56099, 0.0 ], [ -49.283617, -25.560209, 0.0 ], [ -49.283439, -25.561256, 0.0 ], [ -49.286497, -25.562156, 0.0 ], [ -49.286283, -25.562659, 0.0 ], [ -49.284721, -25.56249, 0.0 ], [ -49.283723, -25.56838, 0.0 ] ] ] } },
{ "type": "Feature", "properties": { "Name": "3024", "description": "descrição: <br>IDENTIFICA: 4403024<br>SETOR: 3024 - TER/QUI/SAB - DIURNO - POSTO 08 - DOMICILIAR<br>APELIDO: 3024<br>MACROSETOR: POSTO 8 - DOMICILIAR<br>COR: 255.000<br>FREQUENCIA: TER/QUI/SAB - DIURNO<br>layer: 3024<br>path: G:/Drives compartilhados/J_NEGRAO_CCO/45 - Monitoramento/Paulo Lima/KMLKMZ Curitiba/Diurno/Ter-Qui-Sab/8/3024/3024 - TER/QUI/SAB - DIURNO - POSTO 08 - DOMICILIAR/3024.shp", "timestamp": null, "begin": null, "end": null, "altitudeMode": null, "tessellate": -1, "extrude": 0, "visibility": -1, "drawOrder": null, "icon": null, "descri____o": "", "id": null, "IDENTIFICA": "4403024", "SETOR": "3024 - TER/QUI/SAB - DIURNO - POSTO 08 - DOMICILIAR", "APELIDO": "3024", "MACROSETOR": "POSTO 8 - DOMICILIAR", "COR": "255.000", "FREQUENCIA": "TER/QUI/SAB - DIURNO", "layer": "3024", "path": "G:/Drives compartilhados/J_NEGRAO_CCO/45 - Monitoramento/Paulo Lima/KMLKMZ Curitiba/Diurno/Ter-Qui-Sab/8/3024/3024 - TER/QUI/SAB - DIURNO - POSTO 08 - DOMICILIAR/3024.shp", "OBJECTID": null, "TURNO": null, "POSTO": null, "FreqTurno": null, "X_SEMANA": null, "TER": null, "QUI": null, "SAB": null, "SEG": null, "QUA": null, "SEX": null }, "geometry": { "type": "Polygon", "coordinates": [ [ [ -49.262711, -25.546554, 0.0 ], [ -49.267141, -25.551884, 0.0 ], [ -49.266305, -25.552354, 0.0 ], [ -49.267389, -25.553631, 0.0 ], [ -49.266264, -25.554167, 0.0 ], [ -49.266194, -25.554346, 0.0 ], [ -49.263721, -25.553825, 0.0 ], [ -49.261307, -25.553215, 0.0 ], [ -49.25796, -25.551714, 0.0 ], [ -49.255524, -25.550476, 0.0 ], [ -49.255455, -25.550084, 0.0 ], [ -49.252467, -25.548569, 0.0 ], [ -49.255055, -25.547241, 0.0 ], [ -49.256941, -25.549589, 0.0 ], [ -49.262711, -25.546554, 0.0 ] ] ] } },
{ "type": "Feature", "properties": { "Name": "3025", "description": "descrição: <br>IDENTIFICA: 4403025<br>SETOR: 3025 - TER/QUI/SAB - DIURNO - POSTO 08 - DOMICILIAR<br>APELIDO: 3025<br>MACROSETOR: POSTO 8 - DOMICILIAR<br>COR: 16776960.000<br>FREQUENCIA: TER/QUI/SAB - DIURNO<br>layer: 3025<br>path: G:/Drives compartilhados/J_NEGRAO_CCO/45 - Monitoramento/Paulo Lima/KMLKMZ Curitiba/Diurno/Ter-Qui-Sab/8/3025/3025 - TER/QUI/SAB - DIURNO - POSTO 08 - DOMICILIAR/3025.shp", "timestamp": null, "begin": null, "end": null, "altitudeMode": null, "tessellate": -1, "extrude": 0, "visibility": -1, "drawOrder": null, "icon": null, "descri____o": "", "id": null, "IDENTIFICA": "4403025", "SETOR": "3025 - TER/QUI/SAB - DIURNO - POSTO 08 - DOMICILIAR", "APELIDO": "3025", "MACROSETOR": "POSTO 8 - DOMICILIAR", "COR": "16776960.000", "FREQUENCIA": "TER/QUI/SAB - DIURNO", "layer": "3025", "path": "G:/Drives compartilhados/J_NEGRAO_CCO/45 - Monitoramento/Paulo Lima/KMLKMZ Curitiba/Diurno/Ter-Qui-Sab/8/3025/3025 - TER/QUI/SAB - DIURNO - POSTO 08 - DOMICILIAR/3025.shp", "OBJECTID": null, "TURNO": null, "POSTO": null, "FreqTurno": null, "X_SEMANA": null, "TER": null, "QUI": null, "SAB": null, "SEG": null, "QUA": null, "SEX": null }, "geometry": { "type": "Polygon", "coordinates": [ [ [ -49.26726, -25.558648, 0.0 ], [ -49.263882, -25.560671, 0.0 ], [ -49.26252, -25.559839, 0.0 ], [ -49.261018, -25.559132, 0.0 ], [ -49.259376, -25.558832, 0.0 ], [ -49.257445, -25.558619, 0.0 ], [ -49.255911, -25.55829, 0.0 ], [ -49.25413, -25.556771, 0.0 ], [ -49.250632, -25.553218, 0.0 ], [ -49.250353, -25.553199, 0.0 ], [ -49.250267, -25.552928, 0.0 ], [ -49.250675, -25.552851, 0.0 ], [ -49.253797, -25.551302, 0.0 ], [ -49.255471, -25.550382, 0.0 ], [ -49.258132, -25.551815, 0.0 ], [ -49.261404, -25.553257, 0.0 ], [ -49.26355, -25.553751, 0.0 ], [ -49.263474, -25.553843, 0.0 ], [ -49.26289, -25.554419, 0.0 ], [ -49.263571, -25.554941, 0.0 ], [ -49.26726, -25.558648, 0.0 ] ] ] } },
{ "type": "Feature", "properties": { "Name": "3026", "description": "descrição: <br>IDENTIFICA: 4403026<br>SETOR: 3026 - TER/QUI/SAB - DIURNO - POSTO 08 - DOMICILIAR<br>APELIDO: 3026<br>MACROSETOR: POSTO 8 - DOMICILIAR<br>COR: 8388672.000<br>FREQUENCIA: TER/QUI/SAB - DIURNO<br>layer: 3026<br>path: G:/Drives compartilhados/J_NEGRAO_CCO/45 - Monitoramento/Paulo Lima/KMLKMZ Curitiba/Diurno/Ter-Qui-Sab/8/3026/3026 - TER/QUI/SAB - DIURNO - POSTO 08 - DOMICILIAR/3026.shp", "timestamp": null, "begin": null, "end": null, "altitudeMode": null, "tessellate": -1, "extrude": 0, "visibility": -1, "drawOrder": null, "icon": null, "descri____o": "", "id": null, "IDENTIFICA": "4403026", "SETOR": "3026 - TER/QUI/SAB - DIURNO - POSTO 08 - DOMICILIAR", "APELIDO": "3026", "MACROSETOR": "POSTO 8 - DOMICILIAR", "COR": "8388672.000", "FREQUENCIA": "TER/QUI/SAB - DIURNO", "layer": "3026", "path": "G:/Drives compartilhados/J_NEGRAO_CCO/45 - Monitoramento/Paulo Lima/KMLKMZ Curitiba/Diurno/Ter-Qui-Sab/8/3026/3026 - TER/QUI/SAB - DIURNO - POSTO 08 - DOMICILIAR/3026.shp", "OBJECTID": null, "TURNO": null, "POSTO": null, "FreqTurno": null, "X_SEMANA": null, "TER": null, "QUI": null, "SAB": null, "SEG": null, "QUA": null, "SEX": null }, "geometry": { "type": "Polygon", "coordinates": [ [ [ -49.250389, -25.553203, 0.0 ], [ -49.250632, -25.553218, 0.0 ], [ -49.255911, -25.55829, 0.0 ], [ -49.261018, -25.559132, 0.0 ], [ -49.263725, -25.560559, 0.0 ], [ -49.260442, -25.562021, 0.0 ], [ -49.244316, -25.56567, 0.0 ], [ -49.244434, -25.560854, 0.0 ], [ -49.246814, -25.560325, 0.0 ], [ -49.246532, -25.559175, 0.0 ], [ -49.246886, -25.558512, 0.0 ], [ -49.2496, -25.556209, 0.0 ], [ -49.247921, -25.554568, 0.0 ], [ -49.250389, -25.553203, 0.0 ] ] ] } },
{ "type": "Feature", "properties": { "Name": "3029", "description": "descrição: <br>IDENTIFICA: 4403029<br>SETOR: 3029 - TER/QUI/SAB - DIURNO - POSTO 08 - DOMICILIAR<br>APELIDO: 3029<br>MACROSETOR: POSTO 8 - DOMICILIAR<br>COR: 16711935.000<br>FREQUENCIA: TER/QUI/SAB - DIURNO<br>layer: 3029<br>path: G:/Drives compartilhados/J_NEGRAO_CCO/45 - Monitoramento/Paulo Lima/KMLKMZ Curitiba/Diurno/Ter-Qui-Sab/8/3029/3029 - TER/QUI/SAB - DIURNO - POSTO 08 - DOMICILIAR/3029.shp", "timestamp": null, "begin": null, "end": null, "altitudeMode": null, "tessellate": -1, "extrude": 0, "visibility": -1, "drawOrder": null, "icon": null, "descri____o": "", "id": null, "IDENTIFICA": "4403029", "SETOR": "3029 - TER/QUI/SAB - DIURNO - POSTO 08 - DOMICILIAR", "APELIDO": "3029", "MACROSETOR": "POSTO 8 - DOMICILIAR", "COR": "16711935.000", "FREQUENCIA": "TER/QUI/SAB - DIURNO", "layer": "3029", "path": "G:/Drives compartilhados/J_NEGRAO_CCO/45 - Monitoramento/Paulo Lima/KMLKMZ Curitiba/Diurno/Ter-Qui-Sab/8/3029/3029 - TER/QUI/SAB - DIURNO - POSTO 08 - DOMICILIAR/3029.shp", "OBJECTID": null, "TURNO": null, "POSTO": null, "FreqTurno": null, "X_SEMANA": null, "TER": null, "QUI": null, "SAB": null, "SEG": null, "QUA": null, "SEX": null }, "geometry": { "type": "Polygon", "coordinates": [ [ [ -49.256941, -25.549589, 0.0 ], [ -49.255902, -25.548228, 0.0 ], [ -49.255387, -25.54758, 0.0 ], [ -49.255001, -25.547164, 0.0 ], [ -49.254025, -25.545828, 0.0 ], [ -49.254647, -25.545528, 0.0 ], [ -49.253555, -25.544115, 0.0 ], [ -49.253962, -25.543573, 0.0 ], [ -49.248134, -25.539768, 0.0 ], [ -49.248778, -25.538258, 0.0 ], [ -49.248853, -25.537803, 0.0 ], [ -49.251071, -25.536115, 0.0 ], [ -49.254225, -25.538274, 0.0 ], [ -49.252736, -25.539273, 0.0 ], [ -49.252578, -25.539576, 0.0 ], [ -49.255351, -25.541401, 0.0 ], [ -49.257468, -25.54273, 0.0 ], [ -49.25829, -25.544067, 0.0 ], [ -49.260822, -25.547562, 0.0 ], [ -49.256941, -25.549589, 0.0 ] ] ] } },
{ "type": "Feature", "properties": { "Name": "3030", "description": "descrição: <br>IDENTIFICA: 4403030<br>SETOR: 3030 - TER/QUI/SAB - DIURNO - POSTO 08 - DOMICILIAR<br>APELIDO: 3030<br>MACROSETOR: POSTO 8 - DOMICILIAR<br>COR: 8388863.000<br>FREQUENCIA: TER/QUI/SAB - DIURNO<br>layer: 3030<br>path: G:/Drives compartilhados/J_NEGRAO_CCO/45 - Monitoramento/Paulo Lima/KMLKMZ Curitiba/Diurno/Ter-Qui-Sab/8/3030/3030 - TER/QUI/SAB - DIURNO - POSTO 08 - DOMICILIAR/3030.shp", "timestamp": null, "begin": null, "end": null, "altitudeMode": null, "tessellate": -1, "extrude": 0, "visibility": -1, "drawOrder": null, "icon": null, "descri____o": "", "id": null, "IDENTIFICA": "4403030", "SETOR": "3030 - TER/QUI/SAB - DIURNO - POSTO 08 - DOMICILIAR", "APELIDO": "3030", "MACROSETOR": "POSTO 8 - DOMICILIAR", "COR": "8388863.000", "FREQUENCIA": "TER/QUI/SAB - DIURNO", "layer": "3030", "path": "G:/Drives compartilhados/J_NEGRAO_CCO/45 - Monitoramento/Paulo Lima/KMLKMZ Curitiba/Diurno/Ter-Qui-Sab/8/3030/3030 - TER/QUI/SAB - DIURNO - POSTO 08 - DOMICILIAR/3030.shp", "OBJECTID": null, "TURNO": null, "POSTO": null, "FreqTurno": null, "X_SEMANA": null, "TER": null, "QUI": null, "SAB": null, "SEG": null, "QUA": null, "SEX": null }, "geometry": { "type": "Polygon", "coordinates": [ [ [ -49.265017, -25.545242, 0.0 ], [ -49.263199, -25.546272, 0.0 ], [ -49.262711, -25.546554, 0.0 ], [ -49.260822, -25.547562, 0.0 ], [ -49.260304, -25.54696, 0.0 ], [ -49.259583, -25.545873, 0.0 ], [ -49.25829, -25.544067, 0.0 ], [ -49.257468, -25.54273, 0.0 ], [ -49.255287, -25.541401, 0.0 ], [ -49.257134, -25.540181, 0.0 ], [ -49.259338, -25.541654, 0.0 ], [ -49.260169, -25.542392, 0.0 ], [ -49.263463, -25.540549, 0.0 ], [ -49.263559, -25.54068, 0.0 ], [ -49.264166, -25.54143, 0.0 ], [ -49.266564, -25.539959, 0.0 ], [ -49.267143, -25.539557, 0.0 ], [ -49.267433, -25.539368, 0.0 ], [ -49.267754, -25.539447, 0.0 ], [ -49.26843, -25.53966, 0.0 ], [ -49.268934, -25.540221, 0.0 ], [ -49.269128, -25.541035, 0.0 ], [ -49.269932, -25.54208, 0.0 ], [ -49.270106, -25.542229, 0.0 ], [ -49.269861, -25.542453, 0.0 ], [ -49.268093, -25.543448, 0.0 ], [ -49.265773, -25.544656, 0.0 ], [ -49.26518, -25.544958, 0.0 ], [ -49.265017, -25.545242, 0.0 ] ] ] } },
{ "type": "Feature", "properties": { "Name": "3031", "description": "descrição: <br>IDENTIFICA: 4403031<br>SETOR: 3031 - TER/QUI/SAB - DIURNO - POSTO 08 - DOMICILIAR<br>APELIDO: 3031<br>MACROSETOR: POSTO 8 - DOMICILIAR<br>COR: 16776960.000<br>FREQUENCIA: TER/QUI/SAB - DIURNO<br>layer: 3031<br>path: G:/Drives compartilhados/J_NEGRAO_CCO/45 - Monitoramento/Paulo Lima/KMLKMZ Curitiba/Diurno/Ter-Qui-Sab/8/3031/3031 - TER/QUI/SAB - DIURNO - POSTO 08 - DOMICILIAR/3031.shp", "timestamp": null, "begin": null, "end": null, "altitudeMode": null, "tessellate": -1, "extrude": 0, "visibility": -1, "drawOrder": null, "icon": null, "descri____o": "", "id": null, "IDENTIFICA": "4403031", "SETOR": "3031 - TER/QUI/SAB - DIURNO - POSTO 08 - DOMICILIAR", "APELIDO": "3031", "MACROSETOR": "POSTO 8 - DOMICILIAR", "COR": "16776960.000", "FREQUENCIA": "TER/QUI/SAB - DIURNO", "layer": "3031", "path": "G:/Drives compartilhados/J_NEGRAO_CCO/45 - Monitoramento/Paulo Lima/KMLKMZ Curitiba/Diurno/Ter-Qui-Sab/8/3031/3031 - TER/QUI/SAB - DIURNO - POSTO 08 - DOMICILIAR/3031.shp", "OBJECTID": null, "TURNO": null, "POSTO": null, "FreqTurno": null, "X_SEMANA": null, "TER": null, "QUI": null, "SAB": null, "SEG": null, "QUA": null, "SEX": null }, "geometry": { "type": "MultiPolygon", "coordinates": [ [ [ [ -49.257122, -25.540182, 0.0 ], [ -49.257117, -25.540186, 0.0 ], [ -49.257117, -25.540196, 0.0 ], [ -49.257111, -25.540182, 0.0 ], [ -49.257122, -25.540182, 0.0 ] ] ], [ [ [ -49.257122, -25.540191, 0.0 ], [ -49.257111, -25.540206, 0.0 ], [ -49.257106, -25.540196, 0.0 ], [ -49.261016, -25.537583, 0.0 ], [ -49.259836, -25.536051, 0.0 ], [ -49.260941, -25.533345, 0.0 ], [ -49.263756, -25.534346, 0.0 ], [ -49.26426, -25.533427, 0.0 ], [ -49.264845, -25.533553, 0.0 ], [ -49.265338, -25.533693, 0.0 ], [ -49.265684, -25.533812, 0.0 ], [ -49.265958, -25.533942, 0.0 ], [ -49.266294, -25.534032, 0.0 ], [ -49.26903, -25.534925, 0.0 ], [ -49.268472, -25.536068, 0.0 ], [ -49.269717, -25.536532, 0.0 ], [ -49.268344, -25.539612, 0.0 ], [ -49.26739, -25.539417, 0.0 ], [ -49.267395, -25.539422, 0.0 ], [ -49.266295, -25.540201, 0.0 ], [ -49.265947, -25.540409, 0.0 ], [ -49.264997, -25.541072, 0.0 ], [ -49.264192, -25.541464, 0.0 ], [ -49.263983, -25.541242, 0.0 ], [ -49.263425, -25.54068, 0.0 ], [ -49.260185, -25.542495, 0.0 ], [ -49.259338, -25.541654, 0.0 ], [ -49.257134, -25.540181, 0.0 ], [ -49.257122, -25.540191, 0.0 ] ] ] ] } },
{ "type": "Feature", "properties": { "Name": "3032", "description": "descrição: <br>IDENTIFICA: 4403032<br>SETOR: 3032 - TER/QUI/SAB - DIURNO - POSTO 08 - DOMICILIAR<br>APELIDO: 3032<br>MACROSETOR: POSTO 8 - DOMICILIAR<br>COR: 8388736.000<br>FREQUENCIA: TER/QUI/SAB - DIURNO<br>layer: 3032<br>path: G:/Drives compartilhados/J_NEGRAO_CCO/45 - Monitoramento/Paulo Lima/KMLKMZ Curitiba/Diurno/Ter-Qui-Sab/8/3032/3032 - TER/QUI/SAB - DIURNO - POSTO 08 - DOMICILIAR/3032.shp", "timestamp": null, "begin": null, "end": null, "altitudeMode": null, "tessellate": -1, "extrude": 0, "visibility": -1, "drawOrder": null, "icon": null, "descri____o": "", "id": null, "IDENTIFICA": "4403032", "SETOR": "3032 - TER/QUI/SAB - DIURNO - POSTO 08 - DOMICILIAR", "APELIDO": "3032", "MACROSETOR": "POSTO 8 - DOMICILIAR", "COR": "8388736.000", "FREQUENCIA": "TER/QUI/SAB - DIURNO", "layer": "3032", "path": "G:/Drives compartilhados/J_NEGRAO_CCO/45 - Monitoramento/Paulo Lima/KMLKMZ Curitiba/Diurno/Ter-Qui-Sab/8/3032/3032 - TER/QUI/SAB - DIURNO - POSTO 08 - DOMICILIAR/3032.shp", "OBJECTID": null, "TURNO": null, "POSTO": null, "FreqTurno": null, "X_SEMANA": null, "TER": null, "QUI": null, "SAB": null, "SEG": null, "QUA": null, "SEX": null }, "geometry": { "type": "Polygon", "coordinates": [ [ [ -49.260842, -25.533405, 0.0 ], [ -49.260845, -25.533408, 0.0 ], [ -49.259772, -25.536051, 0.0 ], [ -49.260952, -25.537583, 0.0 ], [ -49.255287, -25.541401, 0.0 ], [ -49.252578, -25.539576, 0.0 ], [ -49.252736, -25.539273, 0.0 ], [ -49.254225, -25.538274, 0.0 ], [ -49.251071, -25.536115, 0.0 ], [ -49.254049, -25.532996, 0.0 ], [ -49.254714, -25.532367, 0.0 ], [ -49.255272, -25.532454, 0.0 ], [ -49.256195, -25.531863, 0.0 ], [ -49.25641, -25.531544, 0.0 ], [ -49.258323, -25.532072, 0.0 ], [ -49.261285, -25.532757, 0.0 ], [ -49.26426, -25.533427, 0.0 ], [ -49.264007, -25.533967, 0.0 ], [ -49.263782, -25.534395, 0.0 ], [ -49.262296, -25.533925, 0.0 ], [ -49.260842, -25.533405, 0.0 ] ] ] } },
{ "type": "Feature", "properties": { "Name": "3033", "description": "descrição: <br>IDENTIFICA: 4403033<br>SETOR: 3033 - TER/QUI/SAB - DIURNO - POSTO 08 - DOMICILIAR<br>APELIDO: 3033<br>MACROSETOR: POSTO 8 - DOMICILIAR<br>COR: 65280.000<br>FREQUENCIA: TER/QUI/SAB - DIURNO<br>layer: 3033<br>path: G:/Drives compartilhados/J_NEGRAO_CCO/45 - Monitoramento/Paulo Lima/KMLKMZ Curitiba/Diurno/Ter-Qui-Sab/8/3033/3033 - TER/QUI/SAB - DIURNO - POSTO 08 - DOMICILIAR/3033.shp", "timestamp": null, "begin": null, "end": null, "altitudeMode": null, "tessellate": -1, "extrude": 0, "visibility": -1, "drawOrder": null, "icon": null, "descri____o": "", "id": null, "IDENTIFICA": "4403033", "SETOR": "3033 - TER/QUI/SAB - DIURNO - POSTO 08 - DOMICILIAR", "APELIDO": "3033", "MACROSETOR": "POSTO 8 - DOMICILIAR", "COR": "65280.000", "FREQUENCIA": "TER/QUI/SAB - DIURNO", "layer": "3033", "path": "G:/Drives compartilhados/J_NEGRAO_CCO/45 - Monitoramento/Paulo Lima/KMLKMZ Curitiba/Diurno/Ter-Qui-Sab/8/3033/3033 - TER/QUI/SAB - DIURNO - POSTO 08 - DOMICILIAR/3033.shp", "OBJECTID": null, "TURNO": null, "POSTO": null, "FreqTurno": null, "X_SEMANA": null, "TER": null, "QUI": null, "SAB": null, "SEG": null, "QUA": null, "SEX": null }, "geometry": { "type": "MultiPolygon", "coordinates": [ [ [ [ -49.260947, -25.533443, 0.0 ], [ -49.260941, -25.533345, 0.0 ], [ -49.260961, -25.533352, 0.0 ], [ -49.260947, -25.533443, 0.0 ] ] ], [ [ [ -49.261387, -25.532733, 0.0 ], [ -49.258415, -25.532024, 0.0 ], [ -49.258484, -25.531922, 0.0 ], [ -49.258621, -25.531602, 0.0 ], [ -49.256797, -25.530944, 0.0 ], [ -49.258007, -25.52835, 0.0 ], [ -49.259262, -25.528262, 0.0 ], [ -49.260002, -25.52835, 0.0 ], [ -49.260668, -25.528514, 0.0 ], [ -49.261397, -25.528224, 0.0 ], [ -49.265088, -25.526433, 0.0 ], [ -49.267556, -25.526733, 0.0 ], [ -49.269347, -25.527585, 0.0 ], [ -49.271004, -25.529754, 0.0 ], [ -49.270935, -25.529943, 0.0 ], [ -49.27086, -25.530093, 0.0 ], [ -49.270704, -25.530481, 0.0 ], [ -49.270404, -25.531168, 0.0 ], [ -49.270081, -25.531984, 0.0 ], [ -49.267544, -25.531307, 0.0 ], [ -49.266294, -25.534032, 0.0 ], [ -49.266194, -25.534017, 0.0 ], [ -49.266098, -25.534, 0.0 ], [ -49.265845, -25.533889, 0.0 ], [ -49.265145, -25.533625, 0.0 ], [ -49.264008, -25.53334, 0.0 ], [ -49.262855, -25.533054, 0.0 ], [ -49.261387, -25.532733, 0.0 ] ] ] ] } },
{ "type": "Feature", "properties": { "Name": "3034", "description": "descrição: <br>IDENTIFICA: 4403034<br>SETOR: 3034 - TER/QUI/SAB - DIURNO - POSTO 08 - DOMICILIAR<br>APELIDO: 3034<br>MACROSETOR: POSTO 8 - DOMICILIAR<br>COR: 16711680.000<br>FREQUENCIA: TER/QUI/SAB - DIURNO<br>layer: 3034<br>path: G:/Drives compartilhados/J_NEGRAO_CCO/45 - Monitoramento/Paulo Lima/KMLKMZ Curitiba/Diurno/Ter-Qui-Sab/8/3034/3034 - TER/QUI/SAB - DIURNO - POSTO 08 - DOMICILIAR/3034.shp", "timestamp": null, "begin": null, "end": null, "altitudeMode": null, "tessellate": -1, "extrude": 0, "visibility": -1, "drawOrder": null, "icon": null, "descri____o": "", "id": null, "IDENTIFICA": "4403034", "SETOR": "3034 - TER/QUI/SAB - DIURNO - POSTO 08 - DOMICILIAR", "APELIDO": "3034", "MACROSETOR": "POSTO 8 - DOMICILIAR", "COR": "16711680.000", "FREQUENCIA": "TER/QUI/SAB - DIURNO", "layer": "3034", "path": "G:/Drives compartilhados/J_NEGRAO_CCO/45 - Monitoramento/Paulo Lima/KMLKMZ Curitiba/Diurno/Ter-Qui-Sab/8/3034/3034 - TER/QUI/SAB - DIURNO - POSTO 08 - DOMICILIAR/3034.shp", "OBJECTID": null, "TURNO": null, "POSTO": null, "FreqTurno": null, "X_SEMANA": null, "TER": null, "QUI": null, "SAB": null, "SEG": null, "QUA": null, "SEX": null }, "geometry": { "type": "Polygon", "coordinates": [ [ [ -49.270106, -25.542229, 0.0 ], [ -49.269128, -25.541035, 0.0 ], [ -49.268955, -25.540308, 0.0 ], [ -49.26843, -25.53966, 0.0 ], [ -49.268344, -25.539612, 0.0 ], [ -49.269717, -25.536532, 0.0 ], [ -49.268472, -25.536068, 0.0 ], [ -49.26903, -25.534925, 0.0 ], [ -49.266294, -25.534032, 0.0 ], [ -49.267603, -25.531157, 0.0 ], [ -49.270081, -25.531984, 0.0 ], [ -49.271004, -25.529754, 0.0 ], [ -49.272951, -25.530469, 0.0 ], [ -49.272478, -25.531223, 0.0 ], [ -49.270828, -25.534872, 0.0 ], [ -49.278102, -25.536585, 0.0 ], [ -49.277555, -25.538183, 0.0 ], [ -49.270106, -25.542229, 0.0 ] ] ] } },
{ "type": "Feature", "properties": { "Name": "3035", "description": "descrição: <br>IDENTIFICA: 4403035<br>SETOR: 3035 - TER/QUI/SAB - DIURNO - POSTO 08 - DOMICILIAR<br>APELIDO: 3035<br>MACROSETOR: POSTO 8 - DOMICILIAR<br>COR: 255.000<br>FREQUENCIA: TER/QUI/SAB - DIURNO<br>layer: 3035<br>path: G:/Drives compartilhados/J_NEGRAO_CCO/45 - Monitoramento/Paulo Lima/KMLKMZ Curitiba/Diurno/Ter-Qui-Sab/8/3035/3035 - TER/QUI/SAB - DIURNO - POSTO 08 - DOMICILIAR/3035.shp", "timestamp": null, "begin": null, "end": null, "altitudeMode": null, "tessellate": -1, "extrude": 0, "visibility": -1, "drawOrder": null, "icon": null, "descri____o": "", "id": null, "IDENTIFICA": "4403035", "SETOR": "3035 - TER/QUI/SAB - DIURNO - POSTO 08 - DOMICILIAR", "APELIDO": "3035", "MACROSETOR": "POSTO 8 - DOMICILIAR", "COR": "255.000", "FREQUENCIA": "TER/QUI/SAB - DIURNO", "layer": "3035", "path": "G:/Drives compartilhados/J_NEGRAO_CCO/45 - Monitoramento/Paulo Lima/KMLKMZ Curitiba/Diurno/Ter-Qui-Sab/8/3035/3035 - TER/QUI/SAB - DIURNO - POSTO 08 - DOMICILIAR/3035.shp", "OBJECTID": null, "TURNO": null, "POSTO": null, "FreqTurno": null, "X_SEMANA": null, "TER": null, "QUI": null, "SAB": null, "SEG": null, "QUA": null, "SEX": null }, "geometry": { "type": "Polygon", "coordinates": [ [ [ -49.258621, -25.531602, 0.0 ], [ -49.258494, -25.531895, 0.0 ], [ -49.255954, -25.531302, 0.0 ], [ -49.255842, -25.531239, 0.0 ], [ -49.255568, -25.531157, 0.0 ], [ -49.254216, -25.530866, 0.0 ], [ -49.25346, -25.530726, 0.0 ], [ -49.25361, -25.530126, 0.0 ], [ -49.253041, -25.529506, 0.0 ], [ -49.251067, -25.527255, 0.0 ], [ -49.251604, -25.526954, 0.0 ], [ -49.251819, -25.52708, 0.0 ], [ -49.252109, -25.526973, 0.0 ], [ -49.25213, -25.526808, 0.0 ], [ -49.253643, -25.525928, 0.0 ], [ -49.254072, -25.525095, 0.0 ], [ -49.25478, -25.523565, 0.0 ], [ -49.255316, -25.521164, 0.0 ], [ -49.255335, -25.520136, 0.0 ], [ -49.257812, -25.520671, 0.0 ], [ -49.260289, -25.521312, 0.0 ], [ -49.260822, -25.521411, 0.0 ], [ -49.261209, -25.521503, 0.0 ], [ -49.264008, -25.522147, 0.0 ], [ -49.263922, -25.523246, 0.0 ], [ -49.26382, -25.523445, 0.0 ], [ -49.267001, -25.524248, 0.0 ], [ -49.26669, -25.525492, 0.0 ], [ -49.265088, -25.526433, 0.0 ], [ -49.260668, -25.528514, 0.0 ], [ -49.259262, -25.528262, 0.0 ], [ -49.258007, -25.52835, 0.0 ], [ -49.256797, -25.530944, 0.0 ], [ -49.258621, -25.531602, 0.0 ] ] ] } },
{ "type": "Feature", "properties": { "Name": "2019", "description": "descrição: <br>IDENTIFICA: 4402019<br>SETOR: 2019 - SEG/QUA/SEX - DIURNO - POSTO 09 - DOMICILIAR<br>APELIDO: 2019<br>MACROSETOR: POSTO 09 - DOMICILIAR<br>COR: 8388863.000<br>FREQUENCIA: SEG/QUA/SEX - DIURNO<br>layer: 2019<br>path: G:/Drives compartilhados/J_NEGRAO_CCO/45 - Monitoramento/Paulo Lima/KMLKMZ Curitiba/Diurno/Seg-Qua-Sex/9/2019/2019 - SEG/QUA/SEX - DIURNO - POSTO 09 - DOMICILIAR/2019.shp", "timestamp": null, "begin": null, "end": null, "altitudeMode": null, "tessellate": -1, "extrude": 0, "visibility": -1, "drawOrder": null, "icon": null, "descri____o": "", "id": null, "IDENTIFICA": "4402019", "SETOR": "2019 - SEG/QUA/SEX - DIURNO - POSTO 09 - DOMICILIAR", "APELIDO": "2019", "MACROSETOR": "POSTO 09 - DOMICILIAR", "COR": "8388863.000", "FREQUENCIA": "SEG/QUA/SEX - DIURNO", "layer": "2019", "path": "G:/Drives compartilhados/J_NEGRAO_CCO/45 - Monitoramento/Paulo Lima/KMLKMZ Curitiba/Diurno/Seg-Qua-Sex/9/2019/2019 - SEG/QUA/SEX - DIURNO - POSTO 09 - DOMICILIAR/2019.shp", "OBJECTID": null, "TURNO": null, "POSTO": null, "FreqTurno": null, "X_SEMANA": null, "TER": null, "QUI": null, "SAB": null, "SEG": null, "QUA": null, "SEX": null }, "geometry": { "type": "Polygon", "coordinates": [ [ [ -49.260486, -25.365698, 0.0 ], [ -49.260496, -25.365705, 0.0 ], [ -49.260464, -25.365976, 0.0 ], [ -49.260089, -25.367178, 0.0 ], [ -49.259874, -25.3684, 0.0 ], [ -49.260443, -25.369873, 0.0 ], [ -49.26099, -25.370241, 0.0 ], [ -49.261323, -25.370736, 0.0 ], [ -49.262095, -25.371521, 0.0 ], [ -49.263297, -25.373226, 0.0 ], [ -49.262953, -25.373322, 0.0 ], [ -49.255314, -25.374466, 0.0 ], [ -49.251152, -25.373101, 0.0 ], [ -49.246388, -25.372141, 0.0 ], [ -49.246098, -25.371821, 0.0 ], [ -49.243674, -25.370222, 0.0 ], [ -49.241345, -25.369504, 0.0 ], [ -49.239522, -25.37059, 0.0 ], [ -49.240433, -25.371501, 0.0 ], [ -49.239178, -25.372364, 0.0 ], [ -49.239994, -25.373381, 0.0 ], [ -49.239457, -25.373624, 0.0 ], [ -49.238261, -25.372246, 0.0 ], [ -49.237947, -25.37182, 0.0 ], [ -49.234492, -25.374542, 0.0 ], [ -49.233535, -25.372992, 0.0 ], [ -49.234554, -25.372169, 0.0 ], [ -49.23611, -25.371006, 0.0 ], [ -49.235187, -25.369756, 0.0 ], [ -49.236206, -25.368932, 0.0 ], [ -49.237698, -25.367643, 0.0 ], [ -49.237505, -25.367328, 0.0 ], [ -49.234543, -25.364033, 0.0 ], [ -49.23553, -25.362947, 0.0 ], [ -49.236002, -25.36349, 0.0 ], [ -49.238406, -25.366243, 0.0 ], [ -49.239307, -25.365816, 0.0 ], [ -49.241453, -25.363917, 0.0 ], [ -49.24347, -25.361939, 0.0 ], [ -49.243985, -25.360815, 0.0 ], [ -49.248051, -25.360239, 0.0 ], [ -49.248786, -25.362482, 0.0 ], [ -49.250443, -25.36458, 0.0 ], [ -49.250492, -25.365424, 0.0 ], [ -49.252037, -25.366029, 0.0 ], [ -49.253657, -25.364532, 0.0 ], [ -49.254499, -25.363126, 0.0 ], [ -49.257291, -25.362719, 0.0 ], [ -49.258149, -25.364913, 0.0 ], [ -49.260486, -25.365698, 0.0 ] ] ] } },
{ "type": "Feature", "properties": { "Name": "2020", "description": "descrição: <br>IDENTIFICA: 4402020<br>SETOR: 2020 - SEG/QUA/SEX - DIURNO - POSTO 09 - DOMICILIAR<br>APELIDO: 2020<br>MACROSETOR: POSTO 09 - DOMICILIAR<br>COR: 8454016.000<br>FREQUENCIA: SEG/QUA/SEX - DIURNO<br>layer: 2020<br>path: G:/Drives compartilhados/J_NEGRAO_CCO/45 - Monitoramento/Paulo Lima/KMLKMZ Curitiba/Diurno/Seg-Qua-Sex/9/2020/2020 - SEG/QUA/SEX - DIURNO - POSTO 09 - DOMICILIAR/2020.shp", "timestamp": null, "begin": null, "end": null, "altitudeMode": null, "tessellate": -1, "extrude": 0, "visibility": -1, "drawOrder": null, "icon": null, "descri____o": "", "id": null, "IDENTIFICA": "4402020", "SETOR": "2020 - SEG/QUA/SEX - DIURNO - POSTO 09 - DOMICILIAR", "APELIDO": "2020", "MACROSETOR": "POSTO 09 - DOMICILIAR", "COR": "8454016.000", "FREQUENCIA": "SEG/QUA/SEX - DIURNO", "layer": "2020", "path": "G:/Drives compartilhados/J_NEGRAO_CCO/45 - Monitoramento/Paulo Lima/KMLKMZ Curitiba/Diurno/Seg-Qua-Sex/9/2020/2020 - SEG/QUA/SEX - DIURNO - POSTO 09 - DOMICILIAR/2020.shp", "OBJECTID": null, "TURNO": null, "POSTO": null, "FreqTurno": null, "X_SEMANA": null, "TER": null, "QUI": null, "SAB": null, "SEG": null, "QUA": null, "SEX": null }, "geometry": { "type": "Polygon", "coordinates": [ [ [ -49.289838, -25.38751, 0.0 ], [ -49.289692, -25.388298, 0.0 ], [ -49.292782, -25.388725, 0.0 ], [ -49.295271, -25.388977, 0.0 ], [ -49.295293, -25.388298, 0.0 ], [ -49.295593, -25.387978, 0.0 ], [ -49.297063, -25.388822, 0.0 ], [ -49.295564, -25.39062, 0.0 ], [ -49.295472, -25.391705, 0.0 ], [ -49.295394, -25.393566, 0.0 ], [ -49.294814, -25.393609, 0.0 ], [ -49.293768, -25.393542, 0.0 ], [ -49.292416, -25.393663, 0.0 ], [ -49.290877, -25.393648, 0.0 ], [ -49.290534, -25.393425, 0.0 ], [ -49.289911, -25.393609, 0.0 ], [ -49.289439, -25.394811, 0.0 ], [ -49.289053, -25.395102, 0.0 ], [ -49.288356, -25.395315, 0.0 ], [ -49.287959, -25.39578, 0.0 ], [ -49.287572, -25.396759, 0.0 ], [ -49.28415, -25.39612, 0.0 ], [ -49.28401, -25.395519, 0.0 ], [ -49.284289, -25.393852, 0.0 ], [ -49.282975, -25.392674, 0.0 ], [ -49.282905, -25.392441, 0.0 ], [ -49.28298, -25.391652, 0.0 ], [ -49.279483, -25.390925, 0.0 ], [ -49.278058, -25.390165, 0.0 ], [ -49.274169, -25.38797, 0.0 ], [ -49.272887, -25.388367, 0.0 ], [ -49.272235, -25.388725, 0.0 ], [ -49.271922, -25.38844, 0.0 ], [ -49.271439, -25.388634, 0.0 ], [ -49.270772, -25.388411, 0.0 ], [ -49.27021, -25.387787, 0.0 ], [ -49.270012, -25.387471, 0.0 ], [ -49.27102, -25.384209, 0.0 ], [ -49.271516, -25.382719, 0.0 ], [ -49.2722, -25.381526, 0.0 ], [ -49.272057, -25.381098, 0.0 ], [ -49.272629, -25.380702, 0.0 ], [ -49.274066, -25.380208, 0.0 ], [ -49.276148, -25.379718, 0.0 ], [ -49.276792, -25.38044, 0.0 ], [ -49.276357, -25.380741, 0.0 ], [ -49.274847, -25.381419, 0.0 ], [ -49.27732, -25.382272, 0.0 ], [ -49.277309, -25.382393, 0.0 ], [ -49.274766, -25.38329, 0.0 ], [ -49.279326, -25.385359, 0.0 ], [ -49.279764, -25.385387, 0.0 ], [ -49.280941, -25.385403, 0.0 ], [ -49.282031, -25.38557, 0.0 ], [ -49.282561, -25.385843, 0.0 ], [ -49.28368, -25.389129, 0.0 ], [ -49.284388, -25.389361, 0.0 ], [ -49.284645, -25.388159, 0.0 ], [ -49.28825, -25.388421, 0.0 ], [ -49.288572, -25.387491, 0.0 ], [ -49.289838, -25.38751, 0.0 ] ] ] } },
{ "type": "Feature", "properties": { "Name": "2036", "description": "descrição: <br>IDENTIFICA: 4402036<br>SETOR: 2036 - SEG/QUA/SEX - DIURNO - POSTO 09 - DOMICILIAR<br>APELIDO: 2036<br>MACROSETOR: POSTO 09 - DOMICILIAR<br>COR: 16384.000<br>FREQUENCIA: SEG/QUA/SEX - DIURNO<br>layer: 2036<br>path: G:/Drives compartilhados/J_NEGRAO_CCO/45 - Monitoramento/Paulo Lima/KMLKMZ Curitiba/Diurno/Seg-Qua-Sex/9/2036/2036 - SEG/QUA/SEX - DIURNO - POSTO 09 - DOMICILIAR/2036.shp", "timestamp": null, "begin": null, "end": null, "altitudeMode": null, "tessellate": -1, "extrude": 0, "visibility": -1, "drawOrder": null, "icon": null, "descri____o": "", "id": null, "IDENTIFICA": "4402036", "SETOR": "2036 - SEG/QUA/SEX - DIURNO - POSTO 09 - DOMICILIAR", "APELIDO": "2036", "MACROSETOR": "POSTO 09 - DOMICILIAR", "COR": "16384.000", "FREQUENCIA": "SEG/QUA/SEX - DIURNO", "layer": "2036", "path": "G:/Drives compartilhados/J_NEGRAO_CCO/45 - Monitoramento/Paulo Lima/KMLKMZ Curitiba/Diurno/Seg-Qua-Sex/9/2036/2036 - SEG/QUA/SEX - DIURNO - POSTO 09 - DOMICILIAR/2036.shp", "OBJECTID": null, "TURNO": null, "POSTO": null, "FreqTurno": null, "X_SEMANA": null, "TER": null, "QUI": null, "SAB": null, "SEG": null, "QUA": null, "SEX": null }, "geometry": { "type": "MultiPolygon", "coordinates": [ [ [ [ -49.207179, -25.380391, 0.0 ], [ -49.207122, -25.380468, 0.0 ], [ -49.207114, -25.380457, 0.0 ], [ -49.207179, -25.380391, 0.0 ] ] ], [ [ [ -49.207314, -25.38021, 0.0 ], [ -49.207228, -25.380319, 0.0 ], [ -49.206936, -25.380597, 0.0 ], [ -49.206931, -25.380597, 0.0 ], [ -49.207314, -25.38021, 0.0 ] ] ], [ [ [ -49.207179, -25.380391, 0.0 ], [ -49.207314, -25.38021, 0.0 ], [ -49.206826, -25.380602, 0.0 ], [ -49.206931, -25.380597, 0.0 ], [ -49.206844, -25.380685, 0.0 ], [ -49.206936, -25.380597, 0.0 ], [ -49.207028, -25.380593, 0.0 ], [ -49.207122, -25.380468, 0.0 ], [ -49.209154, -25.383305, 0.0 ], [ -49.211367, -25.3821, 0.0 ], [ -49.21368, -25.385455, 0.0 ], [ -49.213594, -25.385493, 0.0 ], [ -49.213502, -25.385536, 0.0 ], [ -49.21274, -25.385939, 0.0 ], [ -49.212106, -25.386266, 0.0 ], [ -49.211578, -25.386536, 0.0 ], [ -49.211096, -25.386788, 0.0 ], [ -49.20971, -25.38751, 0.0 ], [ -49.20914, -25.387807, 0.0 ], [ -49.209032, -25.387863, 0.0 ], [ -49.20882, -25.387983, 0.0 ], [ -49.208504, -25.388162, 0.0 ], [ -49.207836, -25.388538, 0.0 ], [ -49.207836, -25.388539, 0.0 ], [ -49.206694, -25.388655, 0.0 ], [ -49.205376, -25.388822, 0.0 ], [ -49.20484, -25.388889, 0.0 ], [ -49.204406, -25.388825, 0.0 ], [ -49.201274, -25.38892, 0.0 ], [ -49.200394, -25.388946, 0.0 ], [ -49.19406, -25.389146, 0.0 ], [ -49.193886, -25.389014, 0.0 ], [ -49.193974, -25.388895, 0.0 ], [ -49.194172, -25.388429, 0.0 ], [ -49.194178, -25.388408, 0.0 ], [ -49.19429, -25.388118, 0.0 ], [ -49.194396, -25.387886, 0.0 ], [ -49.194516, -25.387588, 0.0 ], [ -49.194636, -25.387186, 0.0 ], [ -49.194566, -25.386441, 0.0 ], [ -49.194376, -25.385853, 0.0 ], [ -49.194324, -25.385724, 0.0 ], [ -49.194258, -25.385714, 0.0 ], [ -49.194206, -25.385604, 0.0 ], [ -49.194128, -25.385609, 0.0 ], [ -49.194096, -25.385629, 0.0 ], [ -49.194084, -25.385602, 0.0 ], [ -49.194006, -25.385607, 0.0 ], [ -49.193914, -25.385669, 0.0 ], [ -49.193856, -25.385764, 0.0 ], [ -49.193814, -25.385788, 0.0 ], [ -49.193774, -25.385735, 0.0 ], [ -49.193694, -25.385663, 0.0 ], [ -49.193586, -25.385591, 0.0 ], [ -49.193592, -25.385446, 0.0 ], [ -49.193606, -25.385343, 0.0 ], [ -49.193532, -25.385282, 0.0 ], [ -49.19347, -25.385207, 0.0 ], [ -49.193496, -25.385096, 0.0 ], [ -49.19336, -25.384693, 0.0 ], [ -49.19342, -25.384587, 0.0 ], [ -49.193636, -25.384497, 0.0 ], [ -49.193718, -25.384519, 0.0 ], [ -49.193802, -25.38451, 0.0 ], [ -49.19384, -25.38452, 0.0 ], [ -49.194016, -25.384502, 0.0 ], [ -49.194046, -25.384498, 0.0 ], [ -49.194034, -25.384396, 0.0 ], [ -49.194202, -25.383683, 0.0 ], [ -49.194284, -25.383398, 0.0 ], [ -49.194432, -25.383239, 0.0 ], [ -49.194686, -25.383023, 0.0 ], [ -49.19504, -25.382424, 0.0 ], [ -49.195102, -25.382131, 0.0 ], [ -49.195148, -25.381822, 0.0 ], [ -49.195152, -25.381638, 0.0 ], [ -49.195162, -25.381517, 0.0 ], [ -49.195054, -25.381063, 0.0 ], [ -49.195046, -25.380835, 0.0 ], [ -49.19494, -25.380396, 0.0 ], [ -49.194878, -25.380006, 0.0 ], [ -49.194792, -25.379349, 0.0 ], [ -49.194846, -25.378822, 0.0 ], [ -49.195032, -25.378361, 0.0 ], [ -49.195388, -25.377842, 0.0 ], [ -49.195728, -25.377495, 0.0 ], [ -49.195896, -25.377402, 0.0 ], [ -49.196, -25.377365, 0.0 ], [ -49.196604, -25.377154, 0.0 ], [ -49.196614, -25.377151, 0.0 ], [ -49.197546, -25.377273, 0.0 ], [ -49.198722, -25.378198, 0.0 ], [ -49.199016, -25.378617, 0.0 ], [ -49.201892, -25.381579, 0.0 ], [ -49.202146, -25.381829, 0.0 ], [ -49.202554, -25.381911, 0.0 ], [ -49.202796, -25.381873, 0.0 ], [ -49.20299, -25.381758, 0.0 ], [ -49.203084, -25.381724, 0.0 ], [ -49.203146, -25.381697, 0.0 ], [ -49.203302, -25.381738, 0.0 ], [ -49.20353, -25.381903, 0.0 ], [ -49.203714, -25.382035, 0.0 ], [ -49.203886, -25.382181, 0.0 ], [ -49.20401, -25.382289, 0.0 ], [ -49.204086, -25.382222, 0.0 ], [ -49.204178, -25.382106, 0.0 ], [ -49.20444, -25.381963, 0.0 ], [ -49.204658, -25.381832, 0.0 ], [ -49.204928, -25.38167, 0.0 ], [ -49.205202, -25.381537, 0.0 ], [ -49.20534, -25.381447, 0.0 ], [ -49.205432, -25.381334, 0.0 ], [ -49.205508, -25.381157, 0.0 ], [ -49.20555, -25.38108, 0.0 ], [ -49.205678, -25.380564, 0.0 ], [ -49.20575, -25.380328, 0.0 ], [ -49.205786, -25.380088, 0.0 ], [ -49.20585, -25.379568, 0.0 ], [ -49.205934, -25.379273, 0.0 ], [ -49.205954, -25.378646, 0.0 ], [ -49.205848, -25.378111, 0.0 ], [ -49.205738, -25.377707, 0.0 ], [ -49.205572, -25.377344, 0.0 ], [ -49.205534, -25.377278, 0.0 ], [ -49.205484, -25.377102, 0.0 ], [ -49.205508, -25.376644, 0.0 ], [ -49.208174, -25.377187, 0.0 ], [ -49.208386, -25.377486, 0.0 ], [ -49.208508, -25.377659, 0.0 ], [ -49.208528, -25.37779, 0.0 ], [ -49.2085, -25.377919, 0.0 ], [ -49.208424, -25.378208, 0.0 ], [ -49.208246, -25.378378, 0.0 ], [ -49.208042, -25.378446, 0.0 ], [ -49.207826, -25.378696, 0.0 ], [ -49.207788, -25.379023, 0.0 ], [ -49.207936, -25.379051, 0.0 ], [ -49.20803, -25.379131, 0.0 ], [ -49.208036, -25.379481, 0.0 ], [ -49.207982, -25.379565, 0.0 ], [ -49.207179, -25.380391, 0.0 ] ] ] ] } },
{ "type": "Feature", "properties": { "Name": "2037", "description": "descrição: <br>IDENTIFICA: 4402037<br>SETOR: 2037 - SEG/QUA/SEX - DIURNO - POSTO 09 - DOMICILIAR<br>APELIDO: 2037<br>MACROSETOR: POSTO 09 - DOMICILIAR<br>COR: 4227327.000<br>FREQUENCIA: SEG/QUA/SEX - DIURNO<br>layer: 2037<br>path: G:/Drives compartilhados/J_NEGRAO_CCO/45 - Monitoramento/Paulo Lima/KMLKMZ Curitiba/Diurno/Seg-Qua-Sex/9/2037/2037 - SEG/QUA/SEX - DIURNO - POSTO 09 - DOMICILIAR/2037.shp", "timestamp": null, "begin": null, "end": null, "altitudeMode": null, "tessellate": -1, "extrude": 0, "visibility": -1, "drawOrder": null, "icon": null, "descri____o": "", "id": null, "IDENTIFICA": "4402037", "SETOR": "2037 - SEG/QUA/SEX - DIURNO - POSTO 09 - DOMICILIAR", "APELIDO": "2037", "MACROSETOR": "POSTO 09 - DOMICILIAR", "COR": "4227327.000", "FREQUENCIA": "SEG/QUA/SEX - DIURNO", "layer": "2037", "path": "G:/Drives compartilhados/J_NEGRAO_CCO/45 - Monitoramento/Paulo Lima/KMLKMZ Curitiba/Diurno/Seg-Qua-Sex/9/2037/2037 - SEG/QUA/SEX - DIURNO - POSTO 09 - DOMICILIAR/2037.shp", "OBJECTID": null, "TURNO": null, "POSTO": null, "FreqTurno": null, "X_SEMANA": null, "TER": null, "QUI": null, "SAB": null, "SEG": null, "QUA": null, "SEX": null }, "geometry": { "type": "Polygon", "coordinates": [ [ [ -49.232395, -25.371096, 0.0 ], [ -49.233599, -25.373932, 0.0 ], [ -49.233883, -25.374778, 0.0 ], [ -49.228405, -25.378989, 0.0 ], [ -49.226184, -25.376612, 0.0 ], [ -49.225949, -25.376671, 0.0 ], [ -49.225449, -25.376682, 0.0 ], [ -49.224969, -25.376736, 0.0 ], [ -49.223835, -25.376922, 0.0 ], [ -49.222663, -25.376867, 0.0 ], [ -49.22243, -25.37687, 0.0 ], [ -49.221658, -25.376929, 0.0 ], [ -49.221114, -25.377168, 0.0 ], [ -49.220737, -25.377409, 0.0 ], [ -49.220491, -25.377661, 0.0 ], [ -49.220224, -25.37803, 0.0 ], [ -49.22005, -25.378494, 0.0 ], [ -49.219553, -25.37976, 0.0 ], [ -49.218619, -25.382209, 0.0 ], [ -49.218595, -25.382261, 0.0 ], [ -49.218322, -25.382818, 0.0 ], [ -49.21807, -25.383174, 0.0 ], [ -49.217816, -25.383434, 0.0 ], [ -49.217461, -25.3837, 0.0 ], [ -49.217039, -25.383967, 0.0 ], [ -49.214082, -25.385286, 0.0 ], [ -49.213651, -25.385489, 0.0 ], [ -49.211308, -25.382081, 0.0 ], [ -49.210417, -25.382611, 0.0 ], [ -49.209052, -25.383324, 0.0 ], [ -49.207013, -25.380477, 0.0 ], [ -49.207438, -25.380035, 0.0 ], [ -49.207962, -25.379559, 0.0 ], [ -49.207993, -25.379483, 0.0 ], [ -49.208002, -25.379144, 0.0 ], [ -49.20791, -25.379065, 0.0 ], [ -49.207758, -25.379036, 0.0 ], [ -49.207805, -25.378706, 0.0 ], [ -49.207902, -25.378574, 0.0 ], [ -49.208006, -25.378467, 0.0 ], [ -49.208247, -25.378368, 0.0 ], [ -49.208398, -25.378208, 0.0 ], [ -49.208482, -25.377935, 0.0 ], [ -49.208494, -25.377754, 0.0 ], [ -49.208486, -25.37767, 0.0 ], [ -49.208175, -25.377226, 0.0 ], [ -49.208029, -25.377078, 0.0 ], [ -49.207886, -25.376988, 0.0 ], [ -49.207785, -25.376906, 0.0 ], [ -49.207755, -25.376866, 0.0 ], [ -49.207783, -25.37681, 0.0 ], [ -49.207878, -25.37668, 0.0 ], [ -49.207896, -25.376627, 0.0 ], [ -49.207876, -25.376555, 0.0 ], [ -49.207864, -25.376528, 0.0 ], [ -49.207795, -25.376413, 0.0 ], [ -49.207805, -25.376363, 0.0 ], [ -49.20792, -25.376328, 0.0 ], [ -49.207974, -25.376377, 0.0 ], [ -49.208015, -25.37637, 0.0 ], [ -49.208138, -25.37603, 0.0 ], [ -49.208308, -25.375905, 0.0 ], [ -49.208461, -25.375994, 0.0 ], [ -49.208512, -25.375994, 0.0 ], [ -49.20865, -25.375861, 0.0 ], [ -49.208789, -25.375759, 0.0 ], [ -49.208881, -25.375721, 0.0 ], [ -49.208884, -25.375658, 0.0 ], [ -49.208917, -25.375562, 0.0 ], [ -49.209026, -25.375399, 0.0 ], [ -49.209052, -25.375228, 0.0 ], [ -49.209033, -25.375207, 0.0 ], [ -49.208853, -25.375203, 0.0 ], [ -49.208827, -25.375189, 0.0 ], [ -49.208811, -25.375162, 0.0 ], [ -49.208814, -25.375117, 0.0 ], [ -49.208734, -25.374922, 0.0 ], [ -49.20871, -25.374653, 0.0 ], [ -49.208758, -25.374572, 0.0 ], [ -49.208768, -25.374455, 0.0 ], [ -49.20875, -25.374382, 0.0 ], [ -49.208665, -25.374248, 0.0 ], [ -49.208679, -25.374182, 0.0 ], [ -49.208709, -25.374165, 0.0 ], [ -49.208828, -25.374146, 0.0 ], [ -49.208898, -25.374119, 0.0 ], [ -49.208959, -25.374018, 0.0 ], [ -49.20895, -25.373933, 0.0 ], [ -49.208894, -25.373842, 0.0 ], [ -49.208836, -25.373797, 0.0 ], [ -49.208689, -25.373396, 0.0 ], [ -49.208647, -25.3734, 0.0 ], [ -49.208585, -25.373428, 0.0 ], [ -49.208504, -25.373473, 0.0 ], [ -49.20843, -25.373468, 0.0 ], [ -49.208396, -25.373435, 0.0 ], [ -49.208412, -25.373385, 0.0 ], [ -49.208442, -25.373355, 0.0 ], [ -49.208495, -25.373236, 0.0 ], [ -49.208491, -25.373174, 0.0 ], [ -49.208465, -25.373114, 0.0 ], [ -49.208501, -25.372937, 0.0 ], [ -49.208525, -25.372745, 0.0 ], [ -49.20851, -25.372637, 0.0 ], [ -49.208458, -25.372547, 0.0 ], [ -49.208391, -25.37251, 0.0 ], [ -49.20832, -25.372528, 0.0 ], [ -49.208263, -25.372564, 0.0 ], [ -49.208243, -25.372599, 0.0 ], [ -49.208191, -25.372683, 0.0 ], [ -49.208127, -25.372717, 0.0 ], [ -49.208033, -25.372731, 0.0 ], [ -49.207861, -25.372648, 0.0 ], [ -49.207758, -25.372682, 0.0 ], [ -49.207502, -25.372813, 0.0 ], [ -49.207422, -25.372778, 0.0 ], [ -49.207423, -25.372712, 0.0 ], [ -49.207413, -25.372637, 0.0 ], [ -49.207429, -25.37255, 0.0 ], [ -49.207428, -25.372521, 0.0 ], [ -49.207355, -25.371858, 0.0 ], [ -49.20724, -25.37175, 0.0 ], [ -49.206691, -25.370347, 0.0 ], [ -49.2073, -25.36732, 0.0 ], [ -49.207286, -25.366235, 0.0 ], [ -49.207571, -25.365903, 0.0 ], [ -49.209092, -25.36494, 0.0 ], [ -49.210834, -25.36386, 0.0 ], [ -49.213086, -25.366971, 0.0 ], [ -49.211348, -25.368112, 0.0 ], [ -49.210914, -25.367814, 0.0 ], [ -49.210143, -25.367502, 0.0 ], [ -49.209655, -25.367605, 0.0 ], [ -49.209781, -25.369059, 0.0 ], [ -49.209862, -25.369657, 0.0 ], [ -49.209924, -25.370246, 0.0 ], [ -49.20998, -25.370565, 0.0 ], [ -49.21142, -25.370941, 0.0 ], [ -49.211369, -25.37176, 0.0 ], [ -49.211269, -25.372053, 0.0 ], [ -49.210407, -25.372447, 0.0 ], [ -49.210834, -25.372627, 0.0 ], [ -49.211144, -25.372717, 0.0 ], [ -49.21142, -25.372721, 0.0 ], [ -49.211831, -25.372683, 0.0 ], [ -49.212265, -25.372634, 0.0 ], [ -49.212494, -25.372641, 0.0 ], [ -49.212921, -25.372811, 0.0 ], [ -49.213395, -25.373068, 0.0 ], [ -49.213601, -25.373248, 0.0 ], [ -49.213909, -25.373476, 0.0 ], [ -49.214307, -25.373641, 0.0 ], [ -49.214618, -25.373813, 0.0 ], [ -49.214789, -25.373876, 0.0 ], [ -49.21497, -25.373983, 0.0 ], [ -49.21519, -25.37403, 0.0 ], [ -49.21544, -25.374176, 0.0 ], [ -49.21562, -25.374293, 0.0 ], [ -49.215868, -25.374407, 0.0 ], [ -49.216057, -25.374529, 0.0 ], [ -49.216319, -25.374723, 0.0 ], [ -49.216628, -25.374814, 0.0 ], [ -49.216886, -25.374955, 0.0 ], [ -49.217098, -25.375045, 0.0 ], [ -49.217428, -25.375176, 0.0 ], [ -49.21771, -25.375297, 0.0 ], [ -49.217943, -25.375392, 0.0 ], [ -49.218251, -25.375503, 0.0 ], [ -49.218525, -25.375598, 0.0 ], [ -49.218836, -25.375596, 0.0 ], [ -49.219243, -25.37585, 0.0 ], [ -49.219858, -25.37543, 0.0 ], [ -49.221136, -25.374786, 0.0 ], [ -49.22256, -25.374493, 0.0 ], [ -49.223149, -25.374309, 0.0 ], [ -49.224691, -25.373796, 0.0 ], [ -49.225952, -25.373535, 0.0 ], [ -49.227619, -25.372554, 0.0 ], [ -49.228553, -25.372086, 0.0 ], [ -49.22908, -25.372031, 0.0 ], [ -49.230957, -25.371393, 0.0 ], [ -49.231693, -25.371298, 0.0 ], [ -49.232278, -25.37112, 0.0 ], [ -49.232395, -25.371096, 0.0 ] ] ] } },
{ "type": "Feature", "properties": { "Name": "2038", "description": "descrição: <br>IDENTIFICA: 4402038<br>SETOR: 2038 - SEG/QUA/SEX - DIURNO - POSTO 09 - DOMICILIAR<br>APELIDO: 2038<br>MACROSETOR: POSTO 09 - DOMICILIAR<br>COR: 65535.000<br>FREQUENCIA: SEG/QUA/SEX - DIURNO<br>layer: 2038<br>path: G:/Drives compartilhados/J_NEGRAO_CCO/45 - Monitoramento/Paulo Lima/KMLKMZ Curitiba/Diurno/Seg-Qua-Sex/9/2038/2038 - SEG/QUA/SEX - DIURNO - POSTO 09 - DOMICILIAR/2038.shp", "timestamp": null, "begin": null, "end": null, "altitudeMode": null, "tessellate": -1, "extrude": 0, "visibility": -1, "drawOrder": null, "icon": null, "descri____o": "", "id": null, "IDENTIFICA": "4402038", "SETOR": "2038 - SEG/QUA/SEX - DIURNO - POSTO 09 - DOMICILIAR", "APELIDO": "2038", "MACROSETOR": "POSTO 09 - DOMICILIAR", "COR": "65535.000", "FREQUENCIA": "SEG/QUA/SEX - DIURNO", "layer": "2038", "path": "G:/Drives compartilhados/J_NEGRAO_CCO/45 - Monitoramento/Paulo Lima/KMLKMZ Curitiba/Diurno/Seg-Qua-Sex/9/2038/2038 - SEG/QUA/SEX - DIURNO - POSTO 09 - DOMICILIAR/2038.shp", "OBJECTID": null, "TURNO": null, "POSTO": null, "FreqTurno": null, "X_SEMANA": null, "TER": null, "QUI": null, "SAB": null, "SEG": null, "QUA": null, "SEX": null }, "geometry": { "type": "Polygon", "coordinates": [ [ [ -49.211154, -25.363406, 0.0 ], [ -49.211426, -25.363097, 0.0 ], [ -49.211609, -25.362764, 0.0 ], [ -49.211818, -25.362374, 0.0 ], [ -49.212052, -25.362064, 0.0 ], [ -49.21234, -25.361715, 0.0 ], [ -49.212671, -25.361528, 0.0 ], [ -49.212966, -25.36137, 0.0 ], [ -49.213462, -25.361365, 0.0 ], [ -49.213984, -25.361371, 0.0 ], [ -49.214493, -25.361365, 0.0 ], [ -49.214811, -25.361323, 0.0 ], [ -49.215308, -25.361318, 0.0 ], [ -49.21537, -25.361388, 0.0 ], [ -49.215884, -25.36129, 0.0 ], [ -49.216367, -25.361299, 0.0 ], [ -49.21664, -25.361348, 0.0 ], [ -49.216957, -25.361456, 0.0 ], [ -49.217359, -25.361591, 0.0 ], [ -49.217558, -25.361703, 0.0 ], [ -49.217945, -25.361957, 0.0 ], [ -49.218084, -25.362028, 0.0 ], [ -49.218191, -25.362136, 0.0 ], [ -49.21837, -25.362262, 0.0 ], [ -49.218522, -25.362342, 0.0 ], [ -49.218708, -25.362428, 0.0 ], [ -49.218785, -25.362394, 0.0 ], [ -49.218836, -25.362386, 0.0 ], [ -49.218922, -25.362399, 0.0 ], [ -49.21894, -25.362425, 0.0 ], [ -49.218952, -25.362472, 0.0 ], [ -49.219006, -25.362536, 0.0 ], [ -49.218995, -25.362599, 0.0 ], [ -49.218859, -25.362774, 0.0 ], [ -49.218826, -25.362837, 0.0 ], [ -49.218838, -25.362898, 0.0 ], [ -49.21888, -25.363098, 0.0 ], [ -49.218934, -25.363526, 0.0 ], [ -49.219148, -25.363656, 0.0 ], [ -49.220041, -25.363517, 0.0 ], [ -49.220234, -25.363594, 0.0 ], [ -49.220386, -25.364467, 0.0 ], [ -49.220489, -25.365248, 0.0 ], [ -49.220324, -25.366703, 0.0 ], [ -49.220183, -25.368522, 0.0 ], [ -49.220078, -25.369848, 0.0 ], [ -49.219904, -25.371953, 0.0 ], [ -49.219844, -25.372628, 0.0 ], [ -49.220296, -25.373011, 0.0 ], [ -49.222737, -25.373548, 0.0 ], [ -49.223039, -25.374317, 0.0 ], [ -49.221152, -25.374786, 0.0 ], [ -49.220359, -25.375166, 0.0 ], [ -49.219565, -25.375532, 0.0 ], [ -49.219335, -25.375656, 0.0 ], [ -49.219259, -25.37585, 0.0 ], [ -49.219118, -25.375751, 0.0 ], [ -49.218853, -25.375596, 0.0 ], [ -49.218541, -25.375598, 0.0 ], [ -49.218267, -25.375503, 0.0 ], [ -49.217959, -25.375392, 0.0 ], [ -49.217579, -25.375279, 0.0 ], [ -49.217444, -25.375176, 0.0 ], [ -49.217114, -25.375045, 0.0 ], [ -49.216902, -25.374955, 0.0 ], [ -49.216644, -25.374814, 0.0 ], [ -49.216335, -25.374723, 0.0 ], [ -49.216204, -25.374628, 0.0 ], [ -49.216073, -25.374529, 0.0 ], [ -49.215884, -25.374407, 0.0 ], [ -49.215713, -25.374338, 0.0 ], [ -49.215574, -25.374233, 0.0 ], [ -49.215363, -25.374125, 0.0 ], [ -49.214986, -25.373983, 0.0 ], [ -49.214634, -25.373813, 0.0 ], [ -49.214323, -25.373641, 0.0 ], [ -49.212846, -25.372752, 0.0 ], [ -49.212371, -25.372612, 0.0 ], [ -49.21116, -25.372717, 0.0 ], [ -49.210502, -25.372425, 0.0 ], [ -49.211285, -25.372053, 0.0 ], [ -49.211394, -25.371695, 0.0 ], [ -49.211436, -25.370941, 0.0 ], [ -49.210793, -25.370796, 0.0 ], [ -49.209996, -25.370565, 0.0 ], [ -49.209672, -25.367605, 0.0 ], [ -49.210159, -25.367502, 0.0 ], [ -49.21093, -25.367814, 0.0 ], [ -49.211116, -25.367922, 0.0 ], [ -49.211364, -25.368093, 0.0 ], [ -49.213102, -25.366952, 0.0 ], [ -49.212808, -25.366586, 0.0 ], [ -49.21234, -25.365888, 0.0 ], [ -49.212078, -25.36556, 0.0 ], [ -49.211906, -25.365346, 0.0 ], [ -49.211715, -25.365071, 0.0 ], [ -49.21157, -25.364894, 0.0 ], [ -49.211454, -25.364703, 0.0 ], [ -49.21135, -25.364501, 0.0 ], [ -49.211203, -25.364323, 0.0 ], [ -49.211037, -25.364137, 0.0 ], [ -49.210824, -25.363904, 0.0 ], [ -49.210621, -25.363748, 0.0 ], [ -49.210897, -25.363608, 0.0 ], [ -49.211154, -25.363406, 0.0 ] ] ] } },
{ "type": "Feature", "properties": { "Name": "2039", "description": "descrição: <br>IDENTIFICA: 4402039<br>SETOR: 2039 - SEG/QUA/SEX - DIURNO - POSTO 09 - DOMICILIAR<br>APELIDO: 2039<br>MACROSETOR: POSTO 09 - DOMICILIAR<br>COR: 255.000<br>FREQUENCIA: SEG/QUA/SEX - DIURNO<br>layer: 2039<br>path: G:/Drives compartilhados/J_NEGRAO_CCO/45 - Monitoramento/Paulo Lima/KMLKMZ Curitiba/Diurno/Seg-Qua-Sex/9/2039/2039 - SEG/QUA/SEX - DIURNO - POSTO 09 - DOMICILIAR/2039.shp", "timestamp": null, "begin": null, "end": null, "altitudeMode": null, "tessellate": -1, "extrude": 0, "visibility": -1, "drawOrder": null, "icon": null, "descri____o": "", "id": null, "IDENTIFICA": "4402039", "SETOR": "2039 - SEG/QUA/SEX - DIURNO - POSTO 09 - DOMICILIAR", "APELIDO": "2039", "MACROSETOR": "POSTO 09 - DOMICILIAR", "COR": "255.000", "FREQUENCIA": "SEG/QUA/SEX - DIURNO", "layer": "2039", "path": "G:/Drives compartilhados/J_NEGRAO_CCO/45 - Monitoramento/Paulo Lima/KMLKMZ Curitiba/Diurno/Seg-Qua-Sex/9/2039/2039 - SEG/QUA/SEX - DIURNO - POSTO 09 - DOMICILIAR/2039.shp", "OBJECTID": null, "TURNO": null, "POSTO": null, "FreqTurno": null, "X_SEMANA": null, "TER": null, "QUI": null, "SAB": null, "SEG": null, "QUA": null, "SEX": null }, "geometry": { "type": "Polygon", "coordinates": [ [ [ -49.237306, -25.368359, 0.0 ], [ -49.235626, -25.369741, 0.0 ], [ -49.235131, -25.370391, 0.0 ], [ -49.234372, -25.370622, 0.0 ], [ -49.233158, -25.370792, 0.0 ], [ -49.232395, -25.371096, 0.0 ], [ -49.232038, -25.3712, 0.0 ], [ -49.230807, -25.371463, 0.0 ], [ -49.229817, -25.371832, 0.0 ], [ -49.228938, -25.372046, 0.0 ], [ -49.228553, -25.372086, 0.0 ], [ -49.228058, -25.372295, 0.0 ], [ -49.226881, -25.372988, 0.0 ], [ -49.226084, -25.373438, 0.0 ], [ -49.225721, -25.373562, 0.0 ], [ -49.224532, -25.373852, 0.0 ], [ -49.223149, -25.374309, 0.0 ], [ -49.222737, -25.373548, 0.0 ], [ -49.220536, -25.373157, 0.0 ], [ -49.220082, -25.372882, 0.0 ], [ -49.219853, -25.372271, 0.0 ], [ -49.219954, -25.370223, 0.0 ], [ -49.220332, -25.366514, 0.0 ], [ -49.22037, -25.365563, 0.0 ], [ -49.220374, -25.364744, 0.0 ], [ -49.220313, -25.363844, 0.0 ], [ -49.220518, -25.36401, 0.0 ], [ -49.220727, -25.364202, 0.0 ], [ -49.221049, -25.364198, 0.0 ], [ -49.221468, -25.364164, 0.0 ], [ -49.221618, -25.364192, 0.0 ], [ -49.221978, -25.36404, 0.0 ], [ -49.222348, -25.363766, 0.0 ], [ -49.222351, -25.363524, 0.0 ], [ -49.222415, -25.363063, 0.0 ], [ -49.222424, -25.362457, 0.0 ], [ -49.222598, -25.359854, 0.0 ], [ -49.222773, -25.359456, 0.0 ], [ -49.223965, -25.359146, 0.0 ], [ -49.224206, -25.358949, 0.0 ], [ -49.224365, -25.358504, 0.0 ], [ -49.223671, -25.357185, 0.0 ], [ -49.223866, -25.356333, 0.0 ], [ -49.224898, -25.359634, 0.0 ], [ -49.228827, -25.361732, 0.0 ], [ -49.2284, -25.363404, 0.0 ], [ -49.231166, -25.364474, 0.0 ], [ -49.232133, -25.36387, 0.0 ], [ -49.232583, -25.363939, 0.0 ], [ -49.233085, -25.363877, 0.0 ], [ -49.23357, -25.363412, 0.0 ], [ -49.233784, -25.363168, 0.0 ], [ -49.23394, -25.36345, 0.0 ], [ -49.233943, -25.363708, 0.0 ], [ -49.233862, -25.364144, 0.0 ], [ -49.233709, -25.364386, 0.0 ], [ -49.234741, -25.365652, 0.0 ], [ -49.237306, -25.368359, 0.0 ] ] ] } },
{ "type": "Feature", "properties": { "Name": "2040", "description": "descrição: <br>IDENTIFICA: 4402040<br>SETOR: 2040 - SEG/QUA/SEX - DIURNO - POSTO 09 - DOMICILIAR<br>APELIDO: 2040<br>MACROSETOR: POSTO 09 - DOMICILIAR<br>COR: 8388608.000<br>FREQUENCIA: SEG/QUA/SEX - DIURNO<br>layer: 2040<br>path: G:/Drives compartilhados/J_NEGRAO_CCO/45 - Monitoramento/Paulo Lima/KMLKMZ Curitiba/Diurno/Seg-Qua-Sex/9/2040/2040 - SEG/QUA/SEX - DIURNO - POSTO 09 - DOMICILIAR/2040.shp", "timestamp": null, "begin": null, "end": null, "altitudeMode": null, "tessellate": -1, "extrude": 0, "visibility": -1, "drawOrder": null, "icon": null, "descri____o": "", "id": null, "IDENTIFICA": "4402040", "SETOR": "2040 - SEG/QUA/SEX - DIURNO - POSTO 09 - DOMICILIAR", "APELIDO": "2040", "MACROSETOR": "POSTO 09 - DOMICILIAR", "COR": "8388608.000", "FREQUENCIA": "SEG/QUA/SEX - DIURNO", "layer": "2040", "path": "G:/Drives compartilhados/J_NEGRAO_CCO/45 - Monitoramento/Paulo Lima/KMLKMZ Curitiba/Diurno/Seg-Qua-Sex/9/2040/2040 - SEG/QUA/SEX - DIURNO - POSTO 09 - DOMICILIAR/2040.shp", "OBJECTID": null, "TURNO": null, "POSTO": null, "FreqTurno": null, "X_SEMANA": null, "TER": null, "QUI": null, "SAB": null, "SEG": null, "QUA": null, "SEX": null }, "geometry": { "type": "Polygon", "coordinates": [ [ [ -49.247752, -25.350845, 0.0 ], [ -49.248446, -25.351225, 0.0 ], [ -49.249056, -25.351686, 0.0 ], [ -49.249908, -25.35244, 0.0 ], [ -49.250414, -25.353052, 0.0 ], [ -49.24878, -25.355622, 0.0 ], [ -49.24907, -25.355733, 0.0 ], [ -49.249128, -25.355748, 0.0 ], [ -49.249665, -25.355975, 0.0 ], [ -49.249884, -25.356109, 0.0 ], [ -49.250694, -25.35657, 0.0 ], [ -49.250698, -25.35657, 0.0 ], [ -49.250876, -25.356804, 0.0 ], [ -49.250916, -25.356893, 0.0 ], [ -49.250968, -25.357026, 0.0 ], [ -49.250704, -25.357556, 0.0 ], [ -49.250662, -25.35764, 0.0 ], [ -49.250484, -25.357996, 0.0 ], [ -49.250472, -25.35811, 0.0 ], [ -49.250432, -25.358305, 0.0 ], [ -49.250772, -25.359875, 0.0 ], [ -49.250794, -25.360005, 0.0 ], [ -49.250848, -25.360336, 0.0 ], [ -49.250886, -25.360565, 0.0 ], [ -49.251144, -25.360652, 0.0 ], [ -49.25153, -25.360824, 0.0 ], [ -49.251624, -25.360883, 0.0 ], [ -49.251736, -25.360976, 0.0 ], [ -49.251772, -25.361263, 0.0 ], [ -49.25179, -25.361403, 0.0 ], [ -49.251866, -25.361674, 0.0 ], [ -49.252046, -25.361832, 0.0 ], [ -49.252424, -25.362035, 0.0 ], [ -49.252723, -25.362222, 0.0 ], [ -49.253136, -25.362412, 0.0 ], [ -49.25329, -25.362468, 0.0 ], [ -49.253457, -25.362505, 0.0 ], [ -49.253556, -25.362525, 0.0 ], [ -49.253748, -25.362503, 0.0 ], [ -49.253958, -25.362494, 0.0 ], [ -49.254241, -25.362542, 0.0 ], [ -49.25437, -25.36263, 0.0 ], [ -49.254514, -25.362732, 0.0 ], [ -49.25469, -25.362875, 0.0 ], [ -49.253442, -25.364628, 0.0 ], [ -49.252864, -25.364529, 0.0 ], [ -49.252675, -25.365046, 0.0 ], [ -49.250926, -25.364697, 0.0 ], [ -49.25033, -25.364707, 0.0 ], [ -49.250304, -25.364154, 0.0 ], [ -49.250293, -25.363272, 0.0 ], [ -49.249626, -25.362374, 0.0 ], [ -49.248876, -25.360897, 0.0 ], [ -49.248734, -25.360277, 0.0 ], [ -49.247622, -25.360547, 0.0 ], [ -49.247642, -25.360298, 0.0 ], [ -49.24616, -25.360565, 0.0 ], [ -49.245548, -25.361012, 0.0 ], [ -49.24535, -25.361045, 0.0 ], [ -49.244838, -25.361075, 0.0 ], [ -49.244506, -25.361238, 0.0 ], [ -49.243804, -25.362337, 0.0 ], [ -49.242848, -25.363071, 0.0 ], [ -49.242312, -25.363771, 0.0 ], [ -49.241238, -25.365325, 0.0 ], [ -49.23893, -25.366368, 0.0 ], [ -49.238361, -25.367317, 0.0 ], [ -49.236474, -25.366072, 0.0 ], [ -49.237816, -25.36773, 0.0 ], [ -49.237482, -25.367957, 0.0 ], [ -49.2375, -25.368005, 0.0 ], [ -49.237252, -25.368424, 0.0 ], [ -49.235786, -25.366868, 0.0 ], [ -49.234308, -25.365267, 0.0 ], [ -49.233652, -25.364369, 0.0 ], [ -49.233776, -25.364104, 0.0 ], [ -49.233888, -25.363522, 0.0 ], [ -49.233822, -25.36322, 0.0 ], [ -49.233171, -25.3638, 0.0 ], [ -49.232686, -25.363993, 0.0 ], [ -49.232236, -25.363902, 0.0 ], [ -49.231166, -25.364474, 0.0 ], [ -49.228253, -25.363408, 0.0 ], [ -49.228827, -25.361732, 0.0 ], [ -49.224898, -25.359634, 0.0 ], [ -49.223866, -25.356333, 0.0 ], [ -49.228818, -25.352955, 0.0 ], [ -49.229096, -25.352573, 0.0 ], [ -49.229006, -25.351647, 0.0 ], [ -49.228912, -25.351122, 0.0 ], [ -49.229176, -25.350462, 0.0 ], [ -49.229576, -25.34985, 0.0 ], [ -49.23002, -25.349702, 0.0 ], [ -49.230458, -25.34983, 0.0 ], [ -49.230876, -25.350328, 0.0 ], [ -49.231264, -25.350379, 0.0 ], [ -49.231692, -25.350215, 0.0 ], [ -49.23189, -25.349814, 0.0 ], [ -49.232176, -25.349707, 0.0 ], [ -49.232338, -25.349728, 0.0 ], [ -49.232444, -25.349826, 0.0 ], [ -49.232594, -25.349845, 0.0 ], [ -49.23274, -25.349835, 0.0 ], [ -49.233046, -25.34975, 0.0 ], [ -49.23317, -25.349818, 0.0 ], [ -49.233192, -25.349817, 0.0 ], [ -49.233216, -25.349758, 0.0 ], [ -49.233244, -25.349764, 0.0 ], [ -49.233292, -25.349778, 0.0 ], [ -49.233364, -25.349783, 0.0 ], [ -49.23337, -25.349819, 0.0 ], [ -49.233422, -25.349822, 0.0 ], [ -49.233538, -25.349887, 0.0 ], [ -49.233562, -25.349901, 0.0 ], [ -49.233614, -25.350102, 0.0 ], [ -49.233692, -25.350152, 0.0 ], [ -49.23383, -25.350159, 0.0 ], [ -49.2339, -25.350172, 0.0 ], [ -49.23411, -25.35034, 0.0 ], [ -49.234244, -25.350363, 0.0 ], [ -49.2344, -25.350494, 0.0 ], [ -49.23447, -25.350602, 0.0 ], [ -49.234526, -25.350633, 0.0 ], [ -49.234606, -25.350655, 0.0 ], [ -49.234652, -25.350677, 0.0 ], [ -49.234724, -25.350688, 0.0 ], [ -49.23475, -25.350679, 0.0 ], [ -49.234926, -25.350684, 0.0 ], [ -49.235162, -25.350607, 0.0 ], [ -49.235412, -25.350478, 0.0 ], [ -49.23551, -25.350475, 0.0 ], [ -49.23572, -25.350586, 0.0 ], [ -49.235776, -25.350569, 0.0 ], [ -49.23582, -25.350571, 0.0 ], [ -49.235832, -25.350587, 0.0 ], [ -49.23635, -25.35115, 0.0 ], [ -49.236406, -25.351151, 0.0 ], [ -49.236472, -25.351117, 0.0 ], [ -49.236548, -25.351079, 0.0 ], [ -49.236684, -25.350994, 0.0 ], [ -49.236748, -25.351062, 0.0 ], [ -49.23684, -25.351069, 0.0 ], [ -49.236882, -25.351084, 0.0 ], [ -49.237056, -25.351185, 0.0 ], [ -49.237206, -25.351227, 0.0 ], [ -49.23731, -25.351108, 0.0 ], [ -49.237506, -25.350997, 0.0 ], [ -49.237514, -25.350932, 0.0 ], [ -49.237552, -25.350919, 0.0 ], [ -49.237588, -25.350888, 0.0 ], [ -49.237606, -25.35081, 0.0 ], [ -49.237634, -25.350814, 0.0 ], [ -49.237668, -25.350801, 0.0 ], [ -49.237706, -25.350743, 0.0 ], [ -49.237718, -25.350655, 0.0 ], [ -49.23778, -25.350657, 0.0 ], [ -49.237808, -25.350639, 0.0 ], [ -49.237818, -25.35059, 0.0 ], [ -49.237874, -25.350522, 0.0 ], [ -49.237892, -25.350496, 0.0 ], [ -49.23794, -25.35045, 0.0 ], [ -49.23802, -25.350432, 0.0 ], [ -49.23816, -25.350441, 0.0 ], [ -49.238244, -25.350437, 0.0 ], [ -49.238314, -25.350436, 0.0 ], [ -49.238392, -25.350508, 0.0 ], [ -49.238448, -25.350533, 0.0 ], [ -49.238486, -25.350557, 0.0 ], [ -49.23853, -25.350573, 0.0 ], [ -49.238606, -25.350621, 0.0 ], [ -49.238658, -25.350661, 0.0 ], [ -49.238722, -25.350725, 0.0 ], [ -49.238772, -25.350738, 0.0 ], [ -49.23887, -25.350741, 0.0 ], [ -49.238914, -25.350733, 0.0 ], [ -49.238978, -25.350695, 0.0 ], [ -49.239022, -25.350638, 0.0 ], [ -49.239008, -25.350598, 0.0 ], [ -49.238986, -25.350522, 0.0 ], [ -49.238976, -25.350446, 0.0 ], [ -49.23896, -25.350369, 0.0 ], [ -49.23895, -25.350309, 0.0 ], [ -49.238962, -25.350254, 0.0 ], [ -49.23902, -25.35023, 0.0 ], [ -49.239136, -25.35023, 0.0 ], [ -49.23917, -25.350251, 0.0 ], [ -49.239192, -25.350281, 0.0 ], [ -49.23933, -25.350368, 0.0 ], [ -49.239484, -25.350605, 0.0 ], [ -49.23992, -25.351167, 0.0 ], [ -49.240562, -25.351209, 0.0 ], [ -49.241226, -25.351027, 0.0 ], [ -49.241458, -25.350844, 0.0 ], [ -49.24151, -25.350448, 0.0 ], [ -49.24179, -25.349971, 0.0 ], [ -49.241926, -25.349863, 0.0 ], [ -49.242036, -25.349633, 0.0 ], [ -49.242122, -25.349564, 0.0 ], [ -49.242198, -25.349517, 0.0 ], [ -49.242266, -25.349524, 0.0 ], [ -49.242274, -25.349557, 0.0 ], [ -49.242238, -25.349671, 0.0 ], [ -49.242238, -25.349746, 0.0 ], [ -49.242302, -25.349761, 0.0 ], [ -49.24238, -25.349739, 0.0 ], [ -49.242424, -25.349683, 0.0 ], [ -49.242528, -25.349529, 0.0 ], [ -49.242572, -25.349436, 0.0 ], [ -49.242624, -25.349382, 0.0 ], [ -49.242658, -25.349367, 0.0 ], [ -49.242696, -25.349323, 0.0 ], [ -49.242936, -25.349251, 0.0 ], [ -49.243138, -25.349203, 0.0 ], [ -49.243196, -25.34916, 0.0 ], [ -49.243206, -25.349089, 0.0 ], [ -49.24322, -25.349053, 0.0 ], [ -49.243212, -25.349021, 0.0 ], [ -49.243226, -25.348983, 0.0 ], [ -49.2432, -25.34895, 0.0 ], [ -49.243128, -25.348878, 0.0 ], [ -49.243094, -25.348799, 0.0 ], [ -49.243048, -25.348736, 0.0 ], [ -49.243046, -25.348702, 0.0 ], [ -49.243076, -25.348645, 0.0 ], [ -49.243126, -25.348572, 0.0 ], [ -49.243186, -25.348524, 0.0 ], [ -49.243396, -25.348442, 0.0 ], [ -49.243438, -25.348434, 0.0 ], [ -49.243474, -25.348434, 0.0 ], [ -49.243578, -25.348469, 0.0 ], [ -49.24361, -25.348497, 0.0 ], [ -49.243624, -25.348521, 0.0 ], [ -49.243642, -25.348536, 0.0 ], [ -49.243738, -25.348539, 0.0 ], [ -49.243786, -25.348528, 0.0 ], [ -49.2438, -25.348497, 0.0 ], [ -49.243782, -25.348461, 0.0 ], [ -49.24375, -25.348438, 0.0 ], [ -49.24375, -25.348421, 0.0 ], [ -49.243732, -25.348405, 0.0 ], [ -49.24374, -25.34837, 0.0 ], [ -49.243732, -25.348355, 0.0 ], [ -49.243688, -25.348312, 0.0 ], [ -49.243678, -25.348275, 0.0 ], [ -49.243706, -25.348252, 0.0 ], [ -49.243744, -25.348241, 0.0 ], [ -49.24383, -25.348253, 0.0 ], [ -49.243876, -25.348251, 0.0 ], [ -49.24392, -25.348259, 0.0 ], [ -49.244086, -25.348353, 0.0 ], [ -49.244206, -25.348397, 0.0 ], [ -49.244248, -25.348394, 0.0 ], [ -49.244406, -25.348339, 0.0 ], [ -49.244446, -25.348333, 0.0 ], [ -49.244476, -25.348358, 0.0 ], [ -49.244498, -25.348396, 0.0 ], [ -49.244544, -25.348453, 0.0 ], [ -49.244616, -25.348487, 0.0 ], [ -49.244684, -25.348482, 0.0 ], [ -49.24473, -25.348494, 0.0 ], [ -49.244792, -25.348554, 0.0 ], [ -49.244824, -25.348605, 0.0 ], [ -49.244842, -25.348659, 0.0 ], [ -49.244846, -25.348796, 0.0 ], [ -49.244862, -25.348855, 0.0 ], [ -49.244888, -25.348908, 0.0 ], [ -49.24498, -25.348985, 0.0 ], [ -49.245018, -25.348974, 0.0 ], [ -49.245058, -25.348976, 0.0 ], [ -49.245098, -25.348966, 0.0 ], [ -49.245174, -25.348933, 0.0 ], [ -49.245216, -25.34893, 0.0 ], [ -49.245252, -25.348948, 0.0 ], [ -49.245284, -25.348977, 0.0 ], [ -49.245312, -25.349006, 0.0 ], [ -49.245338, -25.349036, 0.0 ], [ -49.245358, -25.349069, 0.0 ], [ -49.245384, -25.349142, 0.0 ], [ -49.245388, -25.349179, 0.0 ], [ -49.245386, -25.349216, 0.0 ], [ -49.24539, -25.349266, 0.0 ], [ -49.245438, -25.349385, 0.0 ], [ -49.24549, -25.349474, 0.0 ], [ -49.245634, -25.349636, 0.0 ], [ -49.245724, -25.349724, 0.0 ], [ -49.246144, -25.350225, 0.0 ], [ -49.246206, -25.3504, 0.0 ], [ -49.246232, -25.350712, 0.0 ], [ -49.246066, -25.351219, 0.0 ], [ -49.246062, -25.351514, 0.0 ], [ -49.246206, -25.3517, 0.0 ], [ -49.247752, -25.350845, 0.0 ] ] ] } },
{ "type": "Feature", "properties": { "Name": "2041", "description": "descrição: <br>IDENTIFICA: 4402041<br>SETOR: 2041 - SEG/QUA/SEX - DIURNO - POSTO 09 - DOMICILIAR<br>APELIDO: 2041<br>MACROSETOR: POSTO 09 - DOMICILIAR<br>COR: 8388736.000<br>FREQUENCIA: SEG/QUA/SEX - DIURNO<br>layer: 2041<br>path: G:/Drives compartilhados/J_NEGRAO_CCO/45 - Monitoramento/Paulo Lima/KMLKMZ Curitiba/Diurno/Seg-Qua-Sex/9/2041/2041 - SEG/QUA/SEX - DIURNO - POSTO 09 - DOMICILIAR/2041.shp", "timestamp": null, "begin": null, "end": null, "altitudeMode": null, "tessellate": -1, "extrude": 0, "visibility": -1, "drawOrder": null, "icon": null, "descri____o": "", "id": null, "IDENTIFICA": "4402041", "SETOR": "2041 - SEG/QUA/SEX - DIURNO - POSTO 09 - DOMICILIAR", "APELIDO": "2041", "MACROSETOR": "POSTO 09 - DOMICILIAR", "COR": "8388736.000", "FREQUENCIA": "SEG/QUA/SEX - DIURNO", "layer": "2041", "path": "G:/Drives compartilhados/J_NEGRAO_CCO/45 - Monitoramento/Paulo Lima/KMLKMZ Curitiba/Diurno/Seg-Qua-Sex/9/2041/2041 - SEG/QUA/SEX - DIURNO - POSTO 09 - DOMICILIAR/2041.shp", "OBJECTID": null, "TURNO": null, "POSTO": null, "FreqTurno": null, "X_SEMANA": null, "TER": null, "QUI": null, "SAB": null, "SEG": null, "QUA": null, "SEX": null }, "geometry": { "type": "Polygon", "coordinates": [ [ [ -49.24936, -25.376643, 0.0 ], [ -49.250096, -25.375276, 0.0 ], [ -49.25093, -25.372921, 0.0 ], [ -49.255283, -25.374094, 0.0 ], [ -49.258454, -25.373494, 0.0 ], [ -49.26252, -25.372779, 0.0 ], [ -49.262284, -25.371755, 0.0 ], [ -49.260482, -25.369514, 0.0 ], [ -49.260026, -25.368196, 0.0 ], [ -49.260386, -25.366203, 0.0 ], [ -49.260405, -25.36596, 0.0 ], [ -49.261006, -25.366796, 0.0 ], [ -49.261738, -25.367191, 0.0 ], [ -49.262424, -25.367705, 0.0 ], [ -49.263358, -25.368369, 0.0 ], [ -49.264166, -25.368942, 0.0 ], [ -49.264959, -25.369472, 0.0 ], [ -49.266236, -25.370237, 0.0 ], [ -49.267128, -25.370859, 0.0 ], [ -49.268102, -25.371479, 0.0 ], [ -49.267953, -25.371644, 0.0 ], [ -49.267204, -25.372492, 0.0 ], [ -49.266863, -25.372879, 0.0 ], [ -49.265725, -25.37273, 0.0 ], [ -49.264886, -25.373653, 0.0 ], [ -49.26483, -25.374022, 0.0 ], [ -49.264656, -25.374259, 0.0 ], [ -49.264518, -25.374419, 0.0 ], [ -49.264175, -25.3747, 0.0 ], [ -49.263814, -25.375004, 0.0 ], [ -49.263565, -25.37524, 0.0 ], [ -49.263357, -25.375554, 0.0 ], [ -49.263209, -25.375783, 0.0 ], [ -49.263137, -25.376129, 0.0 ], [ -49.263149, -25.37643, 0.0 ], [ -49.26322, -25.376809, 0.0 ], [ -49.263235, -25.376978, 0.0 ], [ -49.263316, -25.377203, 0.0 ], [ -49.263426, -25.377524, 0.0 ], [ -49.263293, -25.377943, 0.0 ], [ -49.263144, -25.378249, 0.0 ], [ -49.262965, -25.378609, 0.0 ], [ -49.262867, -25.378951, 0.0 ], [ -49.262009, -25.379034, 0.0 ], [ -49.260922, -25.379117, 0.0 ], [ -49.260642, -25.379083, 0.0 ], [ -49.260136, -25.378869, 0.0 ], [ -49.259444, -25.378606, 0.0 ], [ -49.258512, -25.378541, 0.0 ], [ -49.258012, -25.378474, 0.0 ], [ -49.256996, -25.378385, 0.0 ], [ -49.256187, -25.378906, 0.0 ], [ -49.255355, -25.379566, 0.0 ], [ -49.25455, -25.378626, 0.0 ], [ -49.253606, -25.377687, 0.0 ], [ -49.25304, -25.378032, 0.0 ], [ -49.252146, -25.378415, 0.0 ], [ -49.2517, -25.378302, 0.0 ], [ -49.251078, -25.377796, 0.0 ], [ -49.250715, -25.377416, 0.0 ], [ -49.250106, -25.377509, 0.0 ], [ -49.249494, -25.377526, 0.0 ], [ -49.249387, -25.377263, 0.0 ], [ -49.24936, -25.376643, 0.0 ] ] ] } },
{ "type": "Feature", "properties": { "Name": "2042", "description": "descrição: <br>IDENTIFICA: 4402042<br>SETOR: 2042 - SEG/QUA/SEX - DIURNO - POSTO 09 - DOMICILIAR<br>APELIDO: 2042<br>MACROSETOR: POSTO 09 - DOMICILIAR<br>COR: 16711935.000<br>FREQUENCIA: SEG/QUA/SEX - DIURNO<br>layer: 2042<br>path: G:/Drives compartilhados/J_NEGRAO_CCO/45 - Monitoramento/Paulo Lima/KMLKMZ Curitiba/Diurno/Seg-Qua-Sex/9/2042/2042 - SEG/QUA/SEX - DIURNO - POSTO 09 - DOMICILIAR/2042.shp", "timestamp": null, "begin": null, "end": null, "altitudeMode": null, "tessellate": -1, "extrude": 0, "visibility": -1, "drawOrder": null, "icon": null, "descri____o": "", "id": null, "IDENTIFICA": "4402042", "SETOR": "2042 - SEG/QUA/SEX - DIURNO - POSTO 09 - DOMICILIAR", "APELIDO": "2042", "MACROSETOR": "POSTO 09 - DOMICILIAR", "COR": "16711935.000", "FREQUENCIA": "SEG/QUA/SEX - DIURNO", "layer": "2042", "path": "G:/Drives compartilhados/J_NEGRAO_CCO/45 - Monitoramento/Paulo Lima/KMLKMZ Curitiba/Diurno/Seg-Qua-Sex/9/2042/2042 - SEG/QUA/SEX - DIURNO - POSTO 09 - DOMICILIAR/2042.shp", "OBJECTID": null, "TURNO": null, "POSTO": null, "FreqTurno": null, "X_SEMANA": null, "TER": null, "QUI": null, "SAB": null, "SEG": null, "QUA": null, "SEX": null }, "geometry": { "type": "Polygon", "coordinates": [ [ [ -49.267426, -25.390293, 0.0 ], [ -49.267393, -25.391349, 0.0 ], [ -49.264852, -25.391236, 0.0 ], [ -49.264784, -25.392793, 0.0 ], [ -49.264567, -25.392786, 0.0 ], [ -49.264587, -25.39221, 0.0 ], [ -49.263717, -25.392159, 0.0 ], [ -49.26362, -25.392084, 0.0 ], [ -49.263474, -25.391665, 0.0 ], [ -49.263083, -25.391923, 0.0 ], [ -49.262765, -25.392079, 0.0 ], [ -49.261927, -25.392382, 0.0 ], [ -49.261548, -25.392478, 0.0 ], [ -49.260878, -25.392516, 0.0 ], [ -49.260924, -25.391823, 0.0 ], [ -49.260858, -25.391486, 0.0 ], [ -49.260628, -25.390862, 0.0 ], [ -49.260552, -25.390615, 0.0 ], [ -49.260547, -25.390254, 0.0 ], [ -49.257664, -25.390318, 0.0 ], [ -49.257572, -25.389034, 0.0 ], [ -49.257551, -25.388836, 0.0 ], [ -49.257511, -25.388723, 0.0 ], [ -49.257439, -25.388564, 0.0 ], [ -49.25734, -25.388504, 0.0 ], [ -49.257221, -25.386543, 0.0 ], [ -49.25679, -25.386904, 0.0 ], [ -49.256292, -25.387304, 0.0 ], [ -49.25555, -25.386451, 0.0 ], [ -49.254118, -25.384913, 0.0 ], [ -49.252559, -25.383243, 0.0 ], [ -49.251628, -25.382407, 0.0 ], [ -49.250031, -25.383571, 0.0 ], [ -49.24812, -25.384998, 0.0 ], [ -49.246566, -25.383337, 0.0 ], [ -49.246926, -25.383234, 0.0 ], [ -49.246996, -25.383204, 0.0 ], [ -49.247248, -25.383095, 0.0 ], [ -49.247666, -25.38277, 0.0 ], [ -49.248396, -25.381913, 0.0 ], [ -49.248484, -25.381855, 0.0 ], [ -49.248889, -25.381305, 0.0 ], [ -49.248731, -25.380319, 0.0 ], [ -49.248313, -25.37919, 0.0 ], [ -49.248486, -25.378872, 0.0 ], [ -49.249264, -25.377428, 0.0 ], [ -49.250629, -25.377416, 0.0 ], [ -49.251907, -25.378433, 0.0 ], [ -49.253489, -25.377555, 0.0 ], [ -49.254338, -25.37849, 0.0 ], [ -49.25527, -25.379566, 0.0 ], [ -49.256058, -25.378945, 0.0 ], [ -49.256856, -25.378301, 0.0 ], [ -49.258167, -25.378438, 0.0 ], [ -49.258187, -25.378772, 0.0 ], [ -49.258373, -25.378768, 0.0 ], [ -49.258375, -25.378454, 0.0 ], [ -49.259441, -25.378556, 0.0 ], [ -49.260485, -25.378939, 0.0 ], [ -49.260684, -25.378997, 0.0 ], [ -49.260886, -25.378988, 0.0 ], [ -49.261719, -25.378872, 0.0 ], [ -49.262719, -25.378866, 0.0 ], [ -49.262631, -25.379849, 0.0 ], [ -49.262966, -25.379448, 0.0 ], [ -49.263982, -25.378286, 0.0 ], [ -49.26469, -25.380512, 0.0 ], [ -49.263718, -25.381583, 0.0 ], [ -49.263938, -25.381733, 0.0 ], [ -49.264705, -25.380867, 0.0 ], [ -49.264811, -25.381043, 0.0 ], [ -49.264858, -25.381162, 0.0 ], [ -49.264975, -25.381243, 0.0 ], [ -49.2655, -25.38167, 0.0 ], [ -49.265936, -25.381714, 0.0 ], [ -49.266639, -25.381546, 0.0 ], [ -49.266851, -25.381598, 0.0 ], [ -49.267376, -25.382047, 0.0 ], [ -49.267756, -25.382313, 0.0 ], [ -49.26803, -25.382781, 0.0 ], [ -49.267794, -25.383403, 0.0 ], [ -49.267768, -25.383701, 0.0 ], [ -49.267881, -25.385244, 0.0 ], [ -49.267846, -25.38549, 0.0 ], [ -49.267431, -25.386483, 0.0 ], [ -49.267361, -25.386772, 0.0 ], [ -49.267622, -25.387719, 0.0 ], [ -49.267583, -25.388203, 0.0 ], [ -49.26752, -25.388198, 0.0 ], [ -49.267426, -25.390293, 0.0 ] ] ] } },
{ "type": "Feature", "properties": { "Name": "2043", "description": "descrição: <br>IDENTIFICA: 4402043<br>SETOR: 2043 - SEG/QUA/SEX - DIURNO - POSTO 09 - DOMICILIAR<br>APELIDO: 2043<br>MACROSETOR: POSTO 09 - DOMICILIAR<br>COR: 65535.000<br>FREQUENCIA: SEG/QUA/SEX - DIURNO<br>layer: 2043<br>path: G:/Drives compartilhados/J_NEGRAO_CCO/45 - Monitoramento/Paulo Lima/KMLKMZ Curitiba/Diurno/Seg-Qua-Sex/9/2043/2043 - SEG/QUA/SEX - DIURNO - POSTO 09 - DOMICILIAR/2043.shp", "timestamp": null, "begin": null, "end": null, "altitudeMode": null, "tessellate": -1, "extrude": 0, "visibility": -1, "drawOrder": null, "icon": null, "descri____o": "", "id": null, "IDENTIFICA": "4402043", "SETOR": "2043 - SEG/QUA/SEX - DIURNO - POSTO 09 - DOMICILIAR", "APELIDO": "2043", "MACROSETOR": "POSTO 09 - DOMICILIAR", "COR": "65535.000", "FREQUENCIA": "SEG/QUA/SEX - DIURNO", "layer": "2043", "path": "G:/Drives compartilhados/J_NEGRAO_CCO/45 - Monitoramento/Paulo Lima/KMLKMZ Curitiba/Diurno/Seg-Qua-Sex/9/2043/2043 - SEG/QUA/SEX - DIURNO - POSTO 09 - DOMICILIAR/2043.shp", "OBJECTID": null, "TURNO": null, "POSTO": null, "FreqTurno": null, "X_SEMANA": null, "TER": null, "QUI": null, "SAB": null, "SEG": null, "QUA": null, "SEX": null }, "geometry": { "type": "Polygon", "coordinates": [ [ [ -49.261441, -25.366985, 0.0 ], [ -49.261141, -25.366824, 0.0 ], [ -49.26096, -25.366706, 0.0 ], [ -49.260813, -25.366552, 0.0 ], [ -49.260568, -25.36622, 0.0 ], [ -49.260378, -25.365882, 0.0 ], [ -49.260611, -25.365582, 0.0 ], [ -49.260724, -25.365515, 0.0 ], [ -49.260793, -25.365456, 0.0 ], [ -49.260836, -25.365386, 0.0 ], [ -49.260834, -25.36533, 0.0 ], [ -49.260877, -25.365236, 0.0 ], [ -49.261821, -25.36424, 0.0 ], [ -49.262319, -25.36446, 0.0 ], [ -49.263126, -25.363368, 0.0 ], [ -49.264388, -25.363457, 0.0 ], [ -49.26356, -25.364631, 0.0 ], [ -49.264726, -25.365327, 0.0 ], [ -49.265795, -25.366081, 0.0 ], [ -49.266768, -25.36672, 0.0 ], [ -49.26854, -25.367882, 0.0 ], [ -49.269488, -25.368526, 0.0 ], [ -49.270103, -25.368913, 0.0 ], [ -49.270852, -25.36938, 0.0 ], [ -49.271355, -25.369702, 0.0 ], [ -49.271847, -25.369988, 0.0 ], [ -49.273066, -25.369425, 0.0 ], [ -49.274264, -25.371976, 0.0 ], [ -49.274084, -25.373, 0.0 ], [ -49.274029, -25.373477, 0.0 ], [ -49.273924, -25.373975, 0.0 ], [ -49.273748, -25.375205, 0.0 ], [ -49.272977, -25.380019, 0.0 ], [ -49.272881, -25.380516, 0.0 ], [ -49.272603, -25.380587, 0.0 ], [ -49.272052, -25.38102, 0.0 ], [ -49.272158, -25.381316, 0.0 ], [ -49.272194, -25.381448, 0.0 ], [ -49.272012, -25.381783, 0.0 ], [ -49.27194, -25.381911, 0.0 ], [ -49.271858, -25.382039, 0.0 ], [ -49.271767, -25.382186, 0.0 ], [ -49.271705, -25.382263, 0.0 ], [ -49.271592, -25.382459, 0.0 ], [ -49.271511, -25.382641, 0.0 ], [ -49.271407, -25.382979, 0.0 ], [ -49.271345, -25.383327, 0.0 ], [ -49.271151, -25.384325, 0.0 ], [ -49.270859, -25.38502, 0.0 ], [ -49.270526, -25.385661, 0.0 ], [ -49.270347, -25.386336, 0.0 ], [ -49.270249, -25.386785, 0.0 ], [ -49.270048, -25.387311, 0.0 ], [ -49.270205, -25.387709, 0.0 ], [ -49.270767, -25.388333, 0.0 ], [ -49.271395, -25.38855, 0.0 ], [ -49.271908, -25.388324, 0.0 ], [ -49.272135, -25.38857, 0.0 ], [ -49.27223, -25.388647, 0.0 ], [ -49.272159, -25.388865, 0.0 ], [ -49.272171, -25.389122, 0.0 ], [ -49.271666, -25.38913, 0.0 ], [ -49.27126, -25.389137, 0.0 ], [ -49.270648, -25.389184, 0.0 ], [ -49.270647, -25.389184, 0.0 ], [ -49.270451, -25.389199, 0.0 ], [ -49.269835, -25.389406, 0.0 ], [ -49.268925, -25.389708, 0.0 ], [ -49.268199, -25.389941, 0.0 ], [ -49.267465, -25.390174, 0.0 ], [ -49.267465, -25.390176, 0.0 ], [ -49.267464, -25.390176, 0.0 ], [ -49.267558, -25.388081, 0.0 ], [ -49.267621, -25.388086, 0.0 ], [ -49.26766, -25.387602, 0.0 ], [ -49.267399, -25.386655, 0.0 ], [ -49.267458, -25.386412, 0.0 ], [ -49.267461, -25.386399, 0.0 ], [ -49.267456, -25.386397, 0.0 ], [ -49.267883, -25.385371, 0.0 ], [ -49.26792, -25.385132, 0.0 ], [ -49.267806, -25.383581, 0.0 ], [ -49.267831, -25.383279, 0.0 ], [ -49.268065, -25.382663, 0.0 ], [ -49.267796, -25.382196, 0.0 ], [ -49.267414, -25.38193, 0.0 ], [ -49.266889, -25.381481, 0.0 ], [ -49.266677, -25.381429, 0.0 ], [ -49.266007, -25.381609, 0.0 ], [ -49.265495, -25.381589, 0.0 ], [ -49.265013, -25.381126, 0.0 ], [ -49.264848, -25.380925, 0.0 ], [ -49.264729, -25.380706, 0.0 ], [ -49.263931, -25.381594, 0.0 ], [ -49.263755, -25.381468, 0.0 ], [ -49.264726, -25.380394, 0.0 ], [ -49.264019, -25.378173, 0.0 ], [ -49.263014, -25.379317, 0.0 ], [ -49.262669, -25.379732, 0.0 ], [ -49.262757, -25.378749, 0.0 ], [ -49.262848, -25.378423, 0.0 ], [ -49.26315, -25.377832, 0.0 ], [ -49.2632, -25.37739, 0.0 ], [ -49.263145, -25.376984, 0.0 ], [ -49.263009, -25.376856, 0.0 ], [ -49.262903, -25.376635, 0.0 ], [ -49.262827, -25.376474, 0.0 ], [ -49.262806, -25.376189, 0.0 ], [ -49.262828, -25.375957, 0.0 ], [ -49.262868, -25.37577, 0.0 ], [ -49.26299, -25.37551, 0.0 ], [ -49.263175, -25.375296, 0.0 ], [ -49.26348, -25.374953, 0.0 ], [ -49.263695, -25.374726, 0.0 ], [ -49.264155, -25.374533, 0.0 ], [ -49.264491, -25.374341, 0.0 ], [ -49.264803, -25.373944, 0.0 ], [ -49.264859, -25.373575, 0.0 ], [ -49.265698, -25.372653, 0.0 ], [ -49.266248, -25.372688, 0.0 ], [ -49.266594, -25.372691, 0.0 ], [ -49.266848, -25.372734, 0.0 ], [ -49.26704, -25.372516, 0.0 ], [ -49.267267, -25.372206, 0.0 ], [ -49.267472, -25.372023, 0.0 ], [ -49.267794, -25.371757, 0.0 ], [ -49.268002, -25.371436, 0.0 ], [ -49.267294, -25.370958, 0.0 ], [ -49.266964, -25.370746, 0.0 ], [ -49.266485, -25.370428, 0.0 ], [ -49.266019, -25.370042, 0.0 ], [ -49.265567, -25.369838, 0.0 ], [ -49.265155, -25.36958, 0.0 ], [ -49.264769, -25.369329, 0.0 ], [ -49.26447, -25.369115, 0.0 ], [ -49.26414, -25.368864, 0.0 ], [ -49.263773, -25.368639, 0.0 ], [ -49.263557, -25.368478, 0.0 ], [ -49.263331, -25.368292, 0.0 ], [ -49.263096, -25.368126, 0.0 ], [ -49.262803, -25.36793, 0.0 ], [ -49.262645, -25.367801, 0.0 ], [ -49.262397, -25.367628, 0.0 ], [ -49.262216, -25.367513, 0.0 ], [ -49.262012, -25.367372, 0.0 ], [ -49.261803, -25.367231, 0.0 ], [ -49.261711, -25.367113, 0.0 ], [ -49.261441, -25.366985, 0.0 ] ], [ [ -49.261812, -25.366977, 0.0 ], [ -49.261947, -25.366796, 0.0 ], [ -49.261814, -25.366975, 0.0 ], [ -49.261812, -25.366977, 0.0 ] ] ] } },
{ "type": "Feature", "properties": { "Name": "2044", "description": "descrição: <br>IDENTIFICA: 4402044<br>SETOR: 2044 - SEG/QUA/SEX - DIURNO - POSTO 09 - DOMICILIAR<br>APELIDO: 2044<br>MACROSETOR: POSTO 09 - DOMICILIAR<br>COR: 255.000<br>FREQUENCIA: SEG/QUA/SEX - DIURNO<br>layer: 2044<br>path: G:/Drives compartilhados/J_NEGRAO_CCO/45 - Monitoramento/Paulo Lima/KMLKMZ Curitiba/Diurno/Seg-Qua-Sex/9/2044/2044 - SEG/QUA/SEX - DIURNO - POSTO 09 - DOMICILIAR/2044.shp", "timestamp": null, "begin": null, "end": null, "altitudeMode": null, "tessellate": -1, "extrude": 0, "visibility": -1, "drawOrder": null, "icon": null, "descri____o": "", "id": null, "IDENTIFICA": "4402044", "SETOR": "2044 - SEG/QUA/SEX - DIURNO - POSTO 09 - DOMICILIAR", "APELIDO": "2044", "MACROSETOR": "POSTO 09 - DOMICILIAR", "COR": "255.000", "FREQUENCIA": "SEG/QUA/SEX - DIURNO", "layer": "2044", "path": "G:/Drives compartilhados/J_NEGRAO_CCO/45 - Monitoramento/Paulo Lima/KMLKMZ Curitiba/Diurno/Seg-Qua-Sex/9/2044/2044 - SEG/QUA/SEX - DIURNO - POSTO 09 - DOMICILIAR/2044.shp", "OBJECTID": null, "TURNO": null, "POSTO": null, "FreqTurno": null, "X_SEMANA": null, "TER": null, "QUI": null, "SAB": null, "SEG": null, "QUA": null, "SEX": null }, "geometry": { "type": "Polygon", "coordinates": [ [ [ -49.271721, -25.362371, 0.0 ], [ -49.271679, -25.362544, 0.0 ], [ -49.27167, -25.36258, 0.0 ], [ -49.271669, -25.362584, 0.0 ], [ -49.271573, -25.363068, 0.0 ], [ -49.271578, -25.36314, 0.0 ], [ -49.271593, -25.363377, 0.0 ], [ -49.2717, -25.363828, 0.0 ], [ -49.27174, -25.364017, 0.0 ], [ -49.271775, -25.364187, 0.0 ], [ -49.271765, -25.364569, 0.0 ], [ -49.27176, -25.36472, 0.0 ], [ -49.271885, -25.365202, 0.0 ], [ -49.272208, -25.365705, 0.0 ], [ -49.272716, -25.366588, 0.0 ], [ -49.27322, -25.367495, 0.0 ], [ -49.273359, -25.368304, 0.0 ], [ -49.273155, -25.36926, 0.0 ], [ -49.274228, -25.371811, 0.0 ], [ -49.274438, -25.374674, 0.0 ], [ -49.274561, -25.374959, 0.0 ], [ -49.274873, -25.375227, 0.0 ], [ -49.275551, -25.375345, 0.0 ], [ -49.276127, -25.375699, 0.0 ], [ -49.276924, -25.376396, 0.0 ], [ -49.27775, -25.376717, 0.0 ], [ -49.279896, -25.37703, 0.0 ], [ -49.279851, -25.375886, 0.0 ], [ -49.28275, -25.375687, 0.0 ], [ -49.282904, -25.37691, 0.0 ], [ -49.281621, -25.376873, 0.0 ], [ -49.281637, -25.37836, 0.0 ], [ -49.280841, -25.378386, 0.0 ], [ -49.28079, -25.378971, 0.0 ], [ -49.280384, -25.380724, 0.0 ], [ -49.280795, -25.38163, 0.0 ], [ -49.281685, -25.382296, 0.0 ], [ -49.281917, -25.383925, 0.0 ], [ -49.282295, -25.384762, 0.0 ], [ -49.282604, -25.385698, 0.0 ], [ -49.282074, -25.385425, 0.0 ], [ -49.280984, -25.385258, 0.0 ], [ -49.279892, -25.385201, 0.0 ], [ -49.279456, -25.385399, 0.0 ], [ -49.278913, -25.385107, 0.0 ], [ -49.274874, -25.383181, 0.0 ], [ -49.277352, -25.382248, 0.0 ], [ -49.27489, -25.381274, 0.0 ], [ -49.276814, -25.380353, 0.0 ], [ -49.276212, -25.379611, 0.0 ], [ -49.272887, -25.380606, 0.0 ], [ -49.273018, -25.37962, 0.0 ], [ -49.273885, -25.374879, 0.0 ], [ -49.273999, -25.373249, 0.0 ], [ -49.274085, -25.371971, 0.0 ], [ -49.273652, -25.370614, 0.0 ], [ -49.273133, -25.36932, 0.0 ], [ -49.271847, -25.369988, 0.0 ], [ -49.271476, -25.369759, 0.0 ], [ -49.270502, -25.369082, 0.0 ], [ -49.269806, -25.368643, 0.0 ], [ -49.269264, -25.368409, 0.0 ], [ -49.268444, -25.367824, 0.0 ], [ -49.267556, -25.367257, 0.0 ], [ -49.263566, -25.364567, 0.0 ], [ -49.264501, -25.363341, 0.0 ], [ -49.263332, -25.363339, 0.0 ], [ -49.262441, -25.364462, 0.0 ], [ -49.261948, -25.364216, 0.0 ], [ -49.262238, -25.363461, 0.0 ], [ -49.263258, -25.36259, 0.0 ], [ -49.263153, -25.361843, 0.0 ], [ -49.263287, -25.361271, 0.0 ], [ -49.263369, -25.360114, 0.0 ], [ -49.263355, -25.358154, 0.0 ], [ -49.263799, -25.35714, 0.0 ], [ -49.263484, -25.355678, 0.0 ], [ -49.263156, -25.354477, 0.0 ], [ -49.263968, -25.354628, 0.0 ], [ -49.265543, -25.354884, 0.0 ], [ -49.267945, -25.354995, 0.0 ], [ -49.269376, -25.355013, 0.0 ], [ -49.269415, -25.356746, 0.0 ], [ -49.269473, -25.358342, 0.0 ], [ -49.269655, -25.358979, 0.0 ], [ -49.270457, -25.35924, 0.0 ], [ -49.272198, -25.359001, 0.0 ], [ -49.272028, -25.360201, 0.0 ], [ -49.271721, -25.362371, 0.0 ] ] ] } },
{ "type": "Feature", "properties": { "Name": "2045", "description": "descrição: <br>IDENTIFICA: 4402045<br>SETOR: 2045 - SEG/QUA/SEX - DIURNO - POSTO 09 - DOMICILIAR<br>APELIDO: 2045<br>MACROSETOR: POSTO 09 - DOMICILIAR<br>COR: 65280.000<br>FREQUENCIA: SEG/QUA/SEX - DIURNO<br>layer: 2045<br>path: G:/Drives compartilhados/J_NEGRAO_CCO/45 - Monitoramento/Paulo Lima/KMLKMZ Curitiba/Diurno/Seg-Qua-Sex/9/2045/2045 - SEG/QUA/SEX - DIURNO - POSTO 09 - DOMICILIAR/2045.shp", "timestamp": null, "begin": null, "end": null, "altitudeMode": null, "tessellate": -1, "extrude": 0, "visibility": -1, "drawOrder": null, "icon": null, "descri____o": "", "id": null, "IDENTIFICA": "4402045", "SETOR": "2045 - SEG/QUA/SEX - DIURNO - POSTO 09 - DOMICILIAR", "APELIDO": "2045", "MACROSETOR": "POSTO 09 - DOMICILIAR", "COR": "65280.000", "FREQUENCIA": "SEG/QUA/SEX - DIURNO", "layer": "2045", "path": "G:/Drives compartilhados/J_NEGRAO_CCO/45 - Monitoramento/Paulo Lima/KMLKMZ Curitiba/Diurno/Seg-Qua-Sex/9/2045/2045 - SEG/QUA/SEX - DIURNO - POSTO 09 - DOMICILIAR/2045.shp", "OBJECTID": null, "TURNO": null, "POSTO": null, "FreqTurno": null, "X_SEMANA": null, "TER": null, "QUI": null, "SAB": null, "SEG": null, "QUA": null, "SEX": null }, "geometry": { "type": "MultiPolygon", "coordinates": [ [ [ [ -49.260448, -25.348001, 0.0 ], [ -49.260799, -25.347784, 0.0 ], [ -49.261216, -25.347526, 0.0 ], [ -49.261404, -25.347409, 0.0 ], [ -49.261703, -25.347334, 0.0 ], [ -49.26226, -25.34723, 0.0 ], [ -49.26257, -25.347161, 0.0 ], [ -49.262832, -25.347123, 0.0 ], [ -49.262835, -25.347123, 0.0 ], [ -49.263153, -25.347128, 0.0 ], [ -49.263377, -25.347157, 0.0 ], [ -49.263627, -25.347259, 0.0 ], [ -49.263796, -25.347365, 0.0 ], [ -49.264023, -25.347559, 0.0 ], [ -49.264555, -25.348056, 0.0 ], [ -49.264741, -25.348327, 0.0 ], [ -49.264932, -25.348756, 0.0 ], [ -49.264937, -25.348767, 0.0 ], [ -49.264958, -25.348816, 0.0 ], [ -49.265002, -25.349348, 0.0 ], [ -49.271819, -25.349612, 0.0 ], [ -49.271474, -25.350912, 0.0 ], [ -49.269567, -25.351044, 0.0 ], [ -49.269274, -25.351242, 0.0 ], [ -49.26863, -25.351617, 0.0 ], [ -49.268542, -25.352853, 0.0 ], [ -49.269427, -25.353508, 0.0 ], [ -49.269457, -25.35519, 0.0 ], [ -49.265471, -25.355056, 0.0 ], [ -49.263083, -25.354649, 0.0 ], [ -49.263079, -25.354897, 0.0 ], [ -49.26321, -25.355309, 0.0 ], [ -49.263293, -25.355425, 0.0 ], [ -49.263431, -25.356048, 0.0 ], [ -49.263449, -25.356083, 0.0 ], [ -49.263529, -25.356046, 0.0 ], [ -49.263534, -25.356057, 0.0 ], [ -49.263542, -25.356075, 0.0 ], [ -49.263521, -25.356297, 0.0 ], [ -49.263498, -25.356311, 0.0 ], [ -49.263726, -25.357312, 0.0 ], [ -49.263688, -25.357751, 0.0 ], [ -49.263434, -25.358618, 0.0 ], [ -49.263399, -25.359592, 0.0 ], [ -49.263286, -25.360814, 0.0 ], [ -49.263214, -25.361443, 0.0 ], [ -49.263138, -25.361653, 0.0 ], [ -49.26308, -25.362015, 0.0 ], [ -49.263108, -25.362245, 0.0 ], [ -49.263185, -25.362762, 0.0 ], [ -49.262388, -25.363354, 0.0 ], [ -49.262281, -25.363458, 0.0 ], [ -49.26198, -25.363942, 0.0 ], [ -49.26165, -25.364224, 0.0 ], [ -49.261247, -25.36442, 0.0 ], [ -49.261182, -25.364483, 0.0 ], [ -49.26117, -25.364475, 0.0 ], [ -49.260896, -25.364601, 0.0 ], [ -49.260668, -25.364866, 0.0 ], [ -49.260668, -25.364867, 0.0 ], [ -49.260552, -25.365179, 0.0 ], [ -49.260578, -25.365999, 0.0 ], [ -49.258628, -25.365337, 0.0 ], [ -49.258389, -25.36529, 0.0 ], [ -49.258078, -25.365114, 0.0 ], [ -49.25804, -25.365076, 0.0 ], [ -49.257579, -25.364726, 0.0 ], [ -49.257092, -25.364429, 0.0 ], [ -49.256204, -25.364312, 0.0 ], [ -49.255228, -25.364519, 0.0 ], [ -49.254918, -25.364316, 0.0 ], [ -49.254757, -25.363096, 0.0 ], [ -49.254477, -25.362821, 0.0 ], [ -49.25423, -25.362639, 0.0 ], [ -49.253966, -25.362604, 0.0 ], [ -49.253782, -25.36261, 0.0 ], [ -49.253513, -25.362627, 0.0 ], [ -49.253147, -25.362542, 0.0 ], [ -49.25244, -25.362172, 0.0 ], [ -49.252094, -25.36198, 0.0 ], [ -49.251921, -25.361874, 0.0 ], [ -49.251774, -25.361561, 0.0 ], [ -49.251723, -25.361168, 0.0 ], [ -49.25163, -25.36095, 0.0 ], [ -49.251279, -25.360818, 0.0 ], [ -49.250803, -25.36066, 0.0 ], [ -49.250636, -25.359681, 0.0 ], [ -49.250404, -25.358288, 0.0 ], [ -49.250467, -25.357956, 0.0 ], [ -49.250834, -25.357229, 0.0 ], [ -49.25084, -25.357043, 0.0 ], [ -49.250771, -25.356701, 0.0 ], [ -49.249665, -25.355975, 0.0 ], [ -49.24878, -25.355622, 0.0 ], [ -49.250414, -25.353052, 0.0 ], [ -49.249918, -25.352479, 0.0 ], [ -49.249418, -25.352044, 0.0 ], [ -49.248456, -25.351264, 0.0 ], [ -49.247763, -25.350884, 0.0 ], [ -49.24687, -25.351393, 0.0 ], [ -49.246216, -25.351739, 0.0 ], [ -49.246109, -25.351638, 0.0 ], [ -49.246062, -25.351514, 0.0 ], [ -49.246066, -25.351219, 0.0 ], [ -49.246232, -25.350712, 0.0 ], [ -49.246214, -25.350551, 0.0 ], [ -49.246195, -25.350398, 0.0 ], [ -49.246144, -25.350225, 0.0 ], [ -49.245634, -25.349636, 0.0 ], [ -49.245533, -25.349533, 0.0 ], [ -49.24547, -25.349457, 0.0 ], [ -49.245425, -25.349419, 0.0 ], [ -49.245497, -25.34943, 0.0 ], [ -49.245542, -25.349401, 0.0 ], [ -49.245578, -25.349346, 0.0 ], [ -49.24558, -25.349232, 0.0 ], [ -49.245564, -25.349084, 0.0 ], [ -49.245569, -25.349008, 0.0 ], [ -49.245581, -25.348973, 0.0 ], [ -49.245612, -25.348937, 0.0 ], [ -49.24574, -25.348905, 0.0 ], [ -49.245754, -25.348908, 0.0 ], [ -49.245779, -25.348913, 0.0 ], [ -49.245781, -25.348911, 0.0 ], [ -49.245929, -25.348983, 0.0 ], [ -49.246001, -25.349015, 0.0 ], [ -49.246093, -25.349045, 0.0 ], [ -49.246139, -25.349034, 0.0 ], [ -49.246184, -25.34895, 0.0 ], [ -49.246139, -25.348874, 0.0 ], [ -49.246186, -25.348855, 0.0 ], [ -49.246249, -25.348875, 0.0 ], [ -49.24633, -25.348853, 0.0 ], [ -49.246406, -25.348885, 0.0 ], [ -49.24644, -25.348889, 0.0 ], [ -49.246489, -25.348861, 0.0 ], [ -49.24656, -25.348759, 0.0 ], [ -49.246624, -25.348726, 0.0 ], [ -49.246692, -25.348742, 0.0 ], [ -49.24676, -25.348704, 0.0 ], [ -49.246854, -25.34869, 0.0 ], [ -49.246921, -25.348721, 0.0 ], [ -49.246977, -25.348703, 0.0 ], [ -49.24701, -25.348722, 0.0 ], [ -49.247092, -25.348728, 0.0 ], [ -49.247159, -25.348768, 0.0 ], [ -49.247204, -25.348766, 0.0 ], [ -49.247288, -25.34888, 0.0 ], [ -49.247319, -25.348939, 0.0 ], [ -49.247398, -25.348931, 0.0 ], [ -49.247408, -25.348898, 0.0 ], [ -49.247442, -25.348887, 0.0 ], [ -49.247473, -25.348879, 0.0 ], [ -49.247543, -25.348894, 0.0 ], [ -49.247614, -25.348966, 0.0 ], [ -49.247687, -25.349038, 0.0 ], [ -49.24779, -25.349051, 0.0 ], [ -49.247815, -25.349105, 0.0 ], [ -49.247804, -25.349166, 0.0 ], [ -49.247869, -25.34918, 0.0 ], [ -49.247987, -25.34922, 0.0 ], [ -49.248064, -25.349242, 0.0 ], [ -49.248116, -25.349233, 0.0 ], [ -49.248139, -25.349239, 0.0 ], [ -49.248181, -25.34923, 0.0 ], [ -49.248318, -25.349116, 0.0 ], [ -49.248406, -25.349064, 0.0 ], [ -49.248455, -25.349016, 0.0 ], [ -49.2485, -25.349005, 0.0 ], [ -49.248598, -25.349001, 0.0 ], [ -49.248712, -25.348941, 0.0 ], [ -49.248946, -25.348743, 0.0 ], [ -49.24907, -25.348694, 0.0 ], [ -49.249091, -25.348669, 0.0 ], [ -49.24909, -25.348606, 0.0 ], [ -49.249126, -25.348592, 0.0 ], [ -49.249264, -25.3486, 0.0 ], [ -49.249301, -25.348594, 0.0 ], [ -49.249467, -25.348614, 0.0 ], [ -49.249666, -25.348671, 0.0 ], [ -49.249836, -25.348684, 0.0 ], [ -49.250057, -25.348798, 0.0 ], [ -49.250098, -25.348891, 0.0 ], [ -49.250428, -25.349043, 0.0 ], [ -49.250524, -25.349032, 0.0 ], [ -49.25055, -25.349044, 0.0 ], [ -49.250627, -25.349048, 0.0 ], [ -49.250688, -25.349104, 0.0 ], [ -49.25076, -25.349101, 0.0 ], [ -49.250814, -25.349078, 0.0 ], [ -49.25086, -25.349061, 0.0 ], [ -49.250912, -25.349038, 0.0 ], [ -49.251003, -25.349023, 0.0 ], [ -49.251046, -25.348987, 0.0 ], [ -49.251066, -25.348937, 0.0 ], [ -49.251024, -25.348761, 0.0 ], [ -49.250963, -25.348701, 0.0 ], [ -49.250931, -25.348595, 0.0 ], [ -49.250946, -25.348556, 0.0 ], [ -49.251004, -25.348555, 0.0 ], [ -49.251031, -25.348571, 0.0 ], [ -49.251092, -25.348572, 0.0 ], [ -49.251262, -25.348661, 0.0 ], [ -49.251275, -25.348709, 0.0 ], [ -49.251386, -25.34877, 0.0 ], [ -49.251464, -25.348768, 0.0 ], [ -49.251577, -25.348778, 0.0 ], [ -49.251656, -25.348752, 0.0 ], [ -49.2517, -25.348766, 0.0 ], [ -49.251795, -25.348826, 0.0 ], [ -49.251825, -25.34881, 0.0 ], [ -49.251823, -25.348775, 0.0 ], [ -49.251813, -25.348728, 0.0 ], [ -49.251872, -25.348642, 0.0 ], [ -49.251866, -25.348567, 0.0 ], [ -49.251852, -25.348521, 0.0 ], [ -49.251872, -25.348494, 0.0 ], [ -49.251873, -25.348415, 0.0 ], [ -49.251931, -25.348385, 0.0 ], [ -49.251986, -25.348372, 0.0 ], [ -49.252047, -25.348398, 0.0 ], [ -49.252097, -25.348427, 0.0 ], [ -49.252149, -25.348414, 0.0 ], [ -49.25223, -25.348348, 0.0 ], [ -49.252309, -25.348332, 0.0 ], [ -49.252388, -25.348279, 0.0 ], [ -49.252428, -25.348273, 0.0 ], [ -49.252601, -25.348476, 0.0 ], [ -49.252735, -25.348618, 0.0 ], [ -49.252849, -25.348597, 0.0 ], [ -49.252874, -25.348597, 0.0 ], [ -49.252967, -25.34858, 0.0 ], [ -49.253005, -25.348551, 0.0 ], [ -49.253148, -25.348526, 0.0 ], [ -49.253359, -25.348514, 0.0 ], [ -49.253549, -25.348438, 0.0 ], [ -49.253791, -25.348286, 0.0 ], [ -49.254096, -25.348158, 0.0 ], [ -49.254205, -25.348069, 0.0 ], [ -49.254392, -25.348033, 0.0 ], [ -49.254492, -25.34803, 0.0 ], [ -49.254726, -25.348131, 0.0 ], [ -49.254873, -25.348235, 0.0 ], [ -49.25515, -25.348302, 0.0 ], [ -49.255277, -25.348295, 0.0 ], [ -49.25541, -25.34827, 0.0 ], [ -49.255438, -25.348265, 0.0 ], [ -49.255964, -25.348303, 0.0 ], [ -49.256053, -25.34831, 0.0 ], [ -49.256184, -25.348289, 0.0 ], [ -49.256275, -25.34835, 0.0 ], [ -49.256337, -25.348311, 0.0 ], [ -49.256397, -25.348352, 0.0 ], [ -49.257146, -25.347872, 0.0 ], [ -49.257325, -25.347679, 0.0 ], [ -49.257456, -25.347634, 0.0 ], [ -49.257534, -25.347608, 0.0 ], [ -49.257657, -25.347685, 0.0 ], [ -49.257801, -25.347714, 0.0 ], [ -49.25791, -25.347735, 0.0 ], [ -49.257969, -25.347649, 0.0 ], [ -49.258094, -25.347623, 0.0 ], [ -49.258183, -25.347605, 0.0 ], [ -49.258536, -25.347819, 0.0 ], [ -49.259081, -25.347916, 0.0 ], [ -49.259445, -25.347982, 0.0 ], [ -49.259707, -25.348235, 0.0 ], [ -49.259901, -25.348292, 0.0 ], [ -49.259988, -25.348318, 0.0 ], [ -49.260448, -25.348001, 0.0 ] ] ], [ [ [ -49.250785, -25.35673, 0.0 ], [ -49.249711, -25.356057, 0.0 ], [ -49.250788, -25.35673, 0.0 ], [ -49.250785, -25.35673, 0.0 ] ] ] ] } },
{ "type": "Feature", "properties": { "Name": "2046", "description": "descrição: <br>IDENTIFICA: 4402046<br>SETOR: 2046 - SEG/QUA/SEX - DIURNO - POSTO 09 - DOMICILIAR<br>APELIDO: 2046<br>MACROSETOR: POSTO 09 - DOMICILIAR<br>COR: 32896.000<br>FREQUENCIA: SEG/QUA/SEX - DIURNO<br>layer: 2046<br>path: G:/Drives compartilhados/J_NEGRAO_CCO/45 - Monitoramento/Paulo Lima/KMLKMZ Curitiba/Diurno/Seg-Qua-Sex/9/2046/2046 - SEG/QUA/SEX - DIURNO - POSTO 09 - DOMICILIAR/2046.shp", "timestamp": null, "begin": null, "end": null, "altitudeMode": null, "tessellate": -1, "extrude": 0, "visibility": -1, "drawOrder": null, "icon": null, "descri____o": "", "id": null, "IDENTIFICA": "4402046", "SETOR": "2046 - SEG/QUA/SEX - DIURNO - POSTO 09 - DOMICILIAR", "APELIDO": "2046", "MACROSETOR": "POSTO 09 - DOMICILIAR", "COR": "32896.000", "FREQUENCIA": "SEG/QUA/SEX - DIURNO", "layer": "2046", "path": "G:/Drives compartilhados/J_NEGRAO_CCO/45 - Monitoramento/Paulo Lima/KMLKMZ Curitiba/Diurno/Seg-Qua-Sex/9/2046/2046 - SEG/QUA/SEX - DIURNO - POSTO 09 - DOMICILIAR/2046.shp", "OBJECTID": null, "TURNO": null, "POSTO": null, "FreqTurno": null, "X_SEMANA": null, "TER": null, "QUI": null, "SAB": null, "SEG": null, "QUA": null, "SEX": null }, "geometry": { "type": "Polygon", "coordinates": [ [ [ -49.280061, -25.352777, 0.0 ], [ -49.280102, -25.352904, 0.0 ], [ -49.280172, -25.352982, 0.0 ], [ -49.280207, -25.353049, 0.0 ], [ -49.28028, -25.35319, 0.0 ], [ -49.280362, -25.353331, 0.0 ], [ -49.280478, -25.35341, 0.0 ], [ -49.281907, -25.354165, 0.0 ], [ -49.282055, -25.354467, 0.0 ], [ -49.281823, -25.354711, 0.0 ], [ -49.281516, -25.354769, 0.0 ], [ -49.281392, -25.355145, 0.0 ], [ -49.28173, -25.358857, 0.0 ], [ -49.281908, -25.359468, 0.0 ], [ -49.28215, -25.359733, 0.0 ], [ -49.282093, -25.360171, 0.0 ], [ -49.282247, -25.360697, 0.0 ], [ -49.282133, -25.360973, 0.0 ], [ -49.282501, -25.361317, 0.0 ], [ -49.28237, -25.36157, 0.0 ], [ -49.28209, -25.361605, 0.0 ], [ -49.282298, -25.361908, 0.0 ], [ -49.282542, -25.362003, 0.0 ], [ -49.282726, -25.362229, 0.0 ], [ -49.283148, -25.362342, 0.0 ], [ -49.283391, -25.362591, 0.0 ], [ -49.283569, -25.362601, 0.0 ], [ -49.283711, -25.362742, 0.0 ], [ -49.284186, -25.362763, 0.0 ], [ -49.284379, -25.362888, 0.0 ], [ -49.284352, -25.363027, 0.0 ], [ -49.284265, -25.363195, 0.0 ], [ -49.283973, -25.363431, 0.0 ], [ -49.283573, -25.363488, 0.0 ], [ -49.283399, -25.363224, 0.0 ], [ -49.282945, -25.363511, 0.0 ], [ -49.282689, -25.363601, 0.0 ], [ -49.281976, -25.363669, 0.0 ], [ -49.281496, -25.363995, 0.0 ], [ -49.28146, -25.364188, 0.0 ], [ -49.281484, -25.364242, 0.0 ], [ -49.281892, -25.364193, 0.0 ], [ -49.282248, -25.36422, 0.0 ], [ -49.282152, -25.364396, 0.0 ], [ -49.282489, -25.364569, 0.0 ], [ -49.282826, -25.364758, 0.0 ], [ -49.28253, -25.365279, 0.0 ], [ -49.2825, -25.365579, 0.0 ], [ -49.28243, -25.365748, 0.0 ], [ -49.282392, -25.366017, 0.0 ], [ -49.282218, -25.36637, 0.0 ], [ -49.282325, -25.366595, 0.0 ], [ -49.282577, -25.36679, 0.0 ], [ -49.282948, -25.36691, 0.0 ], [ -49.283192, -25.367037, 0.0 ], [ -49.283342, -25.367231, 0.0 ], [ -49.283639, -25.367273, 0.0 ], [ -49.283772, -25.367429, 0.0 ], [ -49.283671, -25.367963, 0.0 ], [ -49.283602, -25.368078, 0.0 ], [ -49.283518, -25.368339, 0.0 ], [ -49.283664, -25.368483, 0.0 ], [ -49.283812, -25.368485, 0.0 ], [ -49.284237, -25.36817, 0.0 ], [ -49.284421, -25.368018, 0.0 ], [ -49.284713, -25.36779, 0.0 ], [ -49.284948, -25.367689, 0.0 ], [ -49.28518, -25.367472, 0.0 ], [ -49.285388, -25.367467, 0.0 ], [ -49.285524, -25.36743, 0.0 ], [ -49.285678, -25.36737, 0.0 ], [ -49.285809, -25.367348, 0.0 ], [ -49.285997, -25.367281, 0.0 ], [ -49.286082, -25.367274, 0.0 ], [ -49.286206, -25.366929, 0.0 ], [ -49.286267, -25.366803, 0.0 ], [ -49.286357, -25.366746, 0.0 ], [ -49.286463, -25.366747, 0.0 ], [ -49.28653, -25.366771, 0.0 ], [ -49.286531, -25.366807, 0.0 ], [ -49.286552, -25.366903, 0.0 ], [ -49.286574, -25.367091, 0.0 ], [ -49.286583, -25.367245, 0.0 ], [ -49.286618, -25.367476, 0.0 ], [ -49.28664, -25.367583, 0.0 ], [ -49.286721, -25.367702, 0.0 ], [ -49.286575, -25.367781, 0.0 ], [ -49.286388, -25.36781, 0.0 ], [ -49.286286, -25.36782, 0.0 ], [ -49.286185, -25.367796, 0.0 ], [ -49.286096, -25.36781, 0.0 ], [ -49.285998, -25.36784, 0.0 ], [ -49.285966, -25.36794, 0.0 ], [ -49.286084, -25.368011, 0.0 ], [ -49.286147, -25.368077, 0.0 ], [ -49.286129, -25.368161, 0.0 ], [ -49.286052, -25.368184, 0.0 ], [ -49.285976, -25.368198, 0.0 ], [ -49.285831, -25.36822, 0.0 ], [ -49.285752, -25.368392, 0.0 ], [ -49.285746, -25.368512, 0.0 ], [ -49.285802, -25.368759, 0.0 ], [ -49.285693, -25.368962, 0.0 ], [ -49.285631, -25.369038, 0.0 ], [ -49.285608, -25.369127, 0.0 ], [ -49.285665, -25.369289, 0.0 ], [ -49.285761, -25.369398, 0.0 ], [ -49.285922, -25.369458, 0.0 ], [ -49.286078, -25.369502, 0.0 ], [ -49.286221, -25.369565, 0.0 ], [ -49.286262, -25.369693, 0.0 ], [ -49.2862, -25.369896, 0.0 ], [ -49.286139, -25.369988, 0.0 ], [ -49.286044, -25.370137, 0.0 ], [ -49.285951, -25.370219, 0.0 ], [ -49.286092, -25.370338, 0.0 ], [ -49.286145, -25.370437, 0.0 ], [ -49.286142, -25.370501, 0.0 ], [ -49.286112, -25.370583, 0.0 ], [ -49.286071, -25.370625, 0.0 ], [ -49.286024, -25.37065, 0.0 ], [ -49.2859, -25.370679, 0.0 ], [ -49.28576, -25.370714, 0.0 ], [ -49.285778, -25.37077, 0.0 ], [ -49.285818, -25.370811, 0.0 ], [ -49.285896, -25.370824, 0.0 ], [ -49.285966, -25.370816, 0.0 ], [ -49.28603, -25.3708, 0.0 ], [ -49.286092, -25.370817, 0.0 ], [ -49.286155, -25.370821, 0.0 ], [ -49.286269, -25.370664, 0.0 ], [ -49.286425, -25.370491, 0.0 ], [ -49.286459, -25.370441, 0.0 ], [ -49.286551, -25.370378, 0.0 ], [ -49.286664, -25.370218, 0.0 ], [ -49.286699, -25.370168, 0.0 ], [ -49.286756, -25.370153, 0.0 ], [ -49.286872, -25.370176, 0.0 ], [ -49.287058, -25.370251, 0.0 ], [ -49.287126, -25.370256, 0.0 ], [ -49.287185, -25.370254, 0.0 ], [ -49.287249, -25.370227, 0.0 ], [ -49.287319, -25.370224, 0.0 ], [ -49.28735, -25.370251, 0.0 ], [ -49.287358, -25.37032, 0.0 ], [ -49.287332, -25.370376, 0.0 ], [ -49.287271, -25.370468, 0.0 ], [ -49.287227, -25.370566, 0.0 ], [ -49.287258, -25.370626, 0.0 ], [ -49.287434, -25.371813, 0.0 ], [ -49.286263, -25.372219, 0.0 ], [ -49.284426, -25.373344, 0.0 ], [ -49.282835, -25.37423, 0.0 ], [ -49.282667, -25.375817, 0.0 ], [ -49.279798, -25.37607, 0.0 ], [ -49.27988, -25.377152, 0.0 ], [ -49.277578, -25.376816, 0.0 ], [ -49.276565, -25.376297, 0.0 ], [ -49.276111, -25.375806, 0.0 ], [ -49.275871, -25.375605, 0.0 ], [ -49.27483, -25.375394, 0.0 ], [ -49.274542, -25.375126, 0.0 ], [ -49.273856, -25.37435, 0.0 ], [ -49.274161, -25.372026, 0.0 ], [ -49.273167, -25.370318, 0.0 ], [ -49.273202, -25.369198, 0.0 ], [ -49.273358, -25.368262, 0.0 ], [ -49.273222, -25.367538, 0.0 ], [ -49.272819, -25.366747, 0.0 ], [ -49.272218, -25.365847, 0.0 ], [ -49.271842, -25.365347, 0.0 ], [ -49.271718, -25.364864, 0.0 ], [ -49.271722, -25.364714, 0.0 ], [ -49.271733, -25.364335, 0.0 ], [ -49.271697, -25.364162, 0.0 ], [ -49.271657, -25.363973, 0.0 ], [ -49.27155, -25.363522, 0.0 ], [ -49.271535, -25.363285, 0.0 ], [ -49.27153, -25.363213, 0.0 ], [ -49.271627, -25.362725, 0.0 ], [ -49.271636, -25.362689, 0.0 ], [ -49.271532, -25.362422, 0.0 ], [ -49.271985, -25.360346, 0.0 ], [ -49.272155, -25.359146, 0.0 ], [ -49.271323, -25.359213, 0.0 ], [ -49.271018, -25.359178, 0.0 ], [ -49.270577, -25.359365, 0.0 ], [ -49.270414, -25.359385, 0.0 ], [ -49.269612, -25.359124, 0.0 ], [ -49.26943, -25.358487, 0.0 ], [ -49.269251, -25.353558, 0.0 ], [ -49.268393, -25.352858, 0.0 ], [ -49.268649, -25.351551, 0.0 ], [ -49.26988, -25.350885, 0.0 ], [ -49.271846, -25.350842, 0.0 ], [ -49.271966, -25.350759, 0.0 ], [ -49.272117, -25.350755, 0.0 ], [ -49.272348, -25.350722, 0.0 ], [ -49.272559, -25.350623, 0.0 ], [ -49.272766, -25.350452, 0.0 ], [ -49.273112, -25.35014, 0.0 ], [ -49.273441, -25.349685, 0.0 ], [ -49.273514, -25.349488, 0.0 ], [ -49.273611, -25.349235, 0.0 ], [ -49.273709, -25.348874, 0.0 ], [ -49.273842, -25.34849, 0.0 ], [ -49.27373, -25.348018, 0.0 ], [ -49.273653, -25.347478, 0.0 ], [ -49.273858, -25.347311, 0.0 ], [ -49.274087, -25.347321, 0.0 ], [ -49.274265, -25.347339, 0.0 ], [ -49.274605, -25.347297, 0.0 ], [ -49.274727, -25.347082, 0.0 ], [ -49.27493, -25.3471, 0.0 ], [ -49.275056, -25.347209, 0.0 ], [ -49.275305, -25.347598, 0.0 ], [ -49.275282, -25.348021, 0.0 ], [ -49.275499, -25.348294, 0.0 ], [ -49.275835, -25.348475, 0.0 ], [ -49.276028, -25.348647, 0.0 ], [ -49.276145, -25.348764, 0.0 ], [ -49.276497, -25.349068, 0.0 ], [ -49.276562, -25.349262, 0.0 ], [ -49.27669, -25.349217, 0.0 ], [ -49.277205, -25.349385, 0.0 ], [ -49.277366, -25.349371, 0.0 ], [ -49.277695, -25.349506, 0.0 ], [ -49.277776, -25.3498, 0.0 ], [ -49.277782, -25.349993, 0.0 ], [ -49.277817, -25.350471, 0.0 ], [ -49.278228, -25.350823, 0.0 ], [ -49.278297, -25.35077, 0.0 ], [ -49.278621, -25.350635, 0.0 ], [ -49.278722, -25.350644, 0.0 ], [ -49.278876, -25.350615, 0.0 ], [ -49.278942, -25.350685, 0.0 ], [ -49.279366, -25.350705, 0.0 ], [ -49.279619, -25.350816, 0.0 ], [ -49.279755, -25.350841, 0.0 ], [ -49.279913, -25.351058, 0.0 ], [ -49.279997, -25.351106, 0.0 ], [ -49.27995, -25.351383, 0.0 ], [ -49.280059, -25.351507, 0.0 ], [ -49.280237, -25.351517, 0.0 ], [ -49.280328, -25.351703, 0.0 ], [ -49.280221, -25.352072, 0.0 ], [ -49.280421, -25.352313, 0.0 ], [ -49.280061, -25.352777, 0.0 ] ] ] } },
{ "type": "Feature", "properties": { "Name": "3021", "description": "descrição: <br>IDENTIFICA: 4403021<br>SETOR: 3021 - TER/QUI/SAB - DIURNO - POSTO 09 - DOMICILIAR<br>APELIDO: 3021<br>MACROSETOR: POSTO 09 - DOMICILIAR<br>COR: 33023.000<br>FREQUENCIA: TER/QUI/SAB - DIURNO<br>layer: 3021<br>path: G:/Drives compartilhados/J_NEGRAO_CCO/45 - Monitoramento/Paulo Lima/KMLKMZ Curitiba/Diurno/Ter-Qui-Sab/9/3021/3021 - TER/QUI/SAB - DIURNO - POSTO 09 - DOMICILIAR/3021.shp", "timestamp": null, "begin": null, "end": null, "altitudeMode": null, "tessellate": -1, "extrude": 0, "visibility": -1, "drawOrder": null, "icon": null, "descri____o": "", "id": null, "IDENTIFICA": "4403021", "SETOR": "3021 - TER/QUI/SAB - DIURNO - POSTO 09 - DOMICILIAR", "APELIDO": "3021", "MACROSETOR": "POSTO 09 - DOMICILIAR", "COR": "33023.000", "FREQUENCIA": "TER/QUI/SAB - DIURNO", "layer": "3021", "path": "G:/Drives compartilhados/J_NEGRAO_CCO/45 - Monitoramento/Paulo Lima/KMLKMZ Curitiba/Diurno/Ter-Qui-Sab/9/3021/3021 - TER/QUI/SAB - DIURNO - POSTO 09 - DOMICILIAR/3021.shp", "OBJECTID": null, "TURNO": null, "POSTO": null, "FreqTurno": null, "X_SEMANA": null, "TER": null, "QUI": null, "SAB": null, "SEG": null, "QUA": null, "SEX": null }, "geometry": { "type": "Polygon", "coordinates": [ [ [ -49.216559, -25.496822, 0.0 ], [ -49.216736, -25.496683, 0.0 ], [ -49.217039, -25.496383, 0.0 ], [ -49.219862, -25.493379, 0.0 ], [ -49.221781, -25.497819, 0.0 ], [ -49.222461, -25.49767, 0.0 ], [ -49.222566, -25.498516, 0.0 ], [ -49.222441, -25.499228, 0.0 ], [ -49.222268, -25.499415, 0.0 ], [ -49.222211, -25.499475, 0.0 ], [ -49.222075, -25.499621, 0.0 ], [ -49.220618, -25.50127, 0.0 ], [ -49.219362, -25.502597, 0.0 ], [ -49.219383, -25.502617, 0.0 ], [ -49.219247, -25.502771, 0.0 ], [ -49.217763, -25.504396, 0.0 ], [ -49.216443, -25.505853, 0.0 ], [ -49.215363, -25.507079, 0.0 ], [ -49.215068, -25.50737, 0.0 ], [ -49.213838, -25.506302, 0.0 ], [ -49.213254, -25.505424, 0.0 ], [ -49.212316, -25.50406, 0.0 ], [ -49.21152, -25.502959, 0.0 ], [ -49.211048, -25.502478, 0.0 ], [ -49.210814, -25.502393, 0.0 ], [ -49.210259, -25.502503, 0.0 ], [ -49.2097, -25.502515, 0.0 ], [ -49.211652, -25.500461, 0.0 ], [ -49.212775, -25.499256, 0.0 ], [ -49.213627, -25.498622, 0.0 ], [ -49.214914, -25.497829, 0.0 ], [ -49.216559, -25.496822, 0.0 ] ] ] } },
{ "type": "Feature", "properties": { "Name": "3027", "description": "descrição: <br>IDENTIFICA: 4403027<br>SETOR: 3027 - TER/QUI/SAB - DIURNO - POSTO 09 - DOMICILIAR<br>APELIDO: 3027<br>MACROSETOR: POSTO 09 - DOMICILIAR<br>COR: 32768.000<br>FREQUENCIA: TER/QUI/SAB - DIURNO<br>layer: 3027<br>path: G:/Drives compartilhados/J_NEGRAO_CCO/45 - Monitoramento/Paulo Lima/KMLKMZ Curitiba/Diurno/Ter-Qui-Sab/9/3027/3027 - TER/QUI/SAB - DIURNO - POSTO 09 - DOMICILIAR/3027.shp", "timestamp": null, "begin": null, "end": null, "altitudeMode": null, "tessellate": -1, "extrude": 0, "visibility": -1, "drawOrder": null, "icon": null, "descri____o": "", "id": null, "IDENTIFICA": "4403027", "SETOR": "3027 - TER/QUI/SAB - DIURNO - POSTO 09 - DOMICILIAR", "APELIDO": "3027", "MACROSETOR": "POSTO 09 - DOMICILIAR", "COR": "32768.000", "FREQUENCIA": "TER/QUI/SAB - DIURNO", "layer": "3027", "path": "G:/Drives compartilhados/J_NEGRAO_CCO/45 - Monitoramento/Paulo Lima/KMLKMZ Curitiba/Diurno/Ter-Qui-Sab/9/3027/3027 - TER/QUI/SAB - DIURNO - POSTO 09 - DOMICILIAR/3027.shp", "OBJECTID": null, "TURNO": null, "POSTO": null, "FreqTurno": null, "X_SEMANA": null, "TER": null, "QUI": null, "SAB": null, "SEG": null, "QUA": null, "SEX": null }, "geometry": { "type": "Polygon", "coordinates": [ [ [ -49.245596, -25.548044, 0.0 ], [ -49.245609, -25.548011, 0.0 ], [ -49.245923, -25.548312, 0.0 ], [ -49.246704, -25.549142, 0.0 ], [ -49.246936, -25.549365, 0.0 ], [ -49.247704, -25.550157, 0.0 ], [ -49.250319, -25.552767, 0.0 ], [ -49.250575, -25.553042, 0.0 ], [ -49.248319, -25.554266, 0.0 ], [ -49.248443, -25.554417, 0.0 ], [ -49.249537, -25.555508, 0.0 ], [ -49.249966, -25.555919, 0.0 ], [ -49.246926, -25.558522, 0.0 ], [ -49.246354, -25.558933, 0.0 ], [ -49.245507, -25.559234, 0.0 ], [ -49.244084, -25.559312, 0.0 ], [ -49.243085, -25.559193, 0.0 ], [ -49.2426, -25.559068, 0.0 ], [ -49.242517, -25.559006, 0.0 ], [ -49.242512, -25.558946, 0.0 ], [ -49.242723, -25.558417, 0.0 ], [ -49.243081, -25.557636, 0.0 ], [ -49.243372, -25.556948, 0.0 ], [ -49.243431, -25.55678, 0.0 ], [ -49.243545, -25.556496, 0.0 ], [ -49.24362, -25.55619, 0.0 ], [ -49.243608, -25.555827, 0.0 ], [ -49.243562, -25.55536, 0.0 ], [ -49.243519, -25.555091, 0.0 ], [ -49.24347, -25.554808, 0.0 ], [ -49.243462, -25.554659, 0.0 ], [ -49.243312, -25.554372, 0.0 ], [ -49.24333, -25.554112, 0.0 ], [ -49.243431, -25.553771, 0.0 ], [ -49.243593, -25.553209, 0.0 ], [ -49.243793, -25.552806, 0.0 ], [ -49.244023, -25.552157, 0.0 ], [ -49.244187, -25.551695, 0.0 ], [ -49.24435, -25.551234, 0.0 ], [ -49.24454, -25.550787, 0.0 ], [ -49.244985, -25.54959, 0.0 ], [ -49.245199, -25.54909, 0.0 ], [ -49.245408, -25.548516, 0.0 ], [ -49.245596, -25.548044, 0.0 ] ] ] } },
{ "type": "Feature", "properties": { "Name": "3028", "description": "descrição: <br>IDENTIFICA: 4403028<br>SETOR: 3028 - TER/QUI/SAB - DIURNO - POSTO 09 - DOMICILIAR<br>APELIDO: 3028<br>MACROSETOR: POSTO 09 - DOMICILIAR<br>COR: 65535.000<br>FREQUENCIA: TER/QUI/SAB - DIURNO<br>layer: 3028<br>path: G:/Drives compartilhados/J_NEGRAO_CCO/45 - Monitoramento/Paulo Lima/KMLKMZ Curitiba/Diurno/Ter-Qui-Sab/9/3028/3028 - TER/QUI/SAB - DIURNO - POSTO 09 - DOMICILIAR/3028.shp", "timestamp": null, "begin": null, "end": null, "altitudeMode": null, "tessellate": -1, "extrude": 0, "visibility": -1, "drawOrder": null, "icon": null, "descri____o": "", "id": null, "IDENTIFICA": "4403028", "SETOR": "3028 - TER/QUI/SAB - DIURNO - POSTO 09 - DOMICILIAR", "APELIDO": "3028", "MACROSETOR": "POSTO 09 - DOMICILIAR", "COR": "65535.000", "FREQUENCIA": "TER/QUI/SAB - DIURNO", "layer": "3028", "path": "G:/Drives compartilhados/J_NEGRAO_CCO/45 - Monitoramento/Paulo Lima/KMLKMZ Curitiba/Diurno/Ter-Qui-Sab/9/3028/3028 - TER/QUI/SAB - DIURNO - POSTO 09 - DOMICILIAR/3028.shp", "OBJECTID": null, "TURNO": null, "POSTO": null, "FreqTurno": null, "X_SEMANA": null, "TER": null, "QUI": null, "SAB": null, "SEG": null, "QUA": null, "SEX": null }, "geometry": { "type": "Polygon", "coordinates": [ [ [ -49.255626, -25.550438, 0.0 ], [ -49.255593, -25.550457, 0.0 ], [ -49.255615, -25.550447, 0.0 ], [ -49.254542, -25.551009, 0.0 ], [ -49.25247, -25.552153, 0.0 ], [ -49.250615, -25.553061, 0.0 ], [ -49.248566, -25.551009, 0.0 ], [ -49.246763, -25.549208, 0.0 ], [ -49.246152, -25.548569, 0.0 ], [ -49.245556, -25.548008, 0.0 ], [ -49.245616, -25.547902, 0.0 ], [ -49.245658, -25.547766, 0.0 ], [ -49.245814, -25.547398, 0.0 ], [ -49.246222, -25.546454, 0.0 ], [ -49.246672, -25.545893, 0.0 ], [ -49.2473, -25.545564, 0.0 ], [ -49.247498, -25.545341, 0.0 ], [ -49.247531, -25.545249, 0.0 ], [ -49.247525, -25.545031, 0.0 ], [ -49.247295, -25.543555, 0.0 ], [ -49.246978, -25.542185, 0.0 ], [ -49.247182, -25.541692, 0.0 ], [ -49.247568, -25.540971, 0.0 ], [ -49.247911, -25.540375, 0.0 ], [ -49.248207, -25.539765, 0.0 ], [ -49.251554, -25.541958, 0.0 ], [ -49.254005, -25.543604, 0.0 ], [ -49.253528, -25.544117, 0.0 ], [ -49.253995, -25.544736, 0.0 ], [ -49.254601, -25.545612, 0.0 ], [ -49.254177, -25.545869, 0.0 ], [ -49.255089, -25.547161, 0.0 ], [ -49.252342, -25.548628, 0.0 ], [ -49.252739, -25.548811, 0.0 ], [ -49.255626, -25.550438, 0.0 ] ] ] } },
{ "type": "Feature", "properties": { "Name": "3036", "description": "descrição: <br>IDENTIFICA: 4403036<br>SETOR: 3036 - TER/QUI/SAB - DIURNO - POSTO 09 - DOMICILIAR<br>APELIDO: 3036<br>MACROSETOR: POSTO 09 - DOMICILIAR<br>COR: 10485760.000<br>FREQUENCIA: TER/QUI/SAB - DIURNO<br>layer: 3036<br>path: G:/Drives compartilhados/J_NEGRAO_CCO/45 - Monitoramento/Paulo Lima/KMLKMZ Curitiba/Diurno/Ter-Qui-Sab/9/3036/3036 - TER/QUI/SAB - DIURNO - POSTO 09 - DOMICILIAR/3036.shp", "timestamp": null, "begin": null, "end": null, "altitudeMode": null, "tessellate": -1, "extrude": 0, "visibility": -1, "drawOrder": null, "icon": null, "descri____o": "", "id": null, "IDENTIFICA": "4403036", "SETOR": "3036 - TER/QUI/SAB - DIURNO - POSTO 09 - DOMICILIAR", "APELIDO": "3036", "MACROSETOR": "POSTO 09 - DOMICILIAR", "COR": "10485760.000", "FREQUENCIA": "TER/QUI/SAB - DIURNO", "layer": "3036", "path": "G:/Drives compartilhados/J_NEGRAO_CCO/45 - Monitoramento/Paulo Lima/KMLKMZ Curitiba/Diurno/Ter-Qui-Sab/9/3036/3036 - TER/QUI/SAB - DIURNO - POSTO 09 - DOMICILIAR/3036.shp", "OBJECTID": null, "TURNO": null, "POSTO": null, "FreqTurno": null, "X_SEMANA": null, "TER": null, "QUI": null, "SAB": null, "SEG": null, "QUA": null, "SEX": null }, "geometry": { "type": "Polygon", "coordinates": [ [ [ -49.248184, -25.529152, 0.0 ], [ -49.24799, -25.529243, 0.0 ], [ -49.247836, -25.52939, 0.0 ], [ -49.247506, -25.529705, 0.0 ], [ -49.247168, -25.529935, 0.0 ], [ -49.246479, -25.530336, 0.0 ], [ -49.2464, -25.530364, 0.0 ], [ -49.245715, -25.530607, 0.0 ], [ -49.244263, -25.531082, 0.0 ], [ -49.244161, -25.531115, 0.0 ], [ -49.242443, -25.531596, 0.0 ], [ -49.242034, -25.531747, 0.0 ], [ -49.24028, -25.532298, 0.0 ], [ -49.239926, -25.532497, 0.0 ], [ -49.23956, -25.53274, 0.0 ], [ -49.238134, -25.533615, 0.0 ], [ -49.237785, -25.533837, 0.0 ], [ -49.235922, -25.529484, 0.0 ], [ -49.235848, -25.529312, 0.0 ], [ -49.235584, -25.528696, 0.0 ], [ -49.235592, -25.528475, 0.0 ], [ -49.236003, -25.527629, 0.0 ], [ -49.236464, -25.526631, 0.0 ], [ -49.235383, -25.526329, 0.0 ], [ -49.232529, -25.525664, 0.0 ], [ -49.233345, -25.523972, 0.0 ], [ -49.233471, -25.523755, 0.0 ], [ -49.234665, -25.524225, 0.0 ], [ -49.238245, -25.525678, 0.0 ], [ -49.238253, -25.525682, 0.0 ], [ -49.238467, -25.525798, 0.0 ], [ -49.238484, -25.525812, 0.0 ], [ -49.238568, -25.525882, 0.0 ], [ -49.239152, -25.526373, 0.0 ], [ -49.239699, -25.526998, 0.0 ], [ -49.239841, -25.527168, 0.0 ], [ -49.239905, -25.527245, 0.0 ], [ -49.239945, -25.527306, 0.0 ], [ -49.239988, -25.527373, 0.0 ], [ -49.240022, -25.527425, 0.0 ], [ -49.240027, -25.527433, 0.0 ], [ -49.240447, -25.527312, 0.0 ], [ -49.240855, -25.527203, 0.0 ], [ -49.241145, -25.527127, 0.0 ], [ -49.241992, -25.526946, 0.0 ], [ -49.243139, -25.526698, 0.0 ], [ -49.243688, -25.526488, 0.0 ], [ -49.243918, -25.526285, 0.0 ], [ -49.243918, -25.526284, 0.0 ], [ -49.244025, -25.526068, 0.0 ], [ -49.244105, -25.525907, 0.0 ], [ -49.244185, -25.525745, 0.0 ], [ -49.244572, -25.525578, 0.0 ], [ -49.248184, -25.529152, 0.0 ] ] ] } },
{ "type": "Feature", "properties": { "Name": "3037", "description": "descrição: <br>IDENTIFICA: 4403037<br>SETOR: 3037 - TER/QUI/SAB - DIURNO - POSTO 09 - DOMICILIAR<br>APELIDO: 3037<br>MACROSETOR: POSTO 09 - DOMICILIAR<br>COR: 255.000<br>FREQUENCIA: TER/QUI/SAB - DIURNO<br>layer: 3037<br>path: G:/Drives compartilhados/J_NEGRAO_CCO/45 - Monitoramento/Paulo Lima/KMLKMZ Curitiba/Diurno/Ter-Qui-Sab/9/3037/3037 - TER/QUI/SAB - DIURNO - POSTO 09 - DOMICILIAR/3037.shp", "timestamp": null, "begin": null, "end": null, "altitudeMode": null, "tessellate": -1, "extrude": 0, "visibility": -1, "drawOrder": null, "icon": null, "descri____o": "", "id": null, "IDENTIFICA": "4403037", "SETOR": "3037 - TER/QUI/SAB - DIURNO - POSTO 09 - DOMICILIAR", "APELIDO": "3037", "MACROSETOR": "POSTO 09 - DOMICILIAR", "COR": "255.000", "FREQUENCIA": "TER/QUI/SAB - DIURNO", "layer": "3037", "path": "G:/Drives compartilhados/J_NEGRAO_CCO/45 - Monitoramento/Paulo Lima/KMLKMZ Curitiba/Diurno/Ter-Qui-Sab/9/3037/3037 - TER/QUI/SAB - DIURNO - POSTO 09 - DOMICILIAR/3037.shp", "OBJECTID": null, "TURNO": null, "POSTO": null, "FreqTurno": null, "X_SEMANA": null, "TER": null, "QUI": null, "SAB": null, "SEG": null, "QUA": null, "SEX": null }, "geometry": { "type": "Polygon", "coordinates": [ [ [ -49.247144, -25.524869, 0.0 ], [ -49.248068, -25.524914, 0.0 ], [ -49.248724, -25.524891, 0.0 ], [ -49.24918, -25.524927, 0.0 ], [ -49.24967, -25.525082, 0.0 ], [ -49.250109, -25.525359, 0.0 ], [ -49.250245, -25.525485, 0.0 ], [ -49.250574, -25.525792, 0.0 ], [ -49.251235, -25.526387, 0.0 ], [ -49.251558, -25.526677, 0.0 ], [ -49.251658, -25.526729, 0.0 ], [ -49.251905, -25.526858, 0.0 ], [ -49.251408, -25.527099, 0.0 ], [ -49.251193, -25.527203, 0.0 ], [ -49.251184, -25.527208, 0.0 ], [ -49.251183, -25.527208, 0.0 ], [ -49.253744, -25.530017, 0.0 ], [ -49.253585, -25.530571, 0.0 ], [ -49.253513, -25.530778, 0.0 ], [ -49.255129, -25.531161, 0.0 ], [ -49.256503, -25.531488, 0.0 ], [ -49.256162, -25.531816, 0.0 ], [ -49.255698, -25.532178, 0.0 ], [ -49.255445, -25.532306, 0.0 ], [ -49.255151, -25.532368, 0.0 ], [ -49.254883, -25.532357, 0.0 ], [ -49.254217, -25.532934, 0.0 ], [ -49.254123, -25.533033, 0.0 ], [ -49.253992, -25.53315, 0.0 ], [ -49.251046, -25.536005, 0.0 ], [ -49.250746, -25.535681, 0.0 ], [ -49.250383, -25.535402, 0.0 ], [ -49.247143, -25.534639, 0.0 ], [ -49.245218, -25.534063, 0.0 ], [ -49.244289, -25.533823, 0.0 ], [ -49.24348, -25.533664, 0.0 ], [ -49.243623, -25.533288, 0.0 ], [ -49.243945, -25.532571, 0.0 ], [ -49.244034, -25.532264, 0.0 ], [ -49.244126, -25.531949, 0.0 ], [ -49.244263, -25.531082, 0.0 ], [ -49.245715, -25.530607, 0.0 ], [ -49.2464, -25.530364, 0.0 ], [ -49.246479, -25.530336, 0.0 ], [ -49.247168, -25.529935, 0.0 ], [ -49.247506, -25.529705, 0.0 ], [ -49.247836, -25.52939, 0.0 ], [ -49.24799, -25.529243, 0.0 ], [ -49.248184, -25.529152, 0.0 ], [ -49.244572, -25.525578, 0.0 ], [ -49.245057, -25.525381, 0.0 ], [ -49.24519, -25.525312, 0.0 ], [ -49.245267, -25.525283, 0.0 ], [ -49.245329, -25.52526, 0.0 ], [ -49.245357, -25.525257, 0.0 ], [ -49.245481, -25.525244, 0.0 ], [ -49.245753, -25.525312, 0.0 ], [ -49.245933, -25.525362, 0.0 ], [ -49.245962, -25.52537, 0.0 ], [ -49.245963, -25.52537, 0.0 ], [ -49.246086, -25.525384, 0.0 ], [ -49.24618, -25.525373, 0.0 ], [ -49.246357, -25.525352, 0.0 ], [ -49.246477, -25.525326, 0.0 ], [ -49.246664, -25.525197, 0.0 ], [ -49.247144, -25.524869, 0.0 ] ] ] } },
{ "type": "Feature", "properties": { "Name": "3038", "description": "descrição: <br>IDENTIFICA: 4403038<br>SETOR: 3038 - TER/QUI/SAB - DIURNO - POSTO 09 - DOMICILIAR<br>APELIDO: 3038<br>MACROSETOR: POSTO 09 - DOMICILIAR<br>COR: 255.000<br>FREQUENCIA: TER/QUI/SAB - DIURNO<br>layer: 3038<br>path: G:/Drives compartilhados/J_NEGRAO_CCO/45 - Monitoramento/Paulo Lima/KMLKMZ Curitiba/Diurno/Ter-Qui-Sab/9/3038/3038 - TER/QUI/SAB - DIURNO - POSTO 09 - DOMICILIAR/3038.shp", "timestamp": null, "begin": null, "end": null, "altitudeMode": null, "tessellate": -1, "extrude": 0, "visibility": -1, "drawOrder": null, "icon": null, "descri____o": "", "id": null, "IDENTIFICA": "4403038", "SETOR": "3038 - TER/QUI/SAB - DIURNO - POSTO 09 - DOMICILIAR", "APELIDO": "3038", "MACROSETOR": "POSTO 09 - DOMICILIAR", "COR": "255.000", "FREQUENCIA": "TER/QUI/SAB - DIURNO", "layer": "3038", "path": "G:/Drives compartilhados/J_NEGRAO_CCO/45 - Monitoramento/Paulo Lima/KMLKMZ Curitiba/Diurno/Ter-Qui-Sab/9/3038/3038 - TER/QUI/SAB - DIURNO - POSTO 09 - DOMICILIAR/3038.shp", "OBJECTID": null, "TURNO": null, "POSTO": null, "FreqTurno": null, "X_SEMANA": null, "TER": null, "QUI": null, "SAB": null, "SEG": null, "QUA": null, "SEX": null }, "geometry": { "type": "Polygon", "coordinates": [ [ [ -49.24787, -25.540533, 0.0 ], [ -49.247785, -25.540701, 0.0 ], [ -49.247502, -25.541176, 0.0 ], [ -49.2471, -25.541973, 0.0 ], [ -49.247037, -25.542197, 0.0 ], [ -49.247023, -25.542454, 0.0 ], [ -49.247076, -25.542621, 0.0 ], [ -49.247201, -25.542936, 0.0 ], [ -49.247233, -25.543195, 0.0 ], [ -49.247305, -25.543419, 0.0 ], [ -49.247379, -25.544156, 0.0 ], [ -49.247505, -25.544639, 0.0 ], [ -49.247567, -25.545185, 0.0 ], [ -49.247486, -25.545466, 0.0 ], [ -49.247311, -25.545613, 0.0 ], [ -49.246937, -25.545811, 0.0 ], [ -49.246603, -25.546034, 0.0 ], [ -49.24642, -25.546226, 0.0 ], [ -49.246139, -25.546711, 0.0 ], [ -49.246033, -25.546909, 0.0 ], [ -49.245981, -25.54705, 0.0 ], [ -49.245824, -25.54747, 0.0 ], [ -49.245609, -25.548011, 0.0 ], [ -49.245408, -25.548517, 0.0 ], [ -49.245199, -25.54909, 0.0 ], [ -49.244985, -25.54959, 0.0 ], [ -49.24454, -25.550788, 0.0 ], [ -49.24435, -25.551234, 0.0 ], [ -49.24419, -25.551695, 0.0 ], [ -49.244023, -25.552157, 0.0 ], [ -49.243793, -25.552806, 0.0 ], [ -49.243593, -25.553209, 0.0 ], [ -49.243431, -25.553771, 0.0 ], [ -49.24333, -25.554112, 0.0 ], [ -49.243312, -25.554372, 0.0 ], [ -49.243462, -25.554659, 0.0 ], [ -49.24347, -25.554808, 0.0 ], [ -49.243519, -25.55509, 0.0 ], [ -49.243562, -25.55536, 0.0 ], [ -49.243609, -25.555827, 0.0 ], [ -49.24362, -25.556191, 0.0 ], [ -49.243545, -25.556496, 0.0 ], [ -49.243431, -25.556779, 0.0 ], [ -49.243372, -25.556948, 0.0 ], [ -49.243081, -25.557636, 0.0 ], [ -49.242723, -25.558417, 0.0 ], [ -49.242513, -25.558946, 0.0 ], [ -49.242531, -25.559219, 0.0 ], [ -49.242713, -25.559672, 0.0 ], [ -49.242954, -25.560175, 0.0 ], [ -49.24294, -25.56037, 0.0 ], [ -49.24302, -25.560677, 0.0 ], [ -49.243085, -25.560908, 0.0 ], [ -49.243058, -25.56119, 0.0 ], [ -49.242923, -25.561572, 0.0 ], [ -49.242753, -25.561969, 0.0 ], [ -49.24265, -25.56207, 0.0 ], [ -49.242466, -25.562313, 0.0 ], [ -49.24209, -25.562958, 0.0 ], [ -49.241599, -25.563776, 0.0 ], [ -49.241363, -25.564121, 0.0 ], [ -49.240946, -25.564858, 0.0 ], [ -49.240873, -25.565014, 0.0 ], [ -49.240654, -25.564912, 0.0 ], [ -49.230512, -25.558268, 0.0 ], [ -49.227732, -25.555545, 0.0 ], [ -49.225766, -25.55232, 0.0 ], [ -49.225067, -25.550969, 0.0 ], [ -49.22466, -25.550432, 0.0 ], [ -49.224271, -25.549931, 0.0 ], [ -49.224089, -25.549757, 0.0 ], [ -49.2237, -25.549207, 0.0 ], [ -49.223419, -25.548859, 0.0 ], [ -49.222984, -25.548366, 0.0 ], [ -49.222875, -25.547983, 0.0 ], [ -49.222904, -25.547654, 0.0 ], [ -49.223198, -25.547209, 0.0 ], [ -49.223568, -25.546561, 0.0 ], [ -49.223805, -25.546223, 0.0 ], [ -49.224511, -25.545389, 0.0 ], [ -49.22509, -25.544827, 0.0 ], [ -49.225536, -25.544294, 0.0 ], [ -49.225597, -25.544115, 0.0 ], [ -49.225666, -25.543798, 0.0 ], [ -49.225567, -25.543599, 0.0 ], [ -49.225122, -25.543281, 0.0 ], [ -49.224851, -25.543169, 0.0 ], [ -49.224546, -25.543055, 0.0 ], [ -49.224099, -25.542935, 0.0 ], [ -49.223906, -25.54284, 0.0 ], [ -49.223622, -25.542598, 0.0 ], [ -49.223544, -25.542465, 0.0 ], [ -49.223522, -25.542169, 0.0 ], [ -49.223728, -25.54175, 0.0 ], [ -49.224021, -25.541414, 0.0 ], [ -49.224024, -25.541413, 0.0 ], [ -49.231966, -25.540464, 0.0 ], [ -49.23219, -25.540437, 0.0 ], [ -49.232192, -25.540437, 0.0 ], [ -49.234811, -25.542091, 0.0 ], [ -49.235699, -25.542107, 0.0 ], [ -49.236583, -25.542025, 0.0 ], [ -49.236995, -25.541882, 0.0 ], [ -49.237155, -25.541671, 0.0 ], [ -49.237156, -25.541671, 0.0 ], [ -49.236848, -25.540479, 0.0 ], [ -49.237279, -25.540803, 0.0 ], [ -49.239446, -25.541185, 0.0 ], [ -49.241839, -25.541328, 0.0 ], [ -49.241693, -25.54024, 0.0 ], [ -49.241823, -25.538495, 0.0 ], [ -49.241844, -25.538215, 0.0 ], [ -49.241949, -25.53744, 0.0 ], [ -49.242082, -25.536686, 0.0 ], [ -49.242204, -25.536228, 0.0 ], [ -49.242268, -25.535988, 0.0 ], [ -49.242505, -25.535491, 0.0 ], [ -49.2427, -25.535175, 0.0 ], [ -49.242702, -25.535176, 0.0 ], [ -49.243042, -25.534568, 0.0 ], [ -49.243342, -25.53403, 0.0 ], [ -49.24348, -25.533664, 0.0 ], [ -49.244289, -25.533823, 0.0 ], [ -49.245218, -25.534063, 0.0 ], [ -49.247143, -25.534639, 0.0 ], [ -49.250383, -25.535402, 0.0 ], [ -49.250746, -25.535681, 0.0 ], [ -49.251046, -25.536006, 0.0 ], [ -49.250696, -25.536336, 0.0 ], [ -49.249888, -25.537033, 0.0 ], [ -49.249388, -25.537397, 0.0 ], [ -49.248204, -25.539833, 0.0 ], [ -49.248022, -25.540278, 0.0 ], [ -49.24787, -25.540533, 0.0 ] ] ] } },
{ "type": "Feature", "properties": { "Name": "3039", "description": "descrição: <br>IDENTIFICA: 4403039<br>SETOR: 3039 - TER/QUI/SAB - DIURNO - POSTO 09 - DOMICILIAR<br>APELIDO: 3039<br>MACROSETOR: POSTO 09 - DOMICILIAR<br>COR: 4227200.000<br>FREQUENCIA: TER/QUI/SAB - DIURNO<br>layer: 3039<br>path: G:/Drives compartilhados/J_NEGRAO_CCO/45 - Monitoramento/Paulo Lima/KMLKMZ Curitiba/Diurno/Ter-Qui-Sab/9/3039/3039 - TER/QUI/SAB - DIURNO - POSTO 09 - DOMICILIAR/3039.shp", "timestamp": null, "begin": null, "end": null, "altitudeMode": null, "tessellate": -1, "extrude": 0, "visibility": -1, "drawOrder": null, "icon": null, "descri____o": "", "id": null, "IDENTIFICA": "4403039", "SETOR": "3039 - TER/QUI/SAB - DIURNO - POSTO 09 - DOMICILIAR", "APELIDO": "3039", "MACROSETOR": "POSTO 09 - DOMICILIAR", "COR": "4227200.000", "FREQUENCIA": "TER/QUI/SAB - DIURNO", "layer": "3039", "path": "G:/Drives compartilhados/J_NEGRAO_CCO/45 - Monitoramento/Paulo Lima/KMLKMZ Curitiba/Diurno/Ter-Qui-Sab/9/3039/3039 - TER/QUI/SAB - DIURNO - POSTO 09 - DOMICILIAR/3039.shp", "OBJECTID": null, "TURNO": null, "POSTO": null, "FreqTurno": null, "X_SEMANA": null, "TER": null, "QUI": null, "SAB": null, "SEG": null, "QUA": null, "SEX": null }, "geometry": { "type": "Polygon", "coordinates": [ [ [ -49.236464, -25.526631, 0.0 ], [ -49.236003, -25.527629, 0.0 ], [ -49.235592, -25.528475, 0.0 ], [ -49.235584, -25.528696, 0.0 ], [ -49.23548, -25.528734, 0.0 ], [ -49.235454, -25.528744, 0.0 ], [ -49.234481, -25.529098, 0.0 ], [ -49.23425, -25.529182, 0.0 ], [ -49.231952, -25.530544, 0.0 ], [ -49.230658, -25.531103, 0.0 ], [ -49.233562, -25.535237, 0.0 ], [ -49.2368, -25.540417, 0.0 ], [ -49.236801, -25.540418, 0.0 ], [ -49.23685, -25.540479, 0.0 ], [ -49.236848, -25.540479, 0.0 ], [ -49.237156, -25.541671, 0.0 ], [ -49.237155, -25.541671, 0.0 ], [ -49.236995, -25.541882, 0.0 ], [ -49.236583, -25.542025, 0.0 ], [ -49.235699, -25.542107, 0.0 ], [ -49.234811, -25.542091, 0.0 ], [ -49.232192, -25.540437, 0.0 ], [ -49.23219, -25.540437, 0.0 ], [ -49.232161, -25.540441, 0.0 ], [ -49.231966, -25.540464, 0.0 ], [ -49.224024, -25.541413, 0.0 ], [ -49.224076, -25.541354, 0.0 ], [ -49.224424, -25.54084, 0.0 ], [ -49.224635, -25.540485, 0.0 ], [ -49.224821, -25.540172, 0.0 ], [ -49.225705, -25.539083, 0.0 ], [ -49.225922, -25.538728, 0.0 ], [ -49.225867, -25.538481, 0.0 ], [ -49.225808, -25.537889, 0.0 ], [ -49.225704, -25.537532, 0.0 ], [ -49.225445, -25.53706, 0.0 ], [ -49.22535, -25.536775, 0.0 ], [ -49.225327, -25.536731, 0.0 ], [ -49.225211, -25.536516, 0.0 ], [ -49.22495, -25.53603, 0.0 ], [ -49.224545, -25.535303, 0.0 ], [ -49.224329, -25.534899, 0.0 ], [ -49.224213, -25.534682, 0.0 ], [ -49.224138, -25.534247, 0.0 ], [ -49.223798, -25.533501, 0.0 ], [ -49.223526, -25.533235, 0.0 ], [ -49.223134, -25.53316, 0.0 ], [ -49.222554, -25.533445, 0.0 ], [ -49.222237, -25.533754, 0.0 ], [ -49.221703, -25.534186, 0.0 ], [ -49.22135, -25.53424, 0.0 ], [ -49.220456, -25.534066, 0.0 ], [ -49.219843, -25.533799, 0.0 ], [ -49.218973, -25.533372, 0.0 ], [ -49.218562, -25.533067, 0.0 ], [ -49.218206, -25.532518, 0.0 ], [ -49.217805, -25.531933, 0.0 ], [ -49.217269, -25.530994, 0.0 ], [ -49.216468, -25.529608, 0.0 ], [ -49.218409, -25.52868, 0.0 ], [ -49.220423, -25.527786, 0.0 ], [ -49.22341, -25.526413, 0.0 ], [ -49.224671, -25.525695, 0.0 ], [ -49.225585, -25.524984, 0.0 ], [ -49.226296, -25.524151, 0.0 ], [ -49.222468, -25.519285, 0.0 ], [ -49.224415, -25.520069, 0.0 ], [ -49.226774, -25.521022, 0.0 ], [ -49.226819, -25.52104, 0.0 ], [ -49.227844, -25.521454, 0.0 ], [ -49.229995, -25.522333, 0.0 ], [ -49.23231, -25.523281, 0.0 ], [ -49.233113, -25.523614, 0.0 ], [ -49.233471, -25.523755, 0.0 ], [ -49.233345, -25.523972, 0.0 ], [ -49.232529, -25.525664, 0.0 ], [ -49.235383, -25.526329, 0.0 ], [ -49.236464, -25.526631, 0.0 ] ] ] } },
{ "type": "Feature", "properties": { "Name": "3040", "description": "descrição: <br>IDENTIFICA: 4403040<br>SETOR: 3040 - TER/QUI/SAB - DIURNO - POSTO 09 - DOMICILIAR<br>APELIDO: 3040<br>MACROSETOR: POSTO 09 - DOMICILIAR<br>COR: 8388736.000<br>FREQUENCIA: TER/QUI/SAB - DIURNO<br>layer: 3040<br>path: G:/Drives compartilhados/J_NEGRAO_CCO/45 - Monitoramento/Paulo Lima/KMLKMZ Curitiba/Diurno/Ter-Qui-Sab/9/3040/3040 - TER/QUI/SAB - DIURNO - POSTO 09 - DOMICILIAR/3040.shp", "timestamp": null, "begin": null, "end": null, "altitudeMode": null, "tessellate": -1, "extrude": 0, "visibility": -1, "drawOrder": null, "icon": null, "descri____o": "", "id": null, "IDENTIFICA": "4403040", "SETOR": "3040 - TER/QUI/SAB - DIURNO - POSTO 09 - DOMICILIAR", "APELIDO": "3040", "MACROSETOR": "POSTO 09 - DOMICILIAR", "COR": "8388736.000", "FREQUENCIA": "TER/QUI/SAB - DIURNO", "layer": "3040", "path": "G:/Drives compartilhados/J_NEGRAO_CCO/45 - Monitoramento/Paulo Lima/KMLKMZ Curitiba/Diurno/Ter-Qui-Sab/9/3040/3040 - TER/QUI/SAB - DIURNO - POSTO 09 - DOMICILIAR/3040.shp", "OBJECTID": null, "TURNO": null, "POSTO": null, "FreqTurno": null, "X_SEMANA": null, "TER": null, "QUI": null, "SAB": null, "SEG": null, "QUA": null, "SEX": null }, "geometry": { "type": "Polygon", "coordinates": [ [ [ -49.236801, -25.540418, 0.0 ], [ -49.2368, -25.540417, 0.0 ], [ -49.233562, -25.535237, 0.0 ], [ -49.230658, -25.531103, 0.0 ], [ -49.231952, -25.530544, 0.0 ], [ -49.23425, -25.529182, 0.0 ], [ -49.234481, -25.529098, 0.0 ], [ -49.235584, -25.528696, 0.0 ], [ -49.235848, -25.529312, 0.0 ], [ -49.235922, -25.529484, 0.0 ], [ -49.237785, -25.533837, 0.0 ], [ -49.238134, -25.533615, 0.0 ], [ -49.23956, -25.53274, 0.0 ], [ -49.239926, -25.532497, 0.0 ], [ -49.24028, -25.532298, 0.0 ], [ -49.242034, -25.531747, 0.0 ], [ -49.242443, -25.531596, 0.0 ], [ -49.244161, -25.531115, 0.0 ], [ -49.244263, -25.531082, 0.0 ], [ -49.244126, -25.531949, 0.0 ], [ -49.244034, -25.532264, 0.0 ], [ -49.243945, -25.532571, 0.0 ], [ -49.243623, -25.533288, 0.0 ], [ -49.243449, -25.533747, 0.0 ], [ -49.243344, -25.534025, 0.0 ], [ -49.242707, -25.535168, 0.0 ], [ -49.242703, -25.535175, 0.0 ], [ -49.242702, -25.535176, 0.0 ], [ -49.2427, -25.535175, 0.0 ], [ -49.242505, -25.535491, 0.0 ], [ -49.242268, -25.535988, 0.0 ], [ -49.242204, -25.536228, 0.0 ], [ -49.242082, -25.536686, 0.0 ], [ -49.241949, -25.53744, 0.0 ], [ -49.241844, -25.538215, 0.0 ], [ -49.241823, -25.538495, 0.0 ], [ -49.241693, -25.54024, 0.0 ], [ -49.241839, -25.541328, 0.0 ], [ -49.239449, -25.541185, 0.0 ], [ -49.237279, -25.540803, 0.0 ], [ -49.236848, -25.540479, 0.0 ], [ -49.236801, -25.540418, 0.0 ] ] ] } },
{ "type": "Feature", "properties": { "Name": "3041", "description": "descrição: <br>IDENTIFICA: 4403041<br>SETOR: 3041 - TER/QUI/SAB - DIURNO - POSTO 09 - DOMICILIAR<br>APELIDO: 3041<br>MACROSETOR: POSTO 09 - DOMICILIAR<br>COR: 8388863.000<br>FREQUENCIA: TER/QUI/SAB - DIURNO<br>layer: 3041<br>path: G:/Drives compartilhados/J_NEGRAO_CCO/45 - Monitoramento/Paulo Lima/KMLKMZ Curitiba/Diurno/Ter-Qui-Sab/9/3041/3041 - TER/QUI/SAB - DIURNO - POSTO 09 - DOMICILIAR/3041.shp", "timestamp": null, "begin": null, "end": null, "altitudeMode": null, "tessellate": -1, "extrude": 0, "visibility": -1, "drawOrder": null, "icon": null, "descri____o": "", "id": null, "IDENTIFICA": "4403041", "SETOR": "3041 - TER/QUI/SAB - DIURNO - POSTO 09 - DOMICILIAR", "APELIDO": "3041", "MACROSETOR": "POSTO 09 - DOMICILIAR", "COR": "8388863.000", "FREQUENCIA": "TER/QUI/SAB - DIURNO", "layer": "3041", "path": "G:/Drives compartilhados/J_NEGRAO_CCO/45 - Monitoramento/Paulo Lima/KMLKMZ Curitiba/Diurno/Ter-Qui-Sab/9/3041/3041 - TER/QUI/SAB - DIURNO - POSTO 09 - DOMICILIAR/3041.shp", "OBJECTID": null, "TURNO": null, "POSTO": null, "FreqTurno": null, "X_SEMANA": null, "TER": null, "QUI": null, "SAB": null, "SEG": null, "QUA": null, "SEX": null }, "geometry": { "type": "Polygon", "coordinates": [ [ [ -49.204029, -25.494633, 0.0 ], [ -49.204083, -25.494728, 0.0 ], [ -49.205047, -25.496118, 0.0 ], [ -49.207283, -25.49946, 0.0 ], [ -49.208581, -25.50137, 0.0 ], [ -49.208882, -25.501747, 0.0 ], [ -49.208976, -25.501865, 0.0 ], [ -49.20928, -25.502246, 0.0 ], [ -49.2097, -25.502515, 0.0 ], [ -49.210259, -25.502503, 0.0 ], [ -49.210814, -25.502393, 0.0 ], [ -49.211048, -25.502478, 0.0 ], [ -49.21152, -25.502959, 0.0 ], [ -49.212316, -25.50406, 0.0 ], [ -49.213254, -25.505424, 0.0 ], [ -49.213838, -25.506302, 0.0 ], [ -49.215068, -25.50737, 0.0 ], [ -49.214587, -25.507918, 0.0 ], [ -49.214536, -25.507982, 0.0 ], [ -49.214446, -25.508118, 0.0 ], [ -49.20994, -25.513015, 0.0 ], [ -49.209119, -25.514044, 0.0 ], [ -49.208949, -25.514408, 0.0 ], [ -49.208893, -25.515064, 0.0 ], [ -49.208872, -25.515319, 0.0 ], [ -49.208397, -25.515224, 0.0 ], [ -49.208015, -25.514957, 0.0 ], [ -49.207798, -25.514496, 0.0 ], [ -49.206679, -25.510099, 0.0 ], [ -49.206583, -25.508631, 0.0 ], [ -49.206499, -25.508261, 0.0 ], [ -49.204846, -25.506879, 0.0 ], [ -49.203523, -25.50587, 0.0 ], [ -49.202831, -25.505332, 0.0 ], [ -49.201629, -25.504118, 0.0 ], [ -49.200152, -25.502718, 0.0 ], [ -49.199201, -25.501824, 0.0 ], [ -49.198633, -25.501161, 0.0 ], [ -49.197913, -25.499316, 0.0 ], [ -49.197339, -25.497962, 0.0 ], [ -49.197104, -25.497408, 0.0 ], [ -49.195171, -25.49243, 0.0 ], [ -49.196579, -25.492164, 0.0 ], [ -49.198039, -25.491825, 0.0 ], [ -49.199593, -25.491332, 0.0 ], [ -49.199423, -25.490994, 0.0 ], [ -49.199073, -25.490695, 0.0 ], [ -49.199557, -25.490419, 0.0 ], [ -49.199916, -25.490198, 0.0 ], [ -49.202169, -25.490547, 0.0 ], [ -49.20246, -25.491461, 0.0 ], [ -49.20307, -25.492924, 0.0 ], [ -49.203888, -25.494692, 0.0 ], [ -49.204029, -25.494633, 0.0 ] ] ] } },
{ "type": "Feature", "properties": { "Name": "3042", "description": "descrição: <br>IDENTIFICA: 4403042<br>SETOR: 3042 - TER/QUI/SAB - DIURNO - POSTO 09 - DOMICILIAR<br>APELIDO: 3042<br>MACROSETOR: POSTO 09 - DOMICILIAR<br>COR: 16711680.000<br>FREQUENCIA: TER/QUI/SAB - DIURNO<br>layer: 3042<br>path: G:/Drives compartilhados/J_NEGRAO_CCO/45 - Monitoramento/Paulo Lima/KMLKMZ Curitiba/Diurno/Ter-Qui-Sab/9/3042/3042 - TER/QUI/SAB - DIURNO - POSTO 09 - DOMICILIAR/3042.shp", "timestamp": null, "begin": null, "end": null, "altitudeMode": null, "tessellate": -1, "extrude": 0, "visibility": -1, "drawOrder": null, "icon": null, "descri____o": "", "id": null, "IDENTIFICA": "4403042", "SETOR": "3042 - TER/QUI/SAB - DIURNO - POSTO 09 - DOMICILIAR", "APELIDO": "3042", "MACROSETOR": "POSTO 09 - DOMICILIAR", "COR": "16711680.000", "FREQUENCIA": "TER/QUI/SAB - DIURNO", "layer": "3042", "path": "G:/Drives compartilhados/J_NEGRAO_CCO/45 - Monitoramento/Paulo Lima/KMLKMZ Curitiba/Diurno/Ter-Qui-Sab/9/3042/3042 - TER/QUI/SAB - DIURNO - POSTO 09 - DOMICILIAR/3042.shp", "OBJECTID": null, "TURNO": null, "POSTO": null, "FreqTurno": null, "X_SEMANA": null, "TER": null, "QUI": null, "SAB": null, "SEG": null, "QUA": null, "SEX": null }, "geometry": { "type": "Polygon", "coordinates": [ [ [ -49.20928, -25.502246, 0.0 ], [ -49.208976, -25.501865, 0.0 ], [ -49.208882, -25.501747, 0.0 ], [ -49.208581, -25.50137, 0.0 ], [ -49.207283, -25.49946, 0.0 ], [ -49.205047, -25.496118, 0.0 ], [ -49.204083, -25.494728, 0.0 ], [ -49.204029, -25.494633, 0.0 ], [ -49.203888, -25.494692, 0.0 ], [ -49.20307, -25.492924, 0.0 ], [ -49.20246, -25.491461, 0.0 ], [ -49.202169, -25.490547, 0.0 ], [ -49.202165, -25.490525, 0.0 ], [ -49.202116, -25.490384, 0.0 ], [ -49.20211, -25.490367, 0.0 ], [ -49.202041, -25.490165, 0.0 ], [ -49.202011, -25.490056, 0.0 ], [ -49.201959, -25.489855, 0.0 ], [ -49.201954, -25.489834, 0.0 ], [ -49.201915, -25.489722, 0.0 ], [ -49.201886, -25.489642, 0.0 ], [ -49.201857, -25.48956, 0.0 ], [ -49.201296, -25.48805, 0.0 ], [ -49.203886, -25.486886, 0.0 ], [ -49.205089, -25.490134, 0.0 ], [ -49.205198, -25.490445, 0.0 ], [ -49.2052, -25.490743, 0.0 ], [ -49.206287, -25.490988, 0.0 ], [ -49.207198, -25.491174, 0.0 ], [ -49.207532, -25.492137, 0.0 ], [ -49.207844, -25.492958, 0.0 ], [ -49.207818, -25.492557, 0.0 ], [ -49.208086, -25.49145, 0.0 ], [ -49.208238, -25.490928, 0.0 ], [ -49.208329, -25.490737, 0.0 ], [ -49.208842, -25.489916, 0.0 ], [ -49.209382, -25.489047, 0.0 ], [ -49.209688, -25.488554, 0.0 ], [ -49.210244, -25.487628, 0.0 ], [ -49.210423, -25.487491, 0.0 ], [ -49.210718, -25.487388, 0.0 ], [ -49.211005, -25.487213, 0.0 ], [ -49.21123, -25.487014, 0.0 ], [ -49.21146, -25.486725, 0.0 ], [ -49.211528, -25.48667, 0.0 ], [ -49.21223, -25.48887, 0.0 ], [ -49.213579, -25.493675, 0.0 ], [ -49.213609, -25.493628, 0.0 ], [ -49.214995, -25.491765, 0.0 ], [ -49.215059, -25.491679, 0.0 ], [ -49.216559, -25.496822, 0.0 ], [ -49.214914, -25.497829, 0.0 ], [ -49.213627, -25.498622, 0.0 ], [ -49.212775, -25.499256, 0.0 ], [ -49.211652, -25.500461, 0.0 ], [ -49.2097, -25.502515, 0.0 ], [ -49.20928, -25.502246, 0.0 ] ] ] } },
{ "type": "Feature", "properties": { "Name": "3043", "description": "descrição: <br>IDENTIFICA: 4403043<br>SETOR: 3043 - TER/QUI/SAB - DIURNO - POSTO 09 - DOMICILIAR<br>APELIDO: 3043<br>MACROSETOR: POSTO 09 - DOMICILIAR<br>COR: 4227072.000<br>FREQUENCIA: TER/QUI/SAB - DIURNO<br>layer: 3043<br>path: G:/Drives compartilhados/J_NEGRAO_CCO/45 - Monitoramento/Paulo Lima/KMLKMZ Curitiba/Diurno/Ter-Qui-Sab/9/3043/3043 - TER/QUI/SAB - DIURNO - POSTO 09 - DOMICILIAR/3043.shp", "timestamp": null, "begin": null, "end": null, "altitudeMode": null, "tessellate": -1, "extrude": 0, "visibility": -1, "drawOrder": null, "icon": null, "descri____o": "", "id": null, "IDENTIFICA": "4403043", "SETOR": "3043 - TER/QUI/SAB - DIURNO - POSTO 09 - DOMICILIAR", "APELIDO": "3043", "MACROSETOR": "POSTO 09 - DOMICILIAR", "COR": "4227072.000", "FREQUENCIA": "TER/QUI/SAB - DIURNO", "layer": "3043", "path": "G:/Drives compartilhados/J_NEGRAO_CCO/45 - Monitoramento/Paulo Lima/KMLKMZ Curitiba/Diurno/Ter-Qui-Sab/9/3043/3043 - TER/QUI/SAB - DIURNO - POSTO 09 - DOMICILIAR/3043.shp", "OBJECTID": null, "TURNO": null, "POSTO": null, "FreqTurno": null, "X_SEMANA": null, "TER": null, "QUI": null, "SAB": null, "SEG": null, "QUA": null, "SEX": null }, "geometry": { "type": "Polygon", "coordinates": [ [ [ -49.2194317, -25.4858573, 0.0 ], [ -49.221733, -25.485983, 0.0 ], [ -49.223246, -25.486467, 0.0 ], [ -49.223471, -25.486961, 0.0 ], [ -49.223341, -25.486966, 0.0 ], [ -49.228438, -25.490599, 0.0 ], [ -49.228577, -25.490699, 0.0 ], [ -49.229519, -25.491378, 0.0 ], [ -49.229488, -25.491414, 0.0 ], [ -49.229488, -25.491415, 0.0 ], [ -49.229487, -25.491416, 0.0 ], [ -49.229219, -25.491712, 0.0 ], [ -49.228935, -25.492047, 0.0 ], [ -49.228646, -25.492385, 0.0 ], [ -49.228294, -25.492769, 0.0 ], [ -49.228209, -25.49286, 0.0 ], [ -49.227739, -25.493383, 0.0 ], [ -49.227681, -25.493448, 0.0 ], [ -49.227398, -25.493756, 0.0 ], [ -49.226177, -25.495103, 0.0 ], [ -49.226028, -25.495272, 0.0 ], [ -49.22589, -25.495427, 0.0 ], [ -49.22585, -25.495469, 0.0 ], [ -49.224717, -25.496719, 0.0 ], [ -49.224137, -25.497358, 0.0 ], [ -49.22384, -25.497684, 0.0 ], [ -49.223774, -25.49776, 0.0 ], [ -49.222693, -25.498954, 0.0 ], [ -49.222601, -25.499054, 0.0 ], [ -49.222516, -25.499147, 0.0 ], [ -49.222441, -25.499228, 0.0 ], [ -49.222566, -25.498516, 0.0 ], [ -49.222461, -25.49767, 0.0 ], [ -49.221781, -25.497819, 0.0 ], [ -49.219862, -25.493379, 0.0 ], [ -49.217039, -25.496383, 0.0 ], [ -49.216736, -25.496683, 0.0 ], [ -49.216559, -25.496822, 0.0 ], [ -49.215059, -25.491679, 0.0 ], [ -49.214995, -25.491765, 0.0 ], [ -49.216388, -25.489798, 0.0 ], [ -49.21664, -25.489456, 0.0 ], [ -49.216862, -25.489155, 0.0 ], [ -49.217179, -25.488725, 0.0 ], [ -49.219244, -25.486027, 0.0 ], [ -49.219265, -25.485998, 0.0 ], [ -49.219308, -25.485978, 0.0 ], [ -49.2194317, -25.4858573, 0.0 ] ] ] } },
{ "type": "Feature", "properties": { "Name": "3044", "description": "descrição: <br>IDENTIFICA: 4403044<br>SETOR: 3044 - TER/QUI/SAB - DIURNO - POSTO 09 - DOMICILIAR<br>APELIDO: 3044<br>MACROSETOR: POSTO 09 - DOMICILIAR<br>COR: 16512.000<br>FREQUENCIA: TER/QUI/SAB - DIURNO<br>layer: 3044<br>path: G:/Drives compartilhados/J_NEGRAO_CCO/45 - Monitoramento/Paulo Lima/KMLKMZ Curitiba/Diurno/Ter-Qui-Sab/9/3044/3044 - TER/QUI/SAB - DIURNO - POSTO 09 - DOMICILIAR/3044.shp", "timestamp": null, "begin": null, "end": null, "altitudeMode": null, "tessellate": -1, "extrude": 0, "visibility": -1, "drawOrder": null, "icon": null, "descri____o": "", "id": null, "IDENTIFICA": "4403044", "SETOR": "3044 - TER/QUI/SAB - DIURNO - POSTO 09 - DOMICILIAR", "APELIDO": "3044", "MACROSETOR": "POSTO 09 - DOMICILIAR", "COR": "16512.000", "FREQUENCIA": "TER/QUI/SAB - DIURNO", "layer": "3044", "path": "G:/Drives compartilhados/J_NEGRAO_CCO/45 - Monitoramento/Paulo Lima/KMLKMZ Curitiba/Diurno/Ter-Qui-Sab/9/3044/3044 - TER/QUI/SAB - DIURNO - POSTO 09 - DOMICILIAR/3044.shp", "OBJECTID": null, "TURNO": null, "POSTO": null, "FreqTurno": null, "X_SEMANA": null, "TER": null, "QUI": null, "SAB": null, "SEG": null, "QUA": null, "SEX": null }, "geometry": { "type": "Polygon", "coordinates": [ [ [ -49.201296, -25.48805, 0.0 ], [ -49.201285, -25.488019, 0.0 ], [ -49.201273, -25.487987, 0.0 ], [ -49.201005, -25.48727, 0.0 ], [ -49.201005, -25.487268, 0.0 ], [ -49.200998, -25.48725, 0.0 ], [ -49.200819, -25.486765, 0.0 ], [ -49.200739, -25.486532, 0.0 ], [ -49.20052, -25.485896, 0.0 ], [ -49.200238, -25.484745, 0.0 ], [ -49.200183, -25.484387, 0.0 ], [ -49.19993, -25.482709, 0.0 ], [ -49.199499, -25.479698, 0.0 ], [ -49.200775, -25.479123, 0.0 ], [ -49.20178, -25.47867, 0.0 ], [ -49.202889, -25.478171, 0.0 ], [ -49.204807, -25.477323, 0.0 ], [ -49.204922, -25.477272, 0.0 ], [ -49.205857, -25.476836, 0.0 ], [ -49.2066, -25.476398, 0.0 ], [ -49.207077, -25.476078, 0.0 ], [ -49.207602, -25.475694, 0.0 ], [ -49.207979, -25.475388, 0.0 ], [ -49.208117, -25.475276, 0.0 ], [ -49.208643, -25.474774, 0.0 ], [ -49.209103, -25.474289, 0.0 ], [ -49.209166, -25.47421, 0.0 ], [ -49.209399, -25.474487, 0.0 ], [ -49.209459, -25.474798, 0.0 ], [ -49.209512, -25.475075, 0.0 ], [ -49.20974, -25.476665, 0.0 ], [ -49.209785, -25.477238, 0.0 ], [ -49.209787, -25.477372, 0.0 ], [ -49.209802, -25.478142, 0.0 ], [ -49.20982, -25.478439, 0.0 ], [ -49.20947, -25.478483, 0.0 ], [ -49.209377, -25.47852, 0.0 ], [ -49.209286, -25.478446, 0.0 ], [ -49.20863, -25.478594, 0.0 ], [ -49.207768, -25.478677, 0.0 ], [ -49.207355, -25.478672, 0.0 ], [ -49.207318, -25.47889, 0.0 ], [ -49.207559, -25.478893, 0.0 ], [ -49.207563, -25.479478, 0.0 ], [ -49.20757, -25.480247, 0.0 ], [ -49.207571, -25.480393, 0.0 ], [ -49.207557, -25.481305, 0.0 ], [ -49.207554, -25.481517, 0.0 ], [ -49.207485, -25.481544, 0.0 ], [ -49.207243, -25.481638, 0.0 ], [ -49.207239, -25.481888, 0.0 ], [ -49.207477, -25.481795, 0.0 ], [ -49.20755, -25.481767, 0.0 ], [ -49.207569, -25.48286, 0.0 ], [ -49.207788, -25.483126, 0.0 ], [ -49.208053, -25.483446, 0.0 ], [ -49.207807, -25.484653, 0.0 ], [ -49.207645, -25.485451, 0.0 ], [ -49.207184, -25.487677, 0.0 ], [ -49.206803, -25.489495, 0.0 ], [ -49.206722, -25.489698, 0.0 ], [ -49.206885, -25.490272, 0.0 ], [ -49.207198, -25.491174, 0.0 ], [ -49.206287, -25.490988, 0.0 ], [ -49.2052, -25.490743, 0.0 ], [ -49.205198, -25.490445, 0.0 ], [ -49.205089, -25.490134, 0.0 ], [ -49.203886, -25.486886, 0.0 ], [ -49.201296, -25.48805, 0.0 ] ] ] } },
{ "type": "Feature", "properties": { "Name": "3045", "description": "descrição: <br>IDENTIFICA: 4403045<br>SETOR: 3045 - TER/QUI/SAB - DIURNO - POSTO 09 - DOMICILIAR<br>APELIDO: 3045<br>MACROSETOR: POSTO 09 - DOMICILIAR<br>COR: 255.000<br>FREQUENCIA: TER/QUI/SAB - DIURNO<br>layer: 3045<br>path: G:/Drives compartilhados/J_NEGRAO_CCO/45 - Monitoramento/Paulo Lima/KMLKMZ Curitiba/Diurno/Ter-Qui-Sab/9/3045/3045 - TER/QUI/SAB - DIURNO - POSTO 09 - DOMICILIAR/3045.shp", "timestamp": null, "begin": null, "end": null, "altitudeMode": null, "tessellate": -1, "extrude": 0, "visibility": -1, "drawOrder": null, "icon": null, "descri____o": "", "id": null, "IDENTIFICA": "4403045", "SETOR": "3045 - TER/QUI/SAB - DIURNO - POSTO 09 - DOMICILIAR", "APELIDO": "3045", "MACROSETOR": "POSTO 09 - DOMICILIAR", "COR": "255.000", "FREQUENCIA": "TER/QUI/SAB - DIURNO", "layer": "3045", "path": "G:/Drives compartilhados/J_NEGRAO_CCO/45 - Monitoramento/Paulo Lima/KMLKMZ Curitiba/Diurno/Ter-Qui-Sab/9/3045/3045 - TER/QUI/SAB - DIURNO - POSTO 09 - DOMICILIAR/3045.shp", "OBJECTID": null, "TURNO": null, "POSTO": null, "FreqTurno": null, "X_SEMANA": null, "TER": null, "QUI": null, "SAB": null, "SEG": null, "QUA": null, "SEX": null }, "geometry": { "type": "Polygon", "coordinates": [ [ [ -49.189856, -25.483965, 0.0 ], [ -49.19448, -25.481922, 0.0 ], [ -49.195011, -25.481687, 0.0 ], [ -49.199499, -25.479698, 0.0 ], [ -49.19993, -25.482709, 0.0 ], [ -49.200183, -25.484387, 0.0 ], [ -49.200238, -25.484745, 0.0 ], [ -49.20052, -25.485896, 0.0 ], [ -49.200739, -25.486532, 0.0 ], [ -49.200819, -25.486765, 0.0 ], [ -49.200998, -25.48725, 0.0 ], [ -49.201005, -25.487268, 0.0 ], [ -49.200999, -25.48727, 0.0 ], [ -49.201857, -25.48956, 0.0 ], [ -49.201915, -25.489722, 0.0 ], [ -49.201954, -25.489834, 0.0 ], [ -49.201959, -25.489855, 0.0 ], [ -49.202011, -25.490056, 0.0 ], [ -49.202041, -25.490165, 0.0 ], [ -49.20211, -25.490367, 0.0 ], [ -49.202165, -25.490525, 0.0 ], [ -49.202169, -25.490547, 0.0 ], [ -49.199916, -25.490198, 0.0 ], [ -49.199557, -25.490419, 0.0 ], [ -49.199073, -25.490695, 0.0 ], [ -49.199423, -25.490994, 0.0 ], [ -49.199593, -25.491332, 0.0 ], [ -49.198039, -25.491825, 0.0 ], [ -49.197551, -25.490616, 0.0 ], [ -49.197133, -25.489611, 0.0 ], [ -49.196569, -25.488628, 0.0 ], [ -49.196285, -25.488313, 0.0 ], [ -49.195892, -25.487984, 0.0 ], [ -49.195679, -25.487744, 0.0 ], [ -49.195491, -25.487344, 0.0 ], [ -49.195434, -25.48722, 0.0 ], [ -49.195284, -25.48728, 0.0 ], [ -49.195064, -25.487211, 0.0 ], [ -49.194735, -25.487136, 0.0 ], [ -49.194474, -25.487102, 0.0 ], [ -49.194314, -25.487063, 0.0 ], [ -49.194218, -25.487015, 0.0 ], [ -49.19414, -25.486934, 0.0 ], [ -49.193996, -25.4866, 0.0 ], [ -49.193804, -25.486263, 0.0 ], [ -49.193696, -25.48611, 0.0 ], [ -49.19353, -25.486166, 0.0 ], [ -49.193369, -25.486235, 0.0 ], [ -49.193232, -25.486303, 0.0 ], [ -49.193133, -25.486415, 0.0 ], [ -49.193026, -25.486496, 0.0 ], [ -49.192886, -25.486516, 0.0 ], [ -49.192784, -25.486501, 0.0 ], [ -49.192604, -25.486289, 0.0 ], [ -49.192441, -25.486066, 0.0 ], [ -49.192236, -25.485834, 0.0 ], [ -49.191375, -25.485446, 0.0 ], [ -49.190768, -25.484792, 0.0 ], [ -49.190509, -25.484433, 0.0 ], [ -49.190235, -25.484193, 0.0 ], [ -49.189856, -25.483965, 0.0 ] ] ] } },
{ "type": "Feature", "properties": { "Name": "2054", "description": "descrição: <br>OBJECTID: 29<br>TURNO: DIURNO<br>FREQUENCIA: SEG/QUA/SEXTA<br>SETOR: 2054<br>POSTO: POSTO 10<br>ID: 22<br>FreqTurno: SEG/QUA/SEXTA, DIURNO<br>X_SEMANA: 3<br>TER: <br>QUI: <br>SAB: <br>layer: POSTO 10 SHP<br>path: G:\\Drives compartilhados\\J_NEGRAO_CCO\\22 - GEOPROCESSAMENTO\\ARRUAMENTO\\jonas\\posto 10\\POSTO 10 SHP.shp<br>SEG: █<br>QUA: █<br>SEX: █", "timestamp": null, "begin": null, "end": null, "altitudeMode": null, "tessellate": -1, "extrude": 0, "visibility": -1, "drawOrder": null, "icon": null, "descri____o": "", "id": "22", "IDENTIFICA": null, "SETOR": "2054", "APELIDO": null, "MACROSETOR": null, "COR": null, "FREQUENCIA": "SEG/QUA/SEXTA", "layer": "POSTO 10 SHP", "path": "G:\\Drives compartilhados\\J_NEGRAO_CCO\\22 - GEOPROCESSAMENTO\\ARRUAMENTO\\jonas\\posto 10\\POSTO 10 SHP.shp", "OBJECTID": "29", "TURNO": "DIURNO", "POSTO": "POSTO 10", "FreqTurno": "SEG/QUA/SEXTA, DIURNO", "X_SEMANA": "3", "TER": "", "QUI": "", "SAB": "", "SEG": "█", "QUA": "█", "SEX": "█" }, "geometry": { "type": "Polygon", "coordinates": [ [ [ -49.343161, -25.495269, 0.0 ], [ -49.343421, -25.494462, 0.0 ], [ -49.343446, -25.494398, 0.0 ], [ -49.343559, -25.494417, 0.0 ], [ -49.346158, -25.494523, 0.0 ], [ -49.34612, -25.495807, 0.0 ], [ -49.346628, -25.496754, 0.0 ], [ -49.347572, -25.496622, 0.0 ], [ -49.34773, -25.496604, 0.0 ], [ -49.347856, -25.496596, 0.0 ], [ -49.348035, -25.496608, 0.0 ], [ -49.348203, -25.496643, 0.0 ], [ -49.348287, -25.496682, 0.0 ], [ -49.348392, -25.496722, 0.0 ], [ -49.348518, -25.496737, 0.0 ], [ -49.348644, -25.496743, 0.0 ], [ -49.350554, -25.496773, 0.0 ], [ -49.351366, -25.496813, 0.0 ], [ -49.351349, -25.496857, 0.0 ], [ -49.352518, -25.497053, 0.0 ], [ -49.357651, -25.497886, 0.0 ], [ -49.358209, -25.498036, 0.0 ], [ -49.362908, -25.499304, 0.0 ], [ -49.358001, -25.50063, 0.0 ], [ -49.352245, -25.501868, 0.0 ], [ -49.350231, -25.501818, 0.0 ], [ -49.349133, -25.501761, 0.0 ], [ -49.348744, -25.501861, 0.0 ], [ -49.348328, -25.501219, 0.0 ], [ -49.348181, -25.501138, 0.0 ], [ -49.346044, -25.50077, 0.0 ], [ -49.345113, -25.500651, 0.0 ], [ -49.343447, -25.500519, 0.0 ], [ -49.34289, -25.499979, 0.0 ], [ -49.342653, -25.499921, 0.0 ], [ -49.342149, -25.499891, 0.0 ], [ -49.34259, -25.497803, 0.0 ], [ -49.343161, -25.495269, 0.0 ] ] ] } },
{ "type": "Feature", "properties": { "Name": "2053", "description": "descrição: <br>OBJECTID: 30<br>TURNO: DIURNO<br>FREQUENCIA: SEG/QUA/SEXTA<br>SETOR: 2053<br>POSTO: POSTO 10<br>ID: 23<br>FreqTurno: SEG/QUA/SEXTA, DIURNO<br>X_SEMANA: 3<br>TER: <br>QUI: <br>SAB: <br>layer: POSTO 10 SHP<br>path: G:\\Drives compartilhados\\J_NEGRAO_CCO\\22 - GEOPROCESSAMENTO\\ARRUAMENTO\\jonas\\posto 10\\POSTO 10 SHP.shp<br>SEG: █<br>QUA: █<br>SEX: █", "timestamp": null, "begin": null, "end": null, "altitudeMode": null, "tessellate": -1, "extrude": 0, "visibility": -1, "drawOrder": null, "icon": null, "descri____o": "", "id": "23", "IDENTIFICA": null, "SETOR": "2053", "APELIDO": null, "MACROSETOR": null, "COR": null, "FREQUENCIA": "SEG/QUA/SEXTA", "layer": "POSTO 10 SHP", "path": "G:\\Drives compartilhados\\J_NEGRAO_CCO\\22 - GEOPROCESSAMENTO\\ARRUAMENTO\\jonas\\posto 10\\POSTO 10 SHP.shp", "OBJECTID": "30", "TURNO": "DIURNO", "POSTO": "POSTO 10", "FreqTurno": "SEG/QUA/SEXTA, DIURNO", "X_SEMANA": "3", "TER": "", "QUI": "", "SAB": "", "SEG": "█", "QUA": "█", "SEX": "█" }, "geometry": { "type": "Polygon", "coordinates": [ [ [ -49.355221, -25.487042, 0.0 ], [ -49.355248, -25.487, 0.0 ], [ -49.355307, -25.486942, 0.0 ], [ -49.35535, -25.486896, 0.0 ], [ -49.355429, -25.486858, 0.0 ], [ -49.355551, -25.486764, 0.0 ], [ -49.355679, -25.486642, 0.0 ], [ -49.355765, -25.48656, 0.0 ], [ -49.356016, -25.486286, 0.0 ], [ -49.356144, -25.486116, 0.0 ], [ -49.356295, -25.485902, 0.0 ], [ -49.356373, -25.485776, 0.0 ], [ -49.356626, -25.486082, 0.0 ], [ -49.357412, -25.486868, 0.0 ], [ -49.358238, -25.487148, 0.0 ], [ -49.35912, -25.487058, 0.0 ], [ -49.36685, -25.490836, 0.0 ], [ -49.367424, -25.490857, 0.0 ], [ -49.36752, -25.490961, 0.0 ], [ -49.367708, -25.491041, 0.0 ], [ -49.367766, -25.491094, 0.0 ], [ -49.36804, -25.49115, 0.0 ], [ -49.368236, -25.491264, 0.0 ], [ -49.368378, -25.491357, 0.0 ], [ -49.368537, -25.491448, 0.0 ], [ -49.368975, -25.491566, 0.0 ], [ -49.369132, -25.491636, 0.0 ], [ -49.369327, -25.491813, 0.0 ], [ -49.369444, -25.492073, 0.0 ], [ -49.369462, -25.492212, 0.0 ], [ -49.369433, -25.492411, 0.0 ], [ -49.36934, -25.492738, 0.0 ], [ -49.369318, -25.492871, 0.0 ], [ -49.369317, -25.493127, 0.0 ], [ -49.369367, -25.493259, 0.0 ], [ -49.369423, -25.493322, 0.0 ], [ -49.369576, -25.493431, 0.0 ], [ -49.369687, -25.49357, 0.0 ], [ -49.3697, -25.49373, 0.0 ], [ -49.36968, -25.493858, 0.0 ], [ -49.369549, -25.494241, 0.0 ], [ -49.3695, -25.494416, 0.0 ], [ -49.36949, -25.49455, 0.0 ], [ -49.369502, -25.494712, 0.0 ], [ -49.369546, -25.494844, 0.0 ], [ -49.369516, -25.495085, 0.0 ], [ -49.36944, -25.495216, 0.0 ], [ -49.369318, -25.495242, 0.0 ], [ -49.368948, -25.495264, 0.0 ], [ -49.368625, -25.495318, 0.0 ], [ -49.368498, -25.495313, 0.0 ], [ -49.368363, -25.495354, 0.0 ], [ -49.368313, -25.495449, 0.0 ], [ -49.368356, -25.495562, 0.0 ], [ -49.368525, -25.495744, 0.0 ], [ -49.368747, -25.495912, 0.0 ], [ -49.369058, -25.496032, 0.0 ], [ -49.369186, -25.496109, 0.0 ], [ -49.369239, -25.496243, 0.0 ], [ -49.369259, -25.496576, 0.0 ], [ -49.369282, -25.496965, 0.0 ], [ -49.369413, -25.497346, 0.0 ], [ -49.369442, -25.497521, 0.0 ], [ -49.369448, -25.497674, 0.0 ], [ -49.36943, -25.497775, 0.0 ], [ -49.369393, -25.497989, 0.0 ], [ -49.369288, -25.498172, 0.0 ], [ -49.369194, -25.4983, 0.0 ], [ -49.3691, -25.498378, 0.0 ], [ -49.368949, -25.498555, 0.0 ], [ -49.368879, -25.498678, 0.0 ], [ -49.368902, -25.498778, 0.0 ], [ -49.368959, -25.498924, 0.0 ], [ -49.368974, -25.499049, 0.0 ], [ -49.368954, -25.499218, 0.0 ], [ -49.368916, -25.49936, 0.0 ], [ -49.368835, -25.499524, 0.0 ], [ -49.368796, -25.499676, 0.0 ], [ -49.368789, -25.499762, 0.0 ], [ -49.368798, -25.499922, 0.0 ], [ -49.368878, -25.500021, 0.0 ], [ -49.368989, -25.500183, 0.0 ], [ -49.369041, -25.500378, 0.0 ], [ -49.36903, -25.500568, 0.0 ], [ -49.368978, -25.500686, 0.0 ], [ -49.368898, -25.500767, 0.0 ], [ -49.367767, -25.500592, 0.0 ], [ -49.358627, -25.498142, 0.0 ], [ -49.358248, -25.49804, 0.0 ], [ -49.35769, -25.49789, 0.0 ], [ -49.352557, -25.497058, 0.0 ], [ -49.351388, -25.496862, 0.0 ], [ -49.351405, -25.496818, 0.0 ], [ -49.350593, -25.496778, 0.0 ], [ -49.348683, -25.496748, 0.0 ], [ -49.348557, -25.496742, 0.0 ], [ -49.348431, -25.496726, 0.0 ], [ -49.348326, -25.496686, 0.0 ], [ -49.348242, -25.496648, 0.0 ], [ -49.348074, -25.496612, 0.0 ], [ -49.347895, -25.4966, 0.0 ], [ -49.347769, -25.496608, 0.0 ], [ -49.347611, -25.496626, 0.0 ], [ -49.346667, -25.496758, 0.0 ], [ -49.346159, -25.495812, 0.0 ], [ -49.346197, -25.494528, 0.0 ], [ -49.343598, -25.494422, 0.0 ], [ -49.343485, -25.494402, 0.0 ], [ -49.344446, -25.491914, 0.0 ], [ -49.344537, -25.491704, 0.0 ], [ -49.344582, -25.491586, 0.0 ], [ -49.34462, -25.491508, 0.0 ], [ -49.344697, -25.491346, 0.0 ], [ -49.344813, -25.49108, 0.0 ], [ -49.345665, -25.489134, 0.0 ], [ -49.346391, -25.48745, 0.0 ], [ -49.346414, -25.487394, 0.0 ], [ -49.346709, -25.48739, 0.0 ], [ -49.350495, -25.48739, 0.0 ], [ -49.351048, -25.48741, 0.0 ], [ -49.352248, -25.487396, 0.0 ], [ -49.352927, -25.487418, 0.0 ], [ -49.353605, -25.487482, 0.0 ], [ -49.354268, -25.487614, 0.0 ], [ -49.354805, -25.48766, 0.0 ], [ -49.354986, -25.487654, 0.0 ], [ -49.355077, -25.487392, 0.0 ], [ -49.355111, -25.487298, 0.0 ], [ -49.35514, -25.487222, 0.0 ], [ -49.355183, -25.487118, 0.0 ], [ -49.355221, -25.487042, 0.0 ] ] ] } },
{ "type": "Feature", "properties": { "Name": "2055", "description": "descrição: <br>OBJECTID: 32<br>TURNO: DIURNO<br>FREQUENCIA: SEG/QUA/SEXTA<br>SETOR: 2055<br>POSTO: POSTO 10<br>ID: 25<br>FreqTurno: SEG/QUA/SEXTA, DIURNO<br>X_SEMANA: 3<br>TER: <br>QUI: <br>SAB: <br>layer: POSTO 10 SHP<br>path: G:\\Drives compartilhados\\J_NEGRAO_CCO\\22 - GEOPROCESSAMENTO\\ARRUAMENTO\\jonas\\posto 10\\POSTO 10 SHP.shp<br>SEG: █<br>QUA: █<br>SEX: █", "timestamp": null, "begin": null, "end": null, "altitudeMode": null, "tessellate": -1, "extrude": 0, "visibility": -1, "drawOrder": null, "icon": null, "descri____o": "", "id": "25", "IDENTIFICA": null, "SETOR": "2055", "APELIDO": null, "MACROSETOR": null, "COR": null, "FREQUENCIA": "SEG/QUA/SEXTA", "layer": "POSTO 10 SHP", "path": "G:\\Drives compartilhados\\J_NEGRAO_CCO\\22 - GEOPROCESSAMENTO\\ARRUAMENTO\\jonas\\posto 10\\POSTO 10 SHP.shp", "OBJECTID": "32", "TURNO": "DIURNO", "POSTO": "POSTO 10", "FreqTurno": "SEG/QUA/SEXTA, DIURNO", "X_SEMANA": "3", "TER": "", "QUI": "", "SAB": "", "SEG": "█", "QUA": "█", "SEX": "█" }, "geometry": { "type": "Polygon", "coordinates": [ [ [ -49.340347, -25.507419, 0.0 ], [ -49.34005, -25.50819, 0.0 ], [ -49.339518, -25.509531, 0.0 ], [ -49.33916, -25.510336, 0.0 ], [ -49.338915, -25.510875, 0.0 ], [ -49.3387, -25.511161, 0.0 ], [ -49.338343, -25.510423, 0.0 ], [ -49.337838, -25.509376, 0.0 ], [ -49.337193, -25.508047, 0.0 ], [ -49.337147, -25.507974, 0.0 ], [ -49.337077, -25.507862, 0.0 ], [ -49.336907, -25.507584, 0.0 ], [ -49.33643, -25.506784, 0.0 ], [ -49.336182, -25.50607, 0.0 ], [ -49.33617, -25.506016, 0.0 ], [ -49.336195, -25.505178, 0.0 ], [ -49.336219, -25.503393, 0.0 ], [ -49.336219, -25.50225, 0.0 ], [ -49.336216, -25.502189, 0.0 ], [ -49.33622, -25.501999, 0.0 ], [ -49.336228, -25.501443, 0.0 ], [ -49.336242, -25.499143, 0.0 ], [ -49.336231, -25.498898, 0.0 ], [ -49.336318, -25.497292, 0.0 ], [ -49.336758, -25.497327, 0.0 ], [ -49.336819, -25.497343, 0.0 ], [ -49.336976, -25.497371, 0.0 ], [ -49.337453, -25.497459, 0.0 ], [ -49.337973, -25.497499, 0.0 ], [ -49.338025, -25.494814, 0.0 ], [ -49.34095, -25.4951, 0.0 ], [ -49.343183, -25.495168, 0.0 ], [ -49.342589, -25.497793, 0.0 ], [ -49.34216, -25.499821, 0.0 ], [ -49.341175, -25.50439, 0.0 ], [ -49.340931, -25.505404, 0.0 ], [ -49.340452, -25.507142, 0.0 ], [ -49.340347, -25.507419, 0.0 ] ] ] } },
{ "type": "Feature", "properties": { "Name": "2049", "description": "descrição: <br>OBJECTID: 35<br>TURNO: DIURNO<br>FREQUENCIA: SEG/QUA/SEXTA<br>SETOR: 2049<br>POSTO: POSTO 10<br>ID: 28<br>FreqTurno: SEG/QUA/SEXTA, DIURNO<br>X_SEMANA: 3<br>TER: <br>QUI: <br>SAB: <br>layer: POSTO 10 SHP<br>path: G:\\Drives compartilhados\\J_NEGRAO_CCO\\22 - GEOPROCESSAMENTO\\ARRUAMENTO\\jonas\\posto 10\\POSTO 10 SHP.shp<br>SEG: █<br>QUA: █<br>SEX: █", "timestamp": null, "begin": null, "end": null, "altitudeMode": null, "tessellate": -1, "extrude": 0, "visibility": -1, "drawOrder": null, "icon": null, "descri____o": "", "id": "28", "IDENTIFICA": null, "SETOR": "2049", "APELIDO": null, "MACROSETOR": null, "COR": null, "FREQUENCIA": "SEG/QUA/SEXTA", "layer": "POSTO 10 SHP", "path": "G:\\Drives compartilhados\\J_NEGRAO_CCO\\22 - GEOPROCESSAMENTO\\ARRUAMENTO\\jonas\\posto 10\\POSTO 10 SHP.shp", "OBJECTID": "35", "TURNO": "DIURNO", "POSTO": "POSTO 10", "FreqTurno": "SEG/QUA/SEXTA, DIURNO", "X_SEMANA": "3", "TER": "", "QUI": "", "SAB": "", "SEG": "█", "QUA": "█", "SEX": "█" }, "geometry": { "type": "Polygon", "coordinates": [ [ [ -49.344091, -25.467587, 0.0 ], [ -49.344459, -25.466813, 0.0 ], [ -49.344742, -25.466171, 0.0 ], [ -49.344808, -25.466193, 0.0 ], [ -49.349509, -25.467821, 0.0 ], [ -49.354607, -25.469599, 0.0 ], [ -49.354582, -25.469647, 0.0 ], [ -49.354523, -25.469761, 0.0 ], [ -49.35411, -25.470554, 0.0 ], [ -49.352292, -25.473758, 0.0 ], [ -49.351852, -25.474588, 0.0 ], [ -49.350377, -25.477879, 0.0 ], [ -49.349832, -25.479223, 0.0 ], [ -49.348158, -25.478818, 0.0 ], [ -49.348216, -25.478606, 0.0 ], [ -49.346317, -25.477597, 0.0 ], [ -49.345874, -25.478212, 0.0 ], [ -49.345138, -25.476938, 0.0 ], [ -49.344032, -25.476937, 0.0 ], [ -49.34393, -25.477145, 0.0 ], [ -49.342448, -25.476966, 0.0 ], [ -49.339166, -25.476952, 0.0 ], [ -49.336922, -25.475713, 0.0 ], [ -49.337131, -25.475523, 0.0 ], [ -49.337691, -25.475122, 0.0 ], [ -49.338514, -25.474732, 0.0 ], [ -49.338902, -25.47452, 0.0 ], [ -49.338975, -25.474481, 0.0 ], [ -49.339073, -25.474427, 0.0 ], [ -49.339259, -25.474339, 0.0 ], [ -49.339363, -25.47429, 0.0 ], [ -49.339557, -25.474198, 0.0 ], [ -49.339852, -25.473953, 0.0 ], [ -49.340063, -25.473442, 0.0 ], [ -49.340254, -25.472984, 0.0 ], [ -49.340534, -25.472578, 0.0 ], [ -49.340776, -25.472394, 0.0 ], [ -49.341796, -25.471684, 0.0 ], [ -49.342361, -25.471275, 0.0 ], [ -49.342803, -25.470911, 0.0 ], [ -49.343092, -25.470564, 0.0 ], [ -49.343413, -25.47017, 0.0 ], [ -49.343529, -25.469849, 0.0 ], [ -49.343606, -25.469425, 0.0 ], [ -49.343616, -25.468705, 0.0 ], [ -49.343786, -25.468181, 0.0 ], [ -49.344091, -25.467587, 0.0 ] ] ] } },
{ "type": "Feature", "properties": { "Name": "2059", "description": "descrição: <br>OBJECTID: 36<br>TURNO: DIURNO<br>FREQUENCIA: SEG/QUA/SEXTA<br>SETOR: 2059<br>POSTO: POSTO 10<br>ID: 29<br>FreqTurno: SEG/QUA/SEXTA, DIURNO<br>X_SEMANA: 3<br>TER: <br>QUI: <br>SAB: <br>layer: POSTO 10 SHP<br>path: G:\\Drives compartilhados\\J_NEGRAO_CCO\\22 - GEOPROCESSAMENTO\\ARRUAMENTO\\jonas\\posto 10\\POSTO 10 SHP.shp<br>SEG: █<br>QUA: █<br>SEX: █", "timestamp": null, "begin": null, "end": null, "altitudeMode": null, "tessellate": -1, "extrude": 0, "visibility": -1, "drawOrder": null, "icon": null, "descri____o": "", "id": "29", "IDENTIFICA": null, "SETOR": "2059", "APELIDO": null, "MACROSETOR": null, "COR": null, "FREQUENCIA": "SEG/QUA/SEXTA", "layer": "POSTO 10 SHP", "path": "G:\\Drives compartilhados\\J_NEGRAO_CCO\\22 - GEOPROCESSAMENTO\\ARRUAMENTO\\jonas\\posto 10\\POSTO 10 SHP.shp", "OBJECTID": "36", "TURNO": "DIURNO", "POSTO": "POSTO 10", "FreqTurno": "SEG/QUA/SEXTA, DIURNO", "X_SEMANA": "3", "TER": "", "QUI": "", "SAB": "", "SEG": "█", "QUA": "█", "SEX": "█" }, "geometry": { "type": "Polygon", "coordinates": [ [ [ -49.348586, -25.457417, 0.0 ], [ -49.349784, -25.457236, 0.0 ], [ -49.350575, -25.457049, 0.0 ], [ -49.350929, -25.456887, 0.0 ], [ -49.351059, -25.456819, 0.0 ], [ -49.351397, -25.456985, 0.0 ], [ -49.351944, -25.457272, 0.0 ], [ -49.35207, -25.457361, 0.0 ], [ -49.353319, -25.458756, 0.0 ], [ -49.354198, -25.459165, 0.0 ], [ -49.353401, -25.460459, 0.0 ], [ -49.353175, -25.461016, 0.0 ], [ -49.354118, -25.461739, 0.0 ], [ -49.357873, -25.462882, 0.0 ], [ -49.356981, -25.464995, 0.0 ], [ -49.35683, -25.465351, 0.0 ], [ -49.356226, -25.466673, 0.0 ], [ -49.355998, -25.467108, 0.0 ], [ -49.355359, -25.468324, 0.0 ], [ -49.355269, -25.46849, 0.0 ], [ -49.35446, -25.46985, 0.0 ], [ -49.349552, -25.467821, 0.0 ], [ -49.344785, -25.466171, 0.0 ], [ -49.345015, -25.465626, 0.0 ], [ -49.345301, -25.464824, 0.0 ], [ -49.345483, -25.463928, 0.0 ], [ -49.345604, -25.463201, 0.0 ], [ -49.34569, -25.462603, 0.0 ], [ -49.34563, -25.462043, 0.0 ], [ -49.345454, -25.461259, 0.0 ], [ -49.345363, -25.461069, 0.0 ], [ -49.345255, -25.460929, 0.0 ], [ -49.345134, -25.460754, 0.0 ], [ -49.344866, -25.460508, 0.0 ], [ -49.345187, -25.459706, 0.0 ], [ -49.345406, -25.459204, 0.0 ], [ -49.345814, -25.458823, 0.0 ], [ -49.346359, -25.458452, 0.0 ], [ -49.346573, -25.458308, 0.0 ], [ -49.34702, -25.45792, 0.0 ], [ -49.347152, -25.45757, 0.0 ], [ -49.347633, -25.457562, 0.0 ], [ -49.348586, -25.457417, 0.0 ] ] ] } },
{ "type": "Feature", "properties": { "Name": "2058", "description": "descrição: <br>OBJECTID: <br>TURNO: <br>FREQUENCIA: SEG/QUA/SEXTA<br>SETOR: 2058<br>POSTO: POSTO 10<br>ID: <br>FreqTurno: <br>X_SEMANA: <br>TER: <br>QUI: <br>SAB: <br>layer: <br>path: <br>SEG: <br>QUA: <br>SEX: ", "timestamp": null, "begin": null, "end": null, "altitudeMode": null, "tessellate": -1, "extrude": 0, "visibility": -1, "drawOrder": null, "icon": null, "descri____o": "", "id": "", "IDENTIFICA": null, "SETOR": "2058", "APELIDO": null, "MACROSETOR": null, "COR": null, "FREQUENCIA": "SEG/QUA/SEXTA", "layer": "", "path": "", "OBJECTID": "", "TURNO": "", "POSTO": "POSTO 10", "FreqTurno": "", "X_SEMANA": "", "TER": "", "QUI": "", "SAB": "", "SEG": "", "QUA": "", "SEX": "" }, "geometry": { "type": "Polygon", "coordinates": [ [ [ -49.322819, -25.518931, 0.0 ], [ -49.319998, -25.518591, 0.0 ], [ -49.318285, -25.518257, 0.0 ], [ -49.316031, -25.517652, 0.0 ], [ -49.314154, -25.517054, 0.0 ], [ -49.313696, -25.516824, 0.0 ], [ -49.311782, -25.513551, 0.0 ], [ -49.312866, -25.511572, 0.0 ], [ -49.313608, -25.510206, 0.0 ], [ -49.315158, -25.507492, 0.0 ], [ -49.319035, -25.508937, 0.0 ], [ -49.320628, -25.513466, 0.0 ], [ -49.320905, -25.514297, 0.0 ], [ -49.319984, -25.514575, 0.0 ], [ -49.320258, -25.515072, 0.0 ], [ -49.322127, -25.515806, 0.0 ], [ -49.324888, -25.516679, 0.0 ], [ -49.326344, -25.515712, 0.0 ], [ -49.3269, -25.516216, 0.0 ], [ -49.331222, -25.512818, 0.0 ], [ -49.332608, -25.51176, 0.0 ], [ -49.332747, -25.51189, 0.0 ], [ -49.332816, -25.511973, 0.0 ], [ -49.333006, -25.51224, 0.0 ], [ -49.333218, -25.512463, 0.0 ], [ -49.333382, -25.512617, 0.0 ], [ -49.333613, -25.51284, 0.0 ], [ -49.33387, -25.51309, 0.0 ], [ -49.333968, -25.513161, 0.0 ], [ -49.334129, -25.513228, 0.0 ], [ -49.334569, -25.513392, 0.0 ], [ -49.335192, -25.513618, 0.0 ], [ -49.335564, -25.513752, 0.0 ], [ -49.336382, -25.514021, 0.0 ], [ -49.336663, -25.514127, 0.0 ], [ -49.337118, -25.51446, 0.0 ], [ -49.336, -25.516938, 0.0 ], [ -49.335123, -25.518852, 0.0 ], [ -49.334544, -25.520059, 0.0 ], [ -49.333889, -25.521323, 0.0 ], [ -49.332595, -25.522812, 0.0 ], [ -49.329964, -25.521046, 0.0 ], [ -49.329102, -25.520567, 0.0 ], [ -49.327926, -25.519938, 0.0 ], [ -49.327305, -25.519811, 0.0 ], [ -49.326363, -25.519577, 0.0 ], [ -49.325014, -25.51935, 0.0 ], [ -49.322819, -25.518931, 0.0 ] ] ] } },
{ "type": "Feature", "properties": { "Name": "2060", "description": "descrição: <br>OBJECTID: <br>TURNO: <br>FREQUENCIA: SEG/QUA/SEXTA<br>SETOR: 2060<br>POSTO: POSTO 10<br>ID: <br>FreqTurno: <br>X_SEMANA: <br>TER: <br>QUI: <br>SAB: <br>layer: <br>path: <br>SEG: <br>QUA: <br>SEX: ", "timestamp": null, "begin": null, "end": null, "altitudeMode": null, "tessellate": -1, "extrude": 0, "visibility": -1, "drawOrder": null, "icon": null, "descri____o": "", "id": "", "IDENTIFICA": null, "SETOR": "2060", "APELIDO": null, "MACROSETOR": null, "COR": null, "FREQUENCIA": "SEG/QUA/SEXTA", "layer": "", "path": "", "OBJECTID": "", "TURNO": "", "POSTO": "POSTO 10", "FreqTurno": "", "X_SEMANA": "", "TER": "", "QUI": "", "SAB": "", "SEG": "", "QUA": "", "SEX": "" }, "geometry": { "type": "Polygon", "coordinates": [ [ [ -49.325254, -25.508523, 0.0 ], [ -49.325803, -25.510121, 0.0 ], [ -49.326057, -25.510942, 0.0 ], [ -49.326341, -25.511714, 0.0 ], [ -49.326101, -25.511765, 0.0 ], [ -49.32479, -25.512039, 0.0 ], [ -49.323806, -25.512196, 0.0 ], [ -49.323612, -25.513225, 0.0 ], [ -49.322475, -25.515065, 0.0 ], [ -49.32193, -25.515742, 0.0 ], [ -49.320268, -25.515092, 0.0 ], [ -49.319995, -25.514594, 0.0 ], [ -49.320916, -25.514316, 0.0 ], [ -49.319046, -25.508956, 0.0 ], [ -49.318092, -25.508593, 0.0 ], [ -49.316358, -25.507911, 0.0 ], [ -49.315158, -25.507492, 0.0 ], [ -49.313597, -25.510225, 0.0 ], [ -49.311513, -25.508791, 0.0 ], [ -49.313609, -25.505042, 0.0 ], [ -49.314711, -25.502873, 0.0 ], [ -49.317059, -25.503744, 0.0 ], [ -49.320564, -25.502859, 0.0 ], [ -49.320127, -25.501382, 0.0 ], [ -49.322471, -25.500791, 0.0 ], [ -49.32263, -25.50074, 0.0 ], [ -49.325254, -25.508523, 0.0 ] ] ] } },
{ "type": "Feature", "properties": { "Name": "2052", "description": "descrição: <br>OBJECTID: <br>TURNO: <br>FREQUENCIA: SEG/QUA/SEXTA<br>SETOR: 2052<br>POSTO: POSTO 10<br>ID: <br>FreqTurno: <br>X_SEMANA: <br>TER: <br>QUI: <br>SAB: <br>layer: <br>path: <br>SEG: <br>QUA: <br>SEX: ", "timestamp": null, "begin": null, "end": null, "altitudeMode": null, "tessellate": -1, "extrude": 0, "visibility": -1, "drawOrder": null, "icon": null, "descri____o": "", "id": "", "IDENTIFICA": null, "SETOR": "2052", "APELIDO": null, "MACROSETOR": null, "COR": null, "FREQUENCIA": "SEG/QUA/SEXTA", "layer": "", "path": "", "OBJECTID": "", "TURNO": "", "POSTO": "POSTO 10", "FreqTurno": "", "X_SEMANA": "", "TER": "", "QUI": "", "SAB": "", "SEG": "", "QUA": "", "SEX": "" }, "geometry": { "type": "Polygon", "coordinates": [ [ [ -49.349851, -25.479283, 0.0 ], [ -49.35042, -25.477879, 0.0 ], [ -49.351499, -25.475472, 0.0 ], [ -49.354849, -25.476669, 0.0 ], [ -49.3548, -25.478766, 0.0 ], [ -49.354788, -25.4793, 0.0 ], [ -49.355209, -25.479496, 0.0 ], [ -49.35535, -25.479457, 0.0 ], [ -49.355927, -25.478847, 0.0 ], [ -49.356343, -25.478465, 0.0 ], [ -49.356773, -25.478183, 0.0 ], [ -49.356979, -25.478128, 0.0 ], [ -49.358147, -25.478155, 0.0 ], [ -49.3581, -25.479287, 0.0 ], [ -49.35753, -25.479424, 0.0 ], [ -49.357384, -25.479539, 0.0 ], [ -49.357785, -25.479941, 0.0 ], [ -49.357706, -25.480006, 0.0 ], [ -49.357295, -25.47966, 0.0 ], [ -49.357079, -25.479877, 0.0 ], [ -49.356779, -25.480046, 0.0 ], [ -49.356147, -25.480318, 0.0 ], [ -49.355914, -25.480394, 0.0 ], [ -49.355914, -25.480397, 0.0 ], [ -49.355838, -25.480856, 0.0 ], [ -49.355904, -25.481112, 0.0 ], [ -49.356438, -25.481717, 0.0 ], [ -49.35657, -25.481799, 0.0 ], [ -49.356962, -25.482181, 0.0 ], [ -49.357074, -25.482377, 0.0 ], [ -49.357225, -25.48261, 0.0 ], [ -49.357124, -25.482928, 0.0 ], [ -49.35704, -25.483079, 0.0 ], [ -49.356818, -25.483445, 0.0 ], [ -49.356634, -25.484212, 0.0 ], [ -49.356753, -25.484896, 0.0 ], [ -49.356238, -25.485646, 0.0 ], [ -49.356334, -25.485762, 0.0 ], [ -49.356256, -25.485888, 0.0 ], [ -49.356105, -25.486101, 0.0 ], [ -49.355977, -25.486272, 0.0 ], [ -49.355726, -25.486546, 0.0 ], [ -49.35564, -25.486627, 0.0 ], [ -49.355512, -25.486749, 0.0 ], [ -49.35539, -25.486843, 0.0 ], [ -49.355311, -25.486881, 0.0 ], [ -49.355268, -25.486928, 0.0 ], [ -49.355209, -25.486985, 0.0 ], [ -49.355182, -25.487027, 0.0 ], [ -49.355144, -25.487103, 0.0 ], [ -49.355101, -25.487208, 0.0 ], [ -49.355072, -25.487284, 0.0 ], [ -49.355038, -25.487378, 0.0 ], [ -49.354947, -25.48764, 0.0 ], [ -49.354766, -25.487645, 0.0 ], [ -49.354229, -25.4876, 0.0 ], [ -49.353566, -25.487468, 0.0 ], [ -49.352888, -25.487403, 0.0 ], [ -49.352209, -25.487381, 0.0 ], [ -49.351009, -25.487396, 0.0 ], [ -49.350456, -25.487375, 0.0 ], [ -49.34667, -25.487376, 0.0 ], [ -49.346381, -25.48738, 0.0 ], [ -49.34715, -25.48561, 0.0 ], [ -49.34736, -25.485118, 0.0 ], [ -49.348087, -25.483458, 0.0 ], [ -49.34809, -25.483451, 0.0 ], [ -49.349851, -25.479283, 0.0 ] ] ] } },
{ "type": "Feature", "properties": { "Name": "2056", "description": "descrição: <br>OBJECTID: <br>TURNO: <br>FREQUENCIA: SEG/QUA/SEXTA<br>SETOR: 2056<br>POSTO: POSTO 10<br>ID: <br>FreqTurno: <br>X_SEMANA: <br>TER: <br>QUI: <br>SAB: <br>layer: <br>path: <br>SEG: <br>QUA: <br>SEX: ", "timestamp": null, "begin": null, "end": null, "altitudeMode": null, "tessellate": -1, "extrude": 0, "visibility": -1, "drawOrder": null, "icon": null, "descri____o": "", "id": "", "IDENTIFICA": null, "SETOR": "2056", "APELIDO": null, "MACROSETOR": null, "COR": null, "FREQUENCIA": "SEG/QUA/SEXTA", "layer": "", "path": "", "OBJECTID": "", "TURNO": "", "POSTO": "POSTO 10", "FreqTurno": "", "X_SEMANA": "", "TER": "", "QUI": "", "SAB": "", "SEG": "", "QUA": "", "SEX": "" }, "geometry": { "type": "Polygon", "coordinates": [ [ [ -49.325135, -25.495057, 0.0 ], [ -49.327892, -25.494329, 0.0 ], [ -49.330212, -25.493736, 0.0 ], [ -49.330718, -25.493637, 0.0 ], [ -49.331234, -25.493614, 0.0 ], [ -49.332012, -25.493614, 0.0 ], [ -49.33301, -25.493692, 0.0 ], [ -49.333075, -25.493706, 0.0 ], [ -49.333555, -25.493813, 0.0 ], [ -49.334466, -25.494088, 0.0 ], [ -49.33454, -25.494136, 0.0 ], [ -49.335094, -25.494279, 0.0 ], [ -49.335891, -25.494393, 0.0 ], [ -49.336386, -25.494528, 0.0 ], [ -49.336322, -25.494796, 0.0 ], [ -49.336341, -25.495978, 0.0 ], [ -49.336318, -25.497292, 0.0 ], [ -49.336233, -25.498899, 0.0 ], [ -49.336244, -25.499145, 0.0 ], [ -49.33623, -25.501445, 0.0 ], [ -49.336222, -25.502001, 0.0 ], [ -49.336218, -25.502191, 0.0 ], [ -49.336221, -25.502252, 0.0 ], [ -49.336221, -25.503395, 0.0 ], [ -49.336197, -25.50518, 0.0 ], [ -49.336172, -25.506018, 0.0 ], [ -49.336184, -25.506072, 0.0 ], [ -49.33643, -25.506784, 0.0 ], [ -49.336909, -25.507586, 0.0 ], [ -49.337079, -25.507864, 0.0 ], [ -49.337149, -25.507976, 0.0 ], [ -49.337196, -25.508045, 0.0 ], [ -49.338699, -25.511161, 0.0 ], [ -49.338694, -25.51119, 0.0 ], [ -49.338183, -25.512482, 0.0 ], [ -49.33778, -25.513247, 0.0 ], [ -49.337256, -25.514243, 0.0 ], [ -49.337246, -25.514263, 0.0 ], [ -49.337188, -25.514371, 0.0 ], [ -49.337132, -25.514474, 0.0 ], [ -49.337129, -25.514479, 0.0 ], [ -49.336675, -25.514146, 0.0 ], [ -49.336674, -25.514146, 0.0 ], [ -49.336393, -25.51404, 0.0 ], [ -49.335689, -25.513808, 0.0 ], [ -49.335578, -25.513772, 0.0 ], [ -49.335032, -25.513575, 0.0 ], [ -49.334623, -25.513428, 0.0 ], [ -49.334194, -25.513267, 0.0 ], [ -49.334139, -25.513246, 0.0 ], [ -49.33413, -25.513243, 0.0 ], [ -49.334102, -25.513231, 0.0 ], [ -49.333983, -25.51318, 0.0 ], [ -49.333908, -25.513129, 0.0 ], [ -49.333877, -25.513107, 0.0 ], [ -49.333779, -25.51301, 0.0 ], [ -49.333757, -25.512988, 0.0 ], [ -49.333633, -25.512868, 0.0 ], [ -49.333595, -25.512831, 0.0 ], [ -49.333387, -25.51263, 0.0 ], [ -49.333325, -25.512572, 0.0 ], [ -49.333231, -25.512484, 0.0 ], [ -49.333076, -25.512321, 0.0 ], [ -49.333017, -25.512259, 0.0 ], [ -49.332827, -25.511992, 0.0 ], [ -49.332758, -25.511909, 0.0 ], [ -49.332594, -25.511707, 0.0 ], [ -49.332608, -25.51176, 0.0 ], [ -49.33217, -25.512043, 0.0 ], [ -49.331699, -25.511817, 0.0 ], [ -49.331279, -25.511596, 0.0 ], [ -49.330516, -25.510954, 0.0 ], [ -49.328545, -25.509292, 0.0 ], [ -49.3278, -25.508236, 0.0 ], [ -49.326718, -25.505001, 0.0 ], [ -49.325762, -25.502132, 0.0 ], [ -49.325497, -25.501357, 0.0 ], [ -49.325286, -25.500756, 0.0 ], [ -49.324526, -25.498532, 0.0 ], [ -49.324226, -25.497714, 0.0 ], [ -49.325954, -25.49727, 0.0 ], [ -49.325135, -25.495057, 0.0 ] ] ] } },
{ "type": "Feature", "properties": { "Name": "2061", "description": "descrição: <br>OBJECTID: <br>TURNO: <br>FREQUENCIA: SEG/QUA/SEXTA<br>SETOR: 2061<br>POSTO: POSTO 10<br>ID: <br>FreqTurno: <br>X_SEMANA: <br>TER: <br>QUI: <br>SAB: <br>layer: <br>path: <br>SEG: <br>QUA: <br>SEX: ", "timestamp": null, "begin": null, "end": null, "altitudeMode": null, "tessellate": -1, "extrude": 0, "visibility": -1, "drawOrder": null, "icon": null, "descri____o": "", "id": "", "IDENTIFICA": null, "SETOR": "2061", "APELIDO": null, "MACROSETOR": null, "COR": null, "FREQUENCIA": "SEG/QUA/SEXTA", "layer": "", "path": "", "OBJECTID": "", "TURNO": "", "POSTO": "POSTO 10", "FreqTurno": "", "X_SEMANA": "", "TER": "", "QUI": "", "SAB": "", "SEG": "", "QUA": "", "SEX": "" }, "geometry": { "type": "Polygon", "coordinates": [ [ [ -49.328017, -25.515314, 0.0 ], [ -49.32689, -25.516236, 0.0 ], [ -49.326333, -25.515732, 0.0 ], [ -49.324878, -25.516699, 0.0 ], [ -49.321998, -25.515728, 0.0 ], [ -49.323209, -25.513917, 0.0 ], [ -49.323612, -25.513225, 0.0 ], [ -49.323806, -25.512196, 0.0 ], [ -49.326341, -25.511714, 0.0 ], [ -49.32263, -25.50074, 0.0 ], [ -49.320127, -25.501382, 0.0 ], [ -49.320564, -25.502859, 0.0 ], [ -49.317544, -25.50362, 0.0 ], [ -49.317059, -25.503744, 0.0 ], [ -49.314711, -25.502873, 0.0 ], [ -49.318105, -25.497057, 0.0 ], [ -49.319822, -25.497291, 0.0 ], [ -49.323086, -25.497721, 0.0 ], [ -49.324236, -25.497676, 0.0 ], [ -49.324671, -25.498864, 0.0 ], [ -49.326138, -25.503176, 0.0 ], [ -49.327874, -25.508307, 0.0 ], [ -49.328545, -25.509292, 0.0 ], [ -49.329196, -25.50986, 0.0 ], [ -49.329923, -25.51044, 0.0 ], [ -49.330928, -25.511314, 0.0 ], [ -49.331366, -25.511647, 0.0 ], [ -49.33217, -25.512043, 0.0 ], [ -49.329886, -25.513812, 0.0 ], [ -49.328017, -25.515314, 0.0 ] ] ] } },
{ "type": "Feature", "properties": { "Name": "2057", "description": "descrição: <br>OBJECTID: 28<br>TURNO: DIURNO<br>FREQUENCIA: SEG/QUA/SEXTA<br>SETOR: 2057<br>POSTO: POSTO 10<br>ID: 21<br>FreqTurno: SEG/QUA/SEXTA, DIURNO<br>X_SEMANA: 3<br>TER: <br>QUI: <br>SAB: <br>layer: POSTO 10 SHP<br>path: G:\\Drives compartilhados\\J_NEGRAO_CCO\\22 - GEOPROCESSAMENTO\\ARRUAMENTO\\jonas\\posto 10\\POSTO 10 SHP.shp<br>SEG: █<br>QUA: █<br>SEX: █", "timestamp": null, "begin": null, "end": null, "altitudeMode": null, "tessellate": -1, "extrude": 0, "visibility": -1, "drawOrder": null, "icon": null, "descri____o": "", "id": "21", "IDENTIFICA": null, "SETOR": "2057", "APELIDO": null, "MACROSETOR": null, "COR": null, "FREQUENCIA": "SEG/QUA/SEXTA", "layer": "POSTO 10 SHP", "path": "G:\\Drives compartilhados\\J_NEGRAO_CCO\\22 - GEOPROCESSAMENTO\\ARRUAMENTO\\jonas\\posto 10\\POSTO 10 SHP.shp", "OBJECTID": "28", "TURNO": "DIURNO", "POSTO": "POSTO 10", "FreqTurno": "SEG/QUA/SEXTA, DIURNO", "X_SEMANA": "3", "TER": "", "QUI": "", "SAB": "", "SEG": "█", "QUA": "█", "SEX": "█" }, "geometry": { "type": "Polygon", "coordinates": [ [ [ -49.362908, -25.499304, 0.0 ], [ -49.367743, -25.500583, 0.0 ], [ -49.368884, -25.500757, 0.0 ], [ -49.368841, -25.500952, 0.0 ], [ -49.368861, -25.501046, 0.0 ], [ -49.369042, -25.501135, 0.0 ], [ -49.369159, -25.501146, 0.0 ], [ -49.369419, -25.501233, 0.0 ], [ -49.369537, -25.501337, 0.0 ], [ -49.36955, -25.50144, 0.0 ], [ -49.369514, -25.501535, 0.0 ], [ -49.369419, -25.501662, 0.0 ], [ -49.369328, -25.501759, 0.0 ], [ -49.369087, -25.501921, 0.0 ], [ -49.368841, -25.502021, 0.0 ], [ -49.368684, -25.502154, 0.0 ], [ -49.368482, -25.502371, 0.0 ], [ -49.368423, -25.502512, 0.0 ], [ -49.368416, -25.502617, 0.0 ], [ -49.36842, -25.502721, 0.0 ], [ -49.368491, -25.502823, 0.0 ], [ -49.368804, -25.502996, 0.0 ], [ -49.368865, -25.503082, 0.0 ], [ -49.368925, -25.503197, 0.0 ], [ -49.368924, -25.503294, 0.0 ], [ -49.36892, -25.503373, 0.0 ], [ -49.368826, -25.503568, 0.0 ], [ -49.36873, -25.503744, 0.0 ], [ -49.368521, -25.504061, 0.0 ], [ -49.36848, -25.504188, 0.0 ], [ -49.368415, -25.504305, 0.0 ], [ -49.368228, -25.504483, 0.0 ], [ -49.368154, -25.504575, 0.0 ], [ -49.368108, -25.504666, 0.0 ], [ -49.368038, -25.504726, 0.0 ], [ -49.36787, -25.504761, 0.0 ], [ -49.367756, -25.504756, 0.0 ], [ -49.36757, -25.504685, 0.0 ], [ -49.36747, -25.504635, 0.0 ], [ -49.367396, -25.504549, 0.0 ], [ -49.367346, -25.50445, 0.0 ], [ -49.367266, -25.504129, 0.0 ], [ -49.367221, -25.503869, 0.0 ], [ -49.367168, -25.503781, 0.0 ], [ -49.367085, -25.503719, 0.0 ], [ -49.366807, -25.503506, 0.0 ], [ -49.366749, -25.503478, 0.0 ], [ -49.36668, -25.503472, 0.0 ], [ -49.366598, -25.5035, 0.0 ], [ -49.366559, -25.503543, 0.0 ], [ -49.366557, -25.503596, 0.0 ], [ -49.366563, -25.503651, 0.0 ], [ -49.36661, -25.503814, 0.0 ], [ -49.366603, -25.503981, 0.0 ], [ -49.366569, -25.504054, 0.0 ], [ -49.366516, -25.504113, 0.0 ], [ -49.366434, -25.504141, 0.0 ], [ -49.36631, -25.504137, 0.0 ], [ -49.365863, -25.503984, 0.0 ], [ -49.36559, -25.503866, 0.0 ], [ -49.365434, -25.503759, 0.0 ], [ -49.36522, -25.503592, 0.0 ], [ -49.364923, -25.503427, 0.0 ], [ -49.364835, -25.503319, 0.0 ], [ -49.364773, -25.503186, 0.0 ], [ -49.364749, -25.502865, 0.0 ], [ -49.364736, -25.502719, 0.0 ], [ -49.364797, -25.502377, 0.0 ], [ -49.364774, -25.502271, 0.0 ], [ -49.364705, -25.502176, 0.0 ], [ -49.364511, -25.502078, 0.0 ], [ -49.364106, -25.502074, 0.0 ], [ -49.36387, -25.502045, 0.0 ], [ -49.363648, -25.501964, 0.0 ], [ -49.363434, -25.501822, 0.0 ], [ -49.363356, -25.50173, 0.0 ], [ -49.363281, -25.501356, 0.0 ], [ -49.36305, -25.501105, 0.0 ], [ -49.362904, -25.501029, 0.0 ], [ -49.362624, -25.500691, 0.0 ], [ -49.362331, -25.500655, 0.0 ], [ -49.362259, -25.500766, 0.0 ], [ -49.362195, -25.500908, 0.0 ], [ -49.362338, -25.501312, 0.0 ], [ -49.362398, -25.501718, 0.0 ], [ -49.362434, -25.501958, 0.0 ], [ -49.362634, -25.50207, 0.0 ], [ -49.362936, -25.502107, 0.0 ], [ -49.36333, -25.502207, 0.0 ], [ -49.363748, -25.502405, 0.0 ], [ -49.363895, -25.502969, 0.0 ], [ -49.36421, -25.503206, 0.0 ], [ -49.36428, -25.503778, 0.0 ], [ -49.364318, -25.504005, 0.0 ], [ -49.364561, -25.504369, 0.0 ], [ -49.364489, -25.50507, 0.0 ], [ -49.364358, -25.505228, 0.0 ], [ -49.364471, -25.505394, 0.0 ], [ -49.364596, -25.505462, 0.0 ], [ -49.365018, -25.505424, 0.0 ], [ -49.365375, -25.505274, 0.0 ], [ -49.365756, -25.505257, 0.0 ], [ -49.366078, -25.505324, 0.0 ], [ -49.366198, -25.505451, 0.0 ], [ -49.36635, -25.505935, 0.0 ], [ -49.366268, -25.506156, 0.0 ], [ -49.366008, -25.506667, 0.0 ], [ -49.365863, -25.507176, 0.0 ], [ -49.365629, -25.507329, 0.0 ], [ -49.365159, -25.507329, 0.0 ], [ -49.364584, -25.507174, 0.0 ], [ -49.364235, -25.507139, 0.0 ], [ -49.364157, -25.507296, 0.0 ], [ -49.364316, -25.507525, 0.0 ], [ -49.36438, -25.507817, 0.0 ], [ -49.364585, -25.507942, 0.0 ], [ -49.364984, -25.508085, 0.0 ], [ -49.365686, -25.508148, 0.0 ], [ -49.366094, -25.508048, 0.0 ], [ -49.366485, -25.507912, 0.0 ], [ -49.366794, -25.507581, 0.0 ], [ -49.367071, -25.507401, 0.0 ], [ -49.367486, -25.507198, 0.0 ], [ -49.367678, -25.507204, 0.0 ], [ -49.367798, -25.507328, 0.0 ], [ -49.367793, -25.507635, 0.0 ], [ -49.36784, -25.508109, 0.0 ], [ -49.367712, -25.508368, 0.0 ], [ -49.367345, -25.508531, 0.0 ], [ -49.367218, -25.508626, 0.0 ], [ -49.366807, -25.508969, 0.0 ], [ -49.366113, -25.508978, 0.0 ], [ -49.365592, -25.509205, 0.0 ], [ -49.365396, -25.509443, 0.0 ], [ -49.365219, -25.509713, 0.0 ], [ -49.365105, -25.50996, 0.0 ], [ -49.364922, -25.51028, 0.0 ], [ -49.36433, -25.510585, 0.0 ], [ -49.364116, -25.510822, 0.0 ], [ -49.363978, -25.511013, 0.0 ], [ -49.363987, -25.511177, 0.0 ], [ -49.364253, -25.51118, 0.0 ], [ -49.364478, -25.511078, 0.0 ], [ -49.364636, -25.511142, 0.0 ], [ -49.364684, -25.511265, 0.0 ], [ -49.364675, -25.511401, 0.0 ], [ -49.364483, -25.511693, 0.0 ], [ -49.364535, -25.511793, 0.0 ], [ -49.364654, -25.511773, 0.0 ], [ -49.364876, -25.511663, 0.0 ], [ -49.365008, -25.511608, 0.0 ], [ -49.365354, -25.511621, 0.0 ], [ -49.365513, -25.511551, 0.0 ], [ -49.365561, -25.511491, 0.0 ], [ -49.365597, -25.511395, 0.0 ], [ -49.365645, -25.511094, 0.0 ], [ -49.365725, -25.510949, 0.0 ], [ -49.365913, -25.510736, 0.0 ], [ -49.366084, -25.510612, 0.0 ], [ -49.366483, -25.510613, 0.0 ], [ -49.366722, -25.510623, 0.0 ], [ -49.36693, -25.510597, 0.0 ], [ -49.367269, -25.51062, 0.0 ], [ -49.367522, -25.510674, 0.0 ], [ -49.36771, -25.510658, 0.0 ], [ -49.367864, -25.510597, 0.0 ], [ -49.367987, -25.510458, 0.0 ], [ -49.368101, -25.510394, 0.0 ], [ -49.368298, -25.510381, 0.0 ], [ -49.368398, -25.510439, 0.0 ], [ -49.368702, -25.511225, 0.0 ], [ -49.368636, -25.511494, 0.0 ], [ -49.368504, -25.511652, 0.0 ], [ -49.368437, -25.511785, 0.0 ], [ -49.368455, -25.511917, 0.0 ], [ -49.368494, -25.51202, 0.0 ], [ -49.368619, -25.512098, 0.0 ], [ -49.368851, -25.512128, 0.0 ], [ -49.368981, -25.512421, 0.0 ], [ -49.369112, -25.512732, 0.0 ], [ -49.369075, -25.512946, 0.0 ], [ -49.369021, -25.513088, 0.0 ], [ -49.369062, -25.513273, 0.0 ], [ -49.369127, -25.51333, 0.0 ], [ -49.369234, -25.513395, 0.0 ], [ -49.369315, -25.5135, 0.0 ], [ -49.369371, -25.513575, 0.0 ], [ -49.3694, -25.513701, 0.0 ], [ -49.369431, -25.513907, 0.0 ], [ -49.369584, -25.514412, 0.0 ], [ -49.369778, -25.514777, 0.0 ], [ -49.36981, -25.514899, 0.0 ], [ -49.369789, -25.515001, 0.0 ], [ -49.369675, -25.515064, 0.0 ], [ -49.369521, -25.515063, 0.0 ], [ -49.369402, -25.515025, 0.0 ], [ -49.369312, -25.514893, 0.0 ], [ -49.369232, -25.514849, 0.0 ], [ -49.369184, -25.514862, 0.0 ], [ -49.369108, -25.514884, 0.0 ], [ -49.369084, -25.514942, 0.0 ], [ -49.369103, -25.51506, 0.0 ], [ -49.369226, -25.515193, 0.0 ], [ -49.369289, -25.515356, 0.0 ], [ -49.369235, -25.515556, 0.0 ], [ -49.369168, -25.515655, 0.0 ], [ -49.369005, -25.515769, 0.0 ], [ -49.368743, -25.515878, 0.0 ], [ -49.367983, -25.516103, 0.0 ], [ -49.367511, -25.516276, 0.0 ], [ -49.366578, -25.516769, 0.0 ], [ -49.365842, -25.517013, 0.0 ], [ -49.365353, -25.517228, 0.0 ], [ -49.365105, -25.517545, 0.0 ], [ -49.364968, -25.517622, 0.0 ], [ -49.364585, -25.517632, 0.0 ], [ -49.363829, -25.517285, 0.0 ], [ -49.363712, -25.517247, 0.0 ], [ -49.36353, -25.517289, 0.0 ], [ -49.361013, -25.516396, 0.0 ], [ -49.357174, -25.515997, 0.0 ], [ -49.353558, -25.515019, 0.0 ], [ -49.353548, -25.516276, 0.0 ], [ -49.352084, -25.518338, 0.0 ], [ -49.349933, -25.519818, 0.0 ], [ -49.346983, -25.52026, 0.0 ], [ -49.345309, -25.51902, 0.0 ], [ -49.344335, -25.518416, 0.0 ], [ -49.34244, -25.517326, 0.0 ], [ -49.341859, -25.517053, 0.0 ], [ -49.340783, -25.516526, 0.0 ], [ -49.339735, -25.51583, 0.0 ], [ -49.338819, -25.515135, 0.0 ], [ -49.338167, -25.51624, 0.0 ], [ -49.337729, -25.517195, 0.0 ], [ -49.33696, -25.516818, 0.0 ], [ -49.336197, -25.516552, 0.0 ], [ -49.337175, -25.514447, 0.0 ], [ -49.338172, -25.512552, 0.0 ], [ -49.338683, -25.51126, 0.0 ], [ -49.338688, -25.511231, 0.0 ], [ -49.338903, -25.510948, 0.0 ], [ -49.339481, -25.509667, 0.0 ], [ -49.340001, -25.50838, 0.0 ], [ -49.340443, -25.507214, 0.0 ], [ -49.340922, -25.505476, 0.0 ], [ -49.341166, -25.504462, 0.0 ], [ -49.342149, -25.499891, 0.0 ], [ -49.342653, -25.499921, 0.0 ], [ -49.34289, -25.499979, 0.0 ], [ -49.343084, -25.500152, 0.0 ], [ -49.343447, -25.500519, 0.0 ], [ -49.345113, -25.500651, 0.0 ], [ -49.346044, -25.50077, 0.0 ], [ -49.348181, -25.501138, 0.0 ], [ -49.348328, -25.501219, 0.0 ], [ -49.348744, -25.501861, 0.0 ], [ -49.349133, -25.501761, 0.0 ], [ -49.349966, -25.501801, 0.0 ], [ -49.351307, -25.501848, 0.0 ], [ -49.352245, -25.501868, 0.0 ], [ -49.358202, -25.500572, 0.0 ], [ -49.362908, -25.499304, 0.0 ] ] ] } },
{ "type": "Feature", "properties": { "Name": "2048", "description": "descrição: <br>OBJECTID: 31<br>TURNO: DIURNO<br>FREQUENCIA: SEG/QUA/SEXTA<br>SETOR: 2048<br>POSTO: POSTO 10<br>ID: 24<br>FreqTurno: SEG/QUA/SEXTA, DIURNO<br>X_SEMANA: 3<br>TER: <br>QUI: <br>SAB: <br>layer: POSTO 10 SHP<br>path: G:\\Drives compartilhados\\J_NEGRAO_CCO\\22 - GEOPROCESSAMENTO\\ARRUAMENTO\\jonas\\posto 10\\POSTO 10 SHP.shp<br>SEG: █<br>QUA: █<br>SEX: █", "timestamp": null, "begin": null, "end": null, "altitudeMode": null, "tessellate": -1, "extrude": 0, "visibility": -1, "drawOrder": null, "icon": null, "descri____o": "", "id": "24", "IDENTIFICA": null, "SETOR": "2048", "APELIDO": null, "MACROSETOR": null, "COR": null, "FREQUENCIA": "SEG/QUA/SEXTA", "layer": "POSTO 10 SHP", "path": "G:\\Drives compartilhados\\J_NEGRAO_CCO\\22 - GEOPROCESSAMENTO\\ARRUAMENTO\\jonas\\posto 10\\POSTO 10 SHP.shp", "OBJECTID": "31", "TURNO": "DIURNO", "POSTO": "POSTO 10", "FreqTurno": "SEG/QUA/SEXTA, DIURNO", "X_SEMANA": "3", "TER": "", "QUI": "", "SAB": "", "SEG": "█", "QUA": "█", "SEX": "█" }, "geometry": { "type": "Polygon", "coordinates": [ [ [ -49.355209, -25.479496, 0.0 ], [ -49.354788, -25.4793, 0.0 ], [ -49.354849, -25.476669, 0.0 ], [ -49.351499, -25.475472, 0.0 ], [ -49.351895, -25.474588, 0.0 ], [ -49.352335, -25.473758, 0.0 ], [ -49.354153, -25.470554, 0.0 ], [ -49.354625, -25.469647, 0.0 ], [ -49.35465, -25.4696, 0.0 ], [ -49.355314, -25.46841, 0.0 ], [ -49.356226, -25.466673, 0.0 ], [ -49.35683, -25.465351, 0.0 ], [ -49.357988, -25.462623, 0.0 ], [ -49.359349, -25.459306, 0.0 ], [ -49.360271, -25.457071, 0.0 ], [ -49.360628, -25.456208, 0.0 ], [ -49.361882, -25.453179, 0.0 ], [ -49.362562, -25.451506, 0.0 ], [ -49.362339, -25.451512, 0.0 ], [ -49.363512, -25.448295, 0.0 ], [ -49.365588, -25.434845, 0.0 ], [ -49.365309, -25.433621, 0.0 ], [ -49.364752, -25.432706, 0.0 ], [ -49.364287, -25.432167, 0.0 ], [ -49.363654, -25.431737, 0.0 ], [ -49.365745, -25.431986, 0.0 ], [ -49.36589, -25.432003, 0.0 ], [ -49.37176, -25.432709, 0.0 ], [ -49.372482, -25.432731, 0.0 ], [ -49.37295, -25.432707, 0.0 ], [ -49.373571, -25.432619, 0.0 ], [ -49.373697, -25.4326, 0.0 ], [ -49.374358, -25.432471, 0.0 ], [ -49.375019, -25.432248, 0.0 ], [ -49.375713, -25.431967, 0.0 ], [ -49.376385, -25.431557, 0.0 ], [ -49.376756, -25.431293, 0.0 ], [ -49.377034, -25.431096, 0.0 ], [ -49.377684, -25.430491, 0.0 ], [ -49.379472, -25.428493, 0.0 ], [ -49.380011, -25.427937, 0.0 ], [ -49.380428, -25.427618, 0.0 ], [ -49.380883, -25.427356, 0.0 ], [ -49.381314, -25.427174, 0.0 ], [ -49.381847, -25.42705, 0.0 ], [ -49.382364, -25.427005, 0.0 ], [ -49.383332, -25.426994, 0.0 ], [ -49.384252, -25.427019, 0.0 ], [ -49.386088, -25.427349, 0.0 ], [ -49.388864, -25.427801, 0.0 ], [ -49.388788, -25.428094, 0.0 ], [ -49.388377, -25.428028, 0.0 ], [ -49.388315, -25.428517, 0.0 ], [ -49.388277, -25.428947, 0.0 ], [ -49.388257, -25.429086, 0.0 ], [ -49.388207, -25.429193, 0.0 ], [ -49.38777, -25.429732, 0.0 ], [ -49.387662, -25.429889, 0.0 ], [ -49.387424, -25.430065, 0.0 ], [ -49.386984, -25.430532, 0.0 ], [ -49.386932, -25.430607, 0.0 ], [ -49.386887, -25.43076, 0.0 ], [ -49.386751, -25.430949, 0.0 ], [ -49.386366, -25.431104, 0.0 ], [ -49.385803, -25.43133, 0.0 ], [ -49.385417, -25.431381, 0.0 ], [ -49.385122, -25.431411, 0.0 ], [ -49.384979, -25.431389, 0.0 ], [ -49.384846, -25.431382, 0.0 ], [ -49.384827, -25.431508, 0.0 ], [ -49.384897, -25.431739, 0.0 ], [ -49.38491, -25.431874, 0.0 ], [ -49.384837, -25.432019, 0.0 ], [ -49.384691, -25.432109, 0.0 ], [ -49.384515, -25.432159, 0.0 ], [ -49.384286, -25.432176, 0.0 ], [ -49.384447, -25.432574, 0.0 ], [ -49.384659, -25.432829, 0.0 ], [ -49.384765, -25.433067, 0.0 ], [ -49.384818, -25.433447, 0.0 ], [ -49.384994, -25.43364, 0.0 ], [ -49.385264, -25.433784, 0.0 ], [ -49.385638, -25.43378, 0.0 ], [ -49.387095, -25.442252, 0.0 ], [ -49.387105, -25.442428, 0.0 ], [ -49.387024, -25.44262, 0.0 ], [ -49.386779, -25.442773, 0.0 ], [ -49.386672, -25.442854, 0.0 ], [ -49.386576, -25.443013, 0.0 ], [ -49.386523, -25.443126, 0.0 ], [ -49.386316, -25.443319, 0.0 ], [ -49.38619, -25.443535, 0.0 ], [ -49.386134, -25.443559, 0.0 ], [ -49.386037, -25.443571, 0.0 ], [ -49.385409, -25.446295, 0.0 ], [ -49.384827, -25.448278, 0.0 ], [ -49.38448, -25.448424, 0.0 ], [ -49.384261, -25.448576, 0.0 ], [ -49.384102, -25.44869, 0.0 ], [ -49.383827, -25.448905, 0.0 ], [ -49.383687, -25.449068, 0.0 ], [ -49.383599, -25.44917, 0.0 ], [ -49.383453, -25.449276, 0.0 ], [ -49.383256, -25.44936, 0.0 ], [ -49.383015, -25.449423, 0.0 ], [ -49.38279, -25.449507, 0.0 ], [ -49.382494, -25.449684, 0.0 ], [ -49.382411, -25.449821, 0.0 ], [ -49.382375, -25.45001, 0.0 ], [ -49.382494, -25.450343, 0.0 ], [ -49.382527, -25.450499, 0.0 ], [ -49.382498, -25.450713, 0.0 ], [ -49.382454, -25.450885, 0.0 ], [ -49.382278, -25.451031, 0.0 ], [ -49.382076, -25.45108, 0.0 ], [ -49.38181, -25.451114, 0.0 ], [ -49.381557, -25.451181, 0.0 ], [ -49.381248, -25.451666, 0.0 ], [ -49.381227, -25.451854, 0.0 ], [ -49.3812, -25.452028, 0.0 ], [ -49.381241, -25.452241, 0.0 ], [ -49.38133, -25.452409, 0.0 ], [ -49.381424, -25.452654, 0.0 ], [ -49.381436, -25.452834, 0.0 ], [ -49.381544, -25.453138, 0.0 ], [ -49.381703, -25.453704, 0.0 ], [ -49.381686, -25.453977, 0.0 ], [ -49.38161, -25.454579, 0.0 ], [ -49.381598, -25.454822, 0.0 ], [ -49.381517, -25.454986, 0.0 ], [ -49.381525, -25.45512, 0.0 ], [ -49.38157, -25.455277, 0.0 ], [ -49.38172, -25.455423, 0.0 ], [ -49.382255, -25.456207, 0.0 ], [ -49.382231, -25.456547, 0.0 ], [ -49.38211, -25.456907, 0.0 ], [ -49.382103, -25.457021, 0.0 ], [ -49.38212, -25.457079, 0.0 ], [ -49.382181, -25.45718, 0.0 ], [ -49.382327, -25.45732, 0.0 ], [ -49.382434, -25.45746, 0.0 ], [ -49.382469, -25.457647, 0.0 ], [ -49.382406, -25.457823, 0.0 ], [ -49.38184, -25.458141, 0.0 ], [ -49.38175, -25.458158, 0.0 ], [ -49.381684, -25.458122, 0.0 ], [ -49.38161, -25.458069, 0.0 ], [ -49.381517, -25.458022, 0.0 ], [ -49.381455, -25.458002, 0.0 ], [ -49.381399, -25.458025, 0.0 ], [ -49.381332, -25.458104, 0.0 ], [ -49.381328, -25.458151, 0.0 ], [ -49.38135, -25.458223, 0.0 ], [ -49.381405, -25.458341, 0.0 ], [ -49.38142, -25.458398, 0.0 ], [ -49.381423, -25.458757, 0.0 ], [ -49.381409, -25.458878, 0.0 ], [ -49.381135, -25.459178, 0.0 ], [ -49.380948, -25.45976, 0.0 ], [ -49.380968, -25.460045, 0.0 ], [ -49.38103, -25.460349, 0.0 ], [ -49.381206, -25.460626, 0.0 ], [ -49.381474, -25.460954, 0.0 ], [ -49.38164, -25.461311, 0.0 ], [ -49.38163, -25.462331, 0.0 ], [ -49.381583, -25.46269, 0.0 ], [ -49.381588, -25.463016, 0.0 ], [ -49.381624, -25.463407, 0.0 ], [ -49.381698, -25.463816, 0.0 ], [ -49.381802, -25.464116, 0.0 ], [ -49.381804, -25.464493, 0.0 ], [ -49.381618, -25.465653, 0.0 ], [ -49.381494, -25.466089, 0.0 ], [ -49.381435, -25.466443, 0.0 ], [ -49.381439, -25.466818, 0.0 ], [ -49.381482, -25.467283, 0.0 ], [ -49.381548, -25.46764, 0.0 ], [ -49.381594, -25.467844, 0.0 ], [ -49.381771, -25.468528, 0.0 ], [ -49.381899, -25.468853, 0.0 ], [ -49.382063, -25.469148, 0.0 ], [ -49.382543, -25.46984, 0.0 ], [ -49.382693, -25.470142, 0.0 ], [ -49.382795, -25.470457, 0.0 ], [ -49.382801, -25.470749, 0.0 ], [ -49.382675, -25.471158, 0.0 ], [ -49.382652, -25.471396, 0.0 ], [ -49.382604, -25.472252, 0.0 ], [ -49.382532, -25.472504, 0.0 ], [ -49.38234, -25.472746, 0.0 ], [ -49.381899, -25.473004, 0.0 ], [ -49.38163, -25.473132, 0.0 ], [ -49.381286, -25.473308, 0.0 ], [ -49.380884, -25.473526, 0.0 ], [ -49.380485, -25.473797, 0.0 ], [ -49.380237, -25.473956, 0.0 ], [ -49.38003, -25.474182, 0.0 ], [ -49.379829, -25.474484, 0.0 ], [ -49.379765, -25.474693, 0.0 ], [ -49.379763, -25.474822, 0.0 ], [ -49.379787, -25.474922, 0.0 ], [ -49.379836, -25.475028, 0.0 ], [ -49.380073, -25.475327, 0.0 ], [ -49.380261, -25.475754, 0.0 ], [ -49.380425, -25.476385, 0.0 ], [ -49.380441, -25.476596, 0.0 ], [ -49.38043, -25.476762, 0.0 ], [ -49.380378, -25.477071, 0.0 ], [ -49.38038, -25.477208, 0.0 ], [ -49.380537, -25.477599, 0.0 ], [ -49.380605, -25.477851, 0.0 ], [ -49.380607, -25.478068, 0.0 ], [ -49.380568, -25.478357, 0.0 ], [ -49.380446, -25.478663, 0.0 ], [ -49.380365, -25.47876, 0.0 ], [ -49.380311, -25.478949, 0.0 ], [ -49.380295, -25.479093, 0.0 ], [ -49.380307, -25.47933, 0.0 ], [ -49.380413, -25.479668, 0.0 ], [ -49.38047, -25.479904, 0.0 ], [ -49.380448, -25.480102, 0.0 ], [ -49.380319, -25.48039, 0.0 ], [ -49.380294, -25.481283, 0.0 ], [ -49.380248, -25.481645, 0.0 ], [ -49.380081, -25.481976, 0.0 ], [ -49.380051, -25.482065, 0.0 ], [ -49.379996, -25.482711, 0.0 ], [ -49.379849, -25.483435, 0.0 ], [ -49.379772, -25.483559, 0.0 ], [ -49.379626, -25.483629, 0.0 ], [ -49.3794, -25.483723, 0.0 ], [ -49.379288, -25.483817, 0.0 ], [ -49.379078, -25.484104, 0.0 ], [ -49.378989, -25.484275, 0.0 ], [ -49.378903, -25.484358, 0.0 ], [ -49.378856, -25.48448, 0.0 ], [ -49.378823, -25.48462, 0.0 ], [ -49.378846, -25.484915, 0.0 ], [ -49.378808, -25.48519, 0.0 ], [ -49.378802, -25.485529, 0.0 ], [ -49.378909, -25.486064, 0.0 ], [ -49.378966, -25.48623, 0.0 ], [ -49.37927, -25.486835, 0.0 ], [ -49.379474, -25.487117, 0.0 ], [ -49.379735, -25.487314, 0.0 ], [ -49.380031, -25.487461, 0.0 ], [ -49.380293, -25.487794, 0.0 ], [ -49.380316, -25.48789, 0.0 ], [ -49.3803, -25.487991, 0.0 ], [ -49.380235, -25.488063, 0.0 ], [ -49.380129, -25.488106, 0.0 ], [ -49.37998, -25.488078, 0.0 ], [ -49.379802, -25.487943, 0.0 ], [ -49.379696, -25.487914, 0.0 ], [ -49.379549, -25.487906, 0.0 ], [ -49.379326, -25.48796, 0.0 ], [ -49.379219, -25.488009, 0.0 ], [ -49.378959, -25.488064, 0.0 ], [ -49.378672, -25.488169, 0.0 ], [ -49.378531, -25.488208, 0.0 ], [ -49.378387, -25.488252, 0.0 ], [ -49.378297, -25.488291, 0.0 ], [ -49.378192, -25.488388, 0.0 ], [ -49.378068, -25.488557, 0.0 ], [ -49.377986, -25.488712, 0.0 ], [ -49.37792, -25.488908, 0.0 ], [ -49.377899, -25.489094, 0.0 ], [ -49.377859, -25.4892, 0.0 ], [ -49.377796, -25.489299, 0.0 ], [ -49.377621, -25.489362, 0.0 ], [ -49.377448, -25.489358, 0.0 ], [ -49.377352, -25.489283, 0.0 ], [ -49.377271, -25.489198, 0.0 ], [ -49.377057, -25.488814, 0.0 ], [ -49.377042, -25.488715, 0.0 ], [ -49.377071, -25.48857, 0.0 ], [ -49.377123, -25.488446, 0.0 ], [ -49.377291, -25.488226, 0.0 ], [ -49.37735, -25.488038, 0.0 ], [ -49.37735, -25.487952, 0.0 ], [ -49.377303, -25.487832, 0.0 ], [ -49.377204, -25.487719, 0.0 ], [ -49.377084, -25.487616, 0.0 ], [ -49.376996, -25.487479, 0.0 ], [ -49.376933, -25.487269, 0.0 ], [ -49.37694, -25.486622, 0.0 ], [ -49.376899, -25.48647, 0.0 ], [ -49.376892, -25.486198, 0.0 ], [ -49.376504, -25.485484, 0.0 ], [ -49.376082, -25.484386, 0.0 ], [ -49.375864, -25.483574, 0.0 ], [ -49.375826, -25.48332, 0.0 ], [ -49.375684, -25.483174, 0.0 ], [ -49.375558, -25.483187, 0.0 ], [ -49.37551, -25.48326, 0.0 ], [ -49.37549, -25.483335, 0.0 ], [ -49.375655, -25.483818, 0.0 ], [ -49.375654, -25.484012, 0.0 ], [ -49.375643, -25.484168, 0.0 ], [ -49.375654, -25.484651, 0.0 ], [ -49.37572, -25.484972, 0.0 ], [ -49.375747, -25.485257, 0.0 ], [ -49.37581, -25.485518, 0.0 ], [ -49.375789, -25.485725, 0.0 ], [ -49.375761, -25.486893, 0.0 ], [ -49.375735, -25.487142, 0.0 ], [ -49.375628, -25.487435, 0.0 ], [ -49.37554, -25.488081, 0.0 ], [ -49.375486, -25.488283, 0.0 ], [ -49.375408, -25.48842, 0.0 ], [ -49.375283, -25.488475, 0.0 ], [ -49.375148, -25.488469, 0.0 ], [ -49.374962, -25.48844, 0.0 ], [ -49.374503, -25.488167, 0.0 ], [ -49.37431, -25.488029, 0.0 ], [ -49.373922, -25.487853, 0.0 ], [ -49.373544, -25.487718, 0.0 ], [ -49.373291, -25.487666, 0.0 ], [ -49.372904, -25.48761, 0.0 ], [ -49.372356, -25.487529, 0.0 ], [ -49.372133, -25.487516, 0.0 ], [ -49.372007, -25.48748, 0.0 ], [ -49.371759, -25.487367, 0.0 ], [ -49.371629, -25.487265, 0.0 ], [ -49.371484, -25.487105, 0.0 ], [ -49.371467, -25.486961, 0.0 ], [ -49.371659, -25.48649, 0.0 ], [ -49.371636, -25.486342, 0.0 ], [ -49.371577, -25.486293, 0.0 ], [ -49.371508, -25.486288, 0.0 ], [ -49.371385, -25.486338, 0.0 ], [ -49.371241, -25.486489, 0.0 ], [ -49.371103, -25.486572, 0.0 ], [ -49.370802, -25.486593, 0.0 ], [ -49.370452, -25.486515, 0.0 ], [ -49.370065, -25.48628, 0.0 ], [ -49.369764, -25.485957, 0.0 ], [ -49.369431, -25.48568, 0.0 ], [ -49.369164, -25.485563, 0.0 ], [ -49.368845, -25.485482, 0.0 ], [ -49.36851, -25.485287, 0.0 ], [ -49.368039, -25.485136, 0.0 ], [ -49.367912, -25.485061, 0.0 ], [ -49.367696, -25.484893, 0.0 ], [ -49.367444, -25.484803, 0.0 ], [ -49.367302, -25.484789, 0.0 ], [ -49.367142, -25.484798, 0.0 ], [ -49.36703, -25.484824, 0.0 ], [ -49.366856, -25.484884, 0.0 ], [ -49.366717, -25.484998, 0.0 ], [ -49.366681, -25.485068, 0.0 ], [ -49.36667, -25.485196, 0.0 ], [ -49.366726, -25.485322, 0.0 ], [ -49.366917, -25.48546, 0.0 ], [ -49.367098, -25.485529, 0.0 ], [ -49.367264, -25.485724, 0.0 ], [ -49.367425, -25.485836, 0.0 ], [ -49.367973, -25.486075, 0.0 ], [ -49.368424, -25.486208, 0.0 ], [ -49.368703, -25.486411, 0.0 ], [ -49.369183, -25.48669, 0.0 ], [ -49.369849, -25.48702, 0.0 ], [ -49.370083, -25.487359, 0.0 ], [ -49.370208, -25.48763, 0.0 ], [ -49.370296, -25.487776, 0.0 ], [ -49.370363, -25.488048, 0.0 ], [ -49.37037, -25.488185, 0.0 ], [ -49.370397, -25.488344, 0.0 ], [ -49.370392, -25.488649, 0.0 ], [ -49.370428, -25.488855, 0.0 ], [ -49.370401, -25.4891, 0.0 ], [ -49.370159, -25.489385, 0.0 ], [ -49.370088, -25.489592, 0.0 ], [ -49.369892, -25.489684, 0.0 ], [ -49.369566, -25.489788, 0.0 ], [ -49.3695, -25.48986, 0.0 ], [ -49.369489, -25.489958, 0.0 ], [ -49.369507, -25.490164, 0.0 ], [ -49.369471, -25.490263, 0.0 ], [ -49.369313, -25.490345, 0.0 ], [ -49.368946, -25.490445, 0.0 ], [ -49.368742, -25.490606, 0.0 ], [ -49.368571, -25.490645, 0.0 ], [ -49.367722, -25.490581, 0.0 ], [ -49.367565, -25.490615, 0.0 ], [ -49.36747, -25.490657, 0.0 ], [ -49.367433, -25.490716, 0.0 ], [ -49.367424, -25.490857, 0.0 ], [ -49.36685, -25.490836, 0.0 ], [ -49.359081, -25.487044, 0.0 ], [ -49.358199, -25.487134, 0.0 ], [ -49.357383, -25.486851, 0.0 ], [ -49.356603, -25.486082, 0.0 ], [ -49.356231, -25.485634, 0.0 ], [ -49.356723, -25.484895, 0.0 ], [ -49.356594, -25.484196, 0.0 ], [ -49.356808, -25.483421, 0.0 ], [ -49.357125, -25.482908, 0.0 ], [ -49.357216, -25.482597, 0.0 ], [ -49.356944, -25.482185, 0.0 ], [ -49.356552, -25.481795, 0.0 ], [ -49.356066, -25.481519, 0.0 ], [ -49.356022, -25.481538, 0.0 ], [ -49.355838, -25.480857, 0.0 ], [ -49.355914, -25.480397, 0.0 ], [ -49.355914, -25.480394, 0.0 ], [ -49.356147, -25.480318, 0.0 ], [ -49.356779, -25.480046, 0.0 ], [ -49.357079, -25.479877, 0.0 ], [ -49.357295, -25.47966, 0.0 ], [ -49.357706, -25.480006, 0.0 ], [ -49.357785, -25.479941, 0.0 ], [ -49.357384, -25.479539, 0.0 ], [ -49.35753, -25.479424, 0.0 ], [ -49.3581, -25.479287, 0.0 ], [ -49.358147, -25.478155, 0.0 ], [ -49.356979, -25.478128, 0.0 ], [ -49.356773, -25.478183, 0.0 ], [ -49.356343, -25.478465, 0.0 ], [ -49.355927, -25.478847, 0.0 ], [ -49.35535, -25.479457, 0.0 ], [ -49.355209, -25.479496, 0.0 ] ] ] } },
{ "type": "Feature", "properties": { "Name": "2050", "description": "descrição: <br>OBJECTID: <br>TURNO: <br>FREQUENCIA: SEG/QUA/SEXTA<br>SETOR: 2050<br>POSTO: POSTO 10<br>ID: <br>FreqTurno: <br>X_SEMANA: <br>TER: <br>QUI: <br>SAB: <br>layer: <br>path: <br>SEG: █<br>QUA: █<br>SEX: █", "timestamp": null, "begin": null, "end": null, "altitudeMode": null, "tessellate": -1, "extrude": 0, "visibility": -1, "drawOrder": null, "icon": null, "descri____o": "", "id": "", "IDENTIFICA": null, "SETOR": "2050", "APELIDO": null, "MACROSETOR": null, "COR": null, "FREQUENCIA": "SEG/QUA/SEXTA", "layer": "", "path": "", "OBJECTID": "", "TURNO": "", "POSTO": "POSTO 10", "FreqTurno": "", "X_SEMANA": "", "TER": "", "QUI": "", "SAB": "", "SEG": "█", "QUA": "█", "SEX": "█" }, "geometry": { "type": "Polygon", "coordinates": [ [ [ -49.336126, -25.476719, 0.0 ], [ -49.336236, -25.476572, 0.0 ], [ -49.336703, -25.475969, 0.0 ], [ -49.33683, -25.475844, 0.0 ], [ -49.336965, -25.475713, 0.0 ], [ -49.339209, -25.476952, 0.0 ], [ -49.342491, -25.476966, 0.0 ], [ -49.343973, -25.477145, 0.0 ], [ -49.344075, -25.476937, 0.0 ], [ -49.345181, -25.476938, 0.0 ], [ -49.345917, -25.478212, 0.0 ], [ -49.34636, -25.477597, 0.0 ], [ -49.348259, -25.478606, 0.0 ], [ -49.348201, -25.478818, 0.0 ], [ -49.349875, -25.479223, 0.0 ], [ -49.34809, -25.483451, 0.0 ], [ -49.348087, -25.483458, 0.0 ], [ -49.34736, -25.485118, 0.0 ], [ -49.347333, -25.485182, 0.0 ], [ -49.346827, -25.484887, 0.0 ], [ -49.346513, -25.484788, 0.0 ], [ -49.345232, -25.484506, 0.0 ], [ -49.34186, -25.483719, 0.0 ], [ -49.341355, -25.483694, 0.0 ], [ -49.340849, -25.483745, 0.0 ], [ -49.340355, -25.483822, 0.0 ], [ -49.340128, -25.483115, 0.0 ], [ -49.340014, -25.482216, 0.0 ], [ -49.339956, -25.481496, 0.0 ], [ -49.339913, -25.481505, 0.0 ], [ -49.338578, -25.481472, 0.0 ], [ -49.336563, -25.481659, 0.0 ], [ -49.335618, -25.481447, 0.0 ], [ -49.335322, -25.480918, 0.0 ], [ -49.335136, -25.480646, 0.0 ], [ -49.334789, -25.480113, 0.0 ], [ -49.334575, -25.479746, 0.0 ], [ -49.334464, -25.479381, 0.0 ], [ -49.334364, -25.479203, 0.0 ], [ -49.334311, -25.479153, 0.0 ], [ -49.334199, -25.479048, 0.0 ], [ -49.333982, -25.478949, 0.0 ], [ -49.333765, -25.478954, 0.0 ], [ -49.333663, -25.478958, 0.0 ], [ -49.33358, -25.478934, 0.0 ], [ -49.333215, -25.478822, 0.0 ], [ -49.333133, -25.478799, 0.0 ], [ -49.332958, -25.478761, 0.0 ], [ -49.332793, -25.478729, 0.0 ], [ -49.332432, -25.478684, 0.0 ], [ -49.332312, -25.478672, 0.0 ], [ -49.332005, -25.478648, 0.0 ], [ -49.329988, -25.478496, 0.0 ], [ -49.329505, -25.478368, 0.0 ], [ -49.32922, -25.478252, 0.0 ], [ -49.329081, -25.478185, 0.0 ], [ -49.328916, -25.478123, 0.0 ], [ -49.328736, -25.478061, 0.0 ], [ -49.328578, -25.478046, 0.0 ], [ -49.328299, -25.477959, 0.0 ], [ -49.328138, -25.47749, 0.0 ], [ -49.327826, -25.477415, 0.0 ], [ -49.327744, -25.476818, 0.0 ], [ -49.328199, -25.476818, 0.0 ], [ -49.328394, -25.477414, 0.0 ], [ -49.330321, -25.477276, 0.0 ], [ -49.330646, -25.478195, 0.0 ], [ -49.332012, -25.477797, 0.0 ], [ -49.333314, -25.47744, 0.0 ], [ -49.334295, -25.477236, 0.0 ], [ -49.335405, -25.477055, 0.0 ], [ -49.335917, -25.476993, 0.0 ], [ -49.336126, -25.476719, 0.0 ] ] ] } },
{ "type": "Feature", "properties": { "Name": "3048", "description": "descrição: <br>OBJECTID: <br>TURNO: <br>FREQUENCIA: TER/QUI/SAB<br>SETOR: 3048<br>POSTO: POSTO 10<br>ID: <br>FreqTurno: <br>X_SEMANA: <br>TER: <br>QUI: <br>SAB: <br>layer: <br>path: <br>SEG: <br>QUA: <br>SEX: ", "timestamp": null, "begin": null, "end": null, "altitudeMode": null, "tessellate": -1, "extrude": 0, "visibility": -1, "drawOrder": null, "icon": null, "descri____o": "", "id": "", "IDENTIFICA": null, "SETOR": "3048", "APELIDO": null, "MACROSETOR": null, "COR": null, "FREQUENCIA": "TER/QUI/SAB", "layer": "", "path": "", "OBJECTID": "", "TURNO": "", "POSTO": "POSTO 10", "FreqTurno": "", "X_SEMANA": "", "TER": "", "QUI": "", "SAB": "", "SEG": "", "QUA": "", "SEX": "" }, "geometry": { "type": "Polygon", "coordinates": [ [ [ -49.332744, -25.52294, 0.0 ], [ -49.336029, -25.525264, 0.0 ], [ -49.337084, -25.525961, 0.0 ], [ -49.337891, -25.526369, 0.0 ], [ -49.338537, -25.526622, 0.0 ], [ -49.339058, -25.526775, 0.0 ], [ -49.340141, -25.527076, 0.0 ], [ -49.340232, -25.527643, 0.0 ], [ -49.340517, -25.528055, 0.0 ], [ -49.341375, -25.5286, 0.0 ], [ -49.343542, -25.530676, 0.0 ], [ -49.34409, -25.53177, 0.0 ], [ -49.342982, -25.532438, 0.0 ], [ -49.341852, -25.533938, 0.0 ], [ -49.3349, -25.531537, 0.0 ], [ -49.33225, -25.530646, 0.0 ], [ -49.327808, -25.528807, 0.0 ], [ -49.326886, -25.529291, 0.0 ], [ -49.324665, -25.530811, 0.0 ], [ -49.322229, -25.53206, 0.0 ], [ -49.316607, -25.53448, 0.0 ], [ -49.316516, -25.5341, 0.0 ], [ -49.314948, -25.535262, 0.0 ], [ -49.313264, -25.537072, 0.0 ], [ -49.312336, -25.537461, 0.0 ], [ -49.310973, -25.537578, 0.0 ], [ -49.310029, -25.537929, 0.0 ], [ -49.309514, -25.538437, 0.0 ], [ -49.308634, -25.541138, 0.0 ], [ -49.308043, -25.542432, 0.0 ], [ -49.308331, -25.542748, 0.0 ], [ -49.30787, -25.542962, 0.0 ], [ -49.306635, -25.543425, 0.0 ], [ -49.303206, -25.544186, 0.0 ], [ -49.302396, -25.540475, 0.0 ], [ -49.301901, -25.538628, 0.0 ], [ -49.30137, -25.536329, 0.0 ], [ -49.301168, -25.535428, 0.0 ], [ -49.3009, -25.534422, 0.0 ], [ -49.302982, -25.534867, 0.0 ], [ -49.305364, -25.534402, 0.0 ], [ -49.307016, -25.533705, 0.0 ], [ -49.308464, -25.532089, 0.0 ], [ -49.310492, -25.530656, 0.0 ], [ -49.312702, -25.528623, 0.0 ], [ -49.314268, -25.527432, 0.0 ], [ -49.315663, -25.526309, 0.0 ], [ -49.316736, -25.524372, 0.0 ], [ -49.318174, -25.521681, 0.0 ], [ -49.318882, -25.521119, 0.0 ], [ -49.32283, -25.518951, 0.0 ], [ -49.327937, -25.519958, 0.0 ], [ -49.329332, -25.520752, 0.0 ], [ -49.332744, -25.52294, 0.0 ] ] ] } },
{ "type": "Feature", "properties": { "Name": "3049", "description": "descrição: <br>OBJECTID: <br>TURNO: <br>FREQUENCIA: TER/QUI/SAB<br>SETOR: 3049<br>POSTO: POSTO 10<br>ID: <br>FreqTurno: <br>X_SEMANA: <br>TER: <br>QUI: <br>SAB: <br>layer: <br>path: <br>SEG: <br>QUA: <br>SEX: ", "timestamp": null, "begin": null, "end": null, "altitudeMode": null, "tessellate": -1, "extrude": 0, "visibility": -1, "drawOrder": null, "icon": null, "descri____o": "", "id": "", "IDENTIFICA": null, "SETOR": "3049", "APELIDO": null, "MACROSETOR": null, "COR": null, "FREQUENCIA": "TER/QUI/SAB", "layer": "", "path": "", "OBJECTID": "", "TURNO": "", "POSTO": "POSTO 10", "FreqTurno": "", "X_SEMANA": "", "TER": "", "QUI": "", "SAB": "", "SEG": "", "QUA": "", "SEX": "" }, "geometry": { "type": "Polygon", "coordinates": [ [ [ -49.341852, -25.533938, 0.0 ], [ -49.340827, -25.535174, 0.0 ], [ -49.34057, -25.535691, 0.0 ], [ -49.340527, -25.535936, 0.0 ], [ -49.34058, -25.536316, 0.0 ], [ -49.340738, -25.536635, 0.0 ], [ -49.341032, -25.537027, 0.0 ], [ -49.34124, -25.537226, 0.0 ], [ -49.341449, -25.537371, 0.0 ], [ -49.341707, -25.537468, 0.0 ], [ -49.342127, -25.537431, 0.0 ], [ -49.342439, -25.537366, 0.0 ], [ -49.342581, -25.537439, 0.0 ], [ -49.342718, -25.537695, 0.0 ], [ -49.342765, -25.537828, 0.0 ], [ -49.342864, -25.537876, 0.0 ], [ -49.342924, -25.537962, 0.0 ], [ -49.342919, -25.5383, 0.0 ], [ -49.343063, -25.538498, 0.0 ], [ -49.343228, -25.538666, 0.0 ], [ -49.343472, -25.5388, 0.0 ], [ -49.343724, -25.539058, 0.0 ], [ -49.343885, -25.539331, 0.0 ], [ -49.34411, -25.539501, 0.0 ], [ -49.345945, -25.541476, 0.0 ], [ -49.345976, -25.54333, 0.0 ], [ -49.340666, -25.543983, 0.0 ], [ -49.323515, -25.543652, 0.0 ], [ -49.322964, -25.543421, 0.0 ], [ -49.320775, -25.540324, 0.0 ], [ -49.31683, -25.534307, 0.0 ], [ -49.321443, -25.532352, 0.0 ], [ -49.324665, -25.530811, 0.0 ], [ -49.326886, -25.529291, 0.0 ], [ -49.327808, -25.528807, 0.0 ], [ -49.332086, -25.530609, 0.0 ], [ -49.341852, -25.533938, 0.0 ] ] ] } },
{ "type": "Feature", "properties": { "Name": "3050", "description": "descrição: <br>OBJECTID: <br>TURNO: <br>FREQUENCIA: TER/QUI/SAB<br>SETOR: 3050<br>POSTO: POSTO 10<br>ID: <br>FreqTurno: <br>X_SEMANA: <br>TER: <br>QUI: <br>SAB: <br>layer: <br>path: <br>SEG: <br>QUA: <br>SEX: ", "timestamp": null, "begin": null, "end": null, "altitudeMode": null, "tessellate": -1, "extrude": 0, "visibility": -1, "drawOrder": null, "icon": null, "descri____o": "", "id": "", "IDENTIFICA": null, "SETOR": "3050", "APELIDO": null, "MACROSETOR": null, "COR": null, "FREQUENCIA": "TER/QUI/SAB", "layer": "", "path": "", "OBJECTID": "", "TURNO": "", "POSTO": "POSTO 10", "FreqTurno": "", "X_SEMANA": "", "TER": "", "QUI": "", "SAB": "", "SEG": "", "QUA": "", "SEX": "" }, "geometry": { "type": "Polygon", "coordinates": [ [ [ -49.321911, -25.54227, 0.0 ], [ -49.322061, -25.542164, 0.0 ], [ -49.322964, -25.543421, 0.0 ], [ -49.323515, -25.543652, 0.0 ], [ -49.326857, -25.543727, 0.0 ], [ -49.337049, -25.543848, 0.0 ], [ -49.340483, -25.543984, 0.0 ], [ -49.342661, -25.543732, 0.0 ], [ -49.345976, -25.54333, 0.0 ], [ -49.345836, -25.543558, 0.0 ], [ -49.345772, -25.543887, 0.0 ], [ -49.345718, -25.544264, 0.0 ], [ -49.345783, -25.545068, 0.0 ], [ -49.345673, -25.547322, 0.0 ], [ -49.345478, -25.548474, 0.0 ], [ -49.345228, -25.549015, 0.0 ], [ -49.344662, -25.549419, 0.0 ], [ -49.344129, -25.550698, 0.0 ], [ -49.343068, -25.552419, 0.0 ], [ -49.341706, -25.555406, 0.0 ], [ -49.33603, -25.553276, 0.0 ], [ -49.333015, -25.552153, 0.0 ], [ -49.333884, -25.550353, 0.0 ], [ -49.33691, -25.544051, 0.0 ], [ -49.327125, -25.543867, 0.0 ], [ -49.323418, -25.543809, 0.0 ], [ -49.322914, -25.54365, 0.0 ], [ -49.321911, -25.54227, 0.0 ] ] ] } },
{ "type": "Feature", "properties": { "Name": "3051", "description": "descrição: <br>OBJECTID: <br>TURNO: <br>FREQUENCIA: TER/QUI/SAB<br>SETOR: 3051<br>POSTO: POSTO 10<br>ID: <br>FreqTurno: <br>X_SEMANA: <br>TER: <br>QUI: <br>SAB: <br>layer: <br>path: <br>SEG: <br>QUA: <br>SEX: ", "timestamp": null, "begin": null, "end": null, "altitudeMode": null, "tessellate": -1, "extrude": 0, "visibility": -1, "drawOrder": null, "icon": null, "descri____o": "", "id": "", "IDENTIFICA": null, "SETOR": "3051", "APELIDO": null, "MACROSETOR": null, "COR": null, "FREQUENCIA": "TER/QUI/SAB", "layer": "", "path": "", "OBJECTID": "", "TURNO": "", "POSTO": "POSTO 10", "FreqTurno": "", "X_SEMANA": "", "TER": "", "QUI": "", "SAB": "", "SEG": "", "QUA": "", "SEX": "" }, "geometry": { "type": "Polygon", "coordinates": [ [ [ -49.337056, -25.582216, 0.0 ], [ -49.338518, -25.587708, 0.0 ], [ -49.339022, -25.589796, 0.0 ], [ -49.337576, -25.590318, 0.0 ], [ -49.337713, -25.590919, 0.0 ], [ -49.337945, -25.591708, 0.0 ], [ -49.338373, -25.593001, 0.0 ], [ -49.3351, -25.59363, 0.0 ], [ -49.334577, -25.593664, 0.0 ], [ -49.33134, -25.592077, 0.0 ], [ -49.330503, -25.591617, 0.0 ], [ -49.330103, -25.591274, 0.0 ], [ -49.329654, -25.591069, 0.0 ], [ -49.328994, -25.590754, 0.0 ], [ -49.328573, -25.590509, 0.0 ], [ -49.328234, -25.590386, 0.0 ], [ -49.328019, -25.590338, 0.0 ], [ -49.327908, -25.590331, 0.0 ], [ -49.327754, -25.590316, 0.0 ], [ -49.327529, -25.590274, 0.0 ], [ -49.327464, -25.590248, 0.0 ], [ -49.327494, -25.590205, 0.0 ], [ -49.327494, -25.590123, 0.0 ], [ -49.327462, -25.590018, 0.0 ], [ -49.327311, -25.589432, 0.0 ], [ -49.328014, -25.588513, 0.0 ], [ -49.329049, -25.58787, 0.0 ], [ -49.330476, -25.587328, 0.0 ], [ -49.331562, -25.588467, 0.0 ], [ -49.334126, -25.585206, 0.0 ], [ -49.334953, -25.584287, 0.0 ], [ -49.337056, -25.582216, 0.0 ] ] ] } },
{ "type": "Feature", "properties": { "Name": "3052", "description": "descrição: <br>OBJECTID: <br>TURNO: <br>FREQUENCIA: TER/QUI/SAB<br>SETOR: 3052<br>POSTO: POSTO 10<br>ID: <br>FreqTurno: <br>X_SEMANA: <br>TER: <br>QUI: <br>SAB: <br>layer: <br>path: <br>SEG: <br>QUA: <br>SEX: ", "timestamp": null, "begin": null, "end": null, "altitudeMode": null, "tessellate": -1, "extrude": 0, "visibility": -1, "drawOrder": null, "icon": null, "descri____o": "", "id": "", "IDENTIFICA": null, "SETOR": "3052", "APELIDO": null, "MACROSETOR": null, "COR": null, "FREQUENCIA": "TER/QUI/SAB", "layer": "", "path": "", "OBJECTID": "", "TURNO": "", "POSTO": "POSTO 10", "FreqTurno": "", "X_SEMANA": "", "TER": "", "QUI": "", "SAB": "", "SEG": "", "QUA": "", "SEX": "" }, "geometry": { "type": "Polygon", "coordinates": [ [ [ -49.316744, -25.577751, 0.0 ], [ -49.316675, -25.577244, 0.0 ], [ -49.316664, -25.576737, 0.0 ], [ -49.31676, -25.575055, 0.0 ], [ -49.319934, -25.575064, 0.0 ], [ -49.321087, -25.574812, 0.0 ], [ -49.321753, -25.574649, 0.0 ], [ -49.322407, -25.574402, 0.0 ], [ -49.324532, -25.575163, 0.0 ], [ -49.325883, -25.575467, 0.0 ], [ -49.326677, -25.57513, 0.0 ], [ -49.327674, -25.576265, 0.0 ], [ -49.327424, -25.576652, 0.0 ], [ -49.329927, -25.57888, 0.0 ], [ -49.329259, -25.579486, 0.0 ], [ -49.329145, -25.579516, 0.0 ], [ -49.328696, -25.579582, 0.0 ], [ -49.327772, -25.579476, 0.0 ], [ -49.324446, -25.579406, 0.0 ], [ -49.322959, -25.57934, 0.0 ], [ -49.322812, -25.581046, 0.0 ], [ -49.322761, -25.581813, 0.0 ], [ -49.322599, -25.583105, 0.0 ], [ -49.322406, -25.583086, 0.0 ], [ -49.322101, -25.583111, 0.0 ], [ -49.321828, -25.583184, 0.0 ], [ -49.320225, -25.583948, 0.0 ], [ -49.319786, -25.584104, 0.0 ], [ -49.318442, -25.584573, 0.0 ], [ -49.318264, -25.584577, 0.0 ], [ -49.318005, -25.585357, 0.0 ], [ -49.31796, -25.585709, 0.0 ], [ -49.318057, -25.586928, 0.0 ], [ -49.318229, -25.587373, 0.0 ], [ -49.31907, -25.589262, 0.0 ], [ -49.321024, -25.588428, 0.0 ], [ -49.321412, -25.588981, 0.0 ], [ -49.322222, -25.589421, 0.0 ], [ -49.322956, -25.589692, 0.0 ], [ -49.323378, -25.589649, 0.0 ], [ -49.323696, -25.589485, 0.0 ], [ -49.324197, -25.589491, 0.0 ], [ -49.32435, -25.589483, 0.0 ], [ -49.324497, -25.589524, 0.0 ], [ -49.325378, -25.589845, 0.0 ], [ -49.327873, -25.59037, 0.0 ], [ -49.328271, -25.590431, 0.0 ], [ -49.328648, -25.590567, 0.0 ], [ -49.329069, -25.590812, 0.0 ], [ -49.329701, -25.591092, 0.0 ], [ -49.330217, -25.591343, 0.0 ], [ -49.330615, -25.591673, 0.0 ], [ -49.331415, -25.592135, 0.0 ], [ -49.328169, -25.593271, 0.0 ], [ -49.327702, -25.594099, 0.0 ], [ -49.327583, -25.594211, 0.0 ], [ -49.326979, -25.594747, 0.0 ], [ -49.326718, -25.595018, 0.0 ], [ -49.326058, -25.59568, 0.0 ], [ -49.325644, -25.595975, 0.0 ], [ -49.325192, -25.596201, 0.0 ], [ -49.324651, -25.596413, 0.0 ], [ -49.324088, -25.596548, 0.0 ], [ -49.323502, -25.59671, 0.0 ], [ -49.323847, -25.597469, 0.0 ], [ -49.324312, -25.599183, 0.0 ], [ -49.324699, -25.601042, 0.0 ], [ -49.324518, -25.600768, 0.0 ], [ -49.32451, -25.600745, 0.0 ], [ -49.323461, -25.601574, 0.0 ], [ -49.323092, -25.601866, 0.0 ], [ -49.32258, -25.602207, 0.0 ], [ -49.321831, -25.602598, 0.0 ], [ -49.321322, -25.602795, 0.0 ], [ -49.32053, -25.602982, 0.0 ], [ -49.319781, -25.603113, 0.0 ], [ -49.31926, -25.603173, 0.0 ], [ -49.318029, -25.603408, 0.0 ], [ -49.316913, -25.597794, 0.0 ], [ -49.315804, -25.592708, 0.0 ], [ -49.315747, -25.592451, 0.0 ], [ -49.314207, -25.585572, 0.0 ], [ -49.313631, -25.582936, 0.0 ], [ -49.313629, -25.582927, 0.0 ], [ -49.313538, -25.582511, 0.0 ], [ -49.313519, -25.582426, 0.0 ], [ -49.313002, -25.580127, 0.0 ], [ -49.31736, -25.580512, 0.0 ], [ -49.317609, -25.58054, 0.0 ], [ -49.317539, -25.580234, 0.0 ], [ -49.317083, -25.579022, 0.0 ], [ -49.316744, -25.577751, 0.0 ] ] ] } },
{ "type": "Feature", "properties": { "Name": "3053", "description": "descrição: <br>OBJECTID: <br>TURNO: <br>FREQUENCIA: TER/QUI/SAB<br>SETOR: 3053<br>POSTO: POSTO 10<br>ID: <br>FreqTurno: <br>X_SEMANA: <br>TER: <br>QUI: <br>SAB: <br>layer: <br>path: <br>SEG: <br>QUA: <br>SEX: ", "timestamp": null, "begin": null, "end": null, "altitudeMode": null, "tessellate": -1, "extrude": 0, "visibility": -1, "drawOrder": null, "icon": null, "descri____o": "", "id": "", "IDENTIFICA": null, "SETOR": "3053", "APELIDO": null, "MACROSETOR": null, "COR": null, "FREQUENCIA": "TER/QUI/SAB", "layer": "", "path": "", "OBJECTID": "", "TURNO": "", "POSTO": "POSTO 10", "FreqTurno": "", "X_SEMANA": "", "TER": "", "QUI": "", "SAB": "", "SEG": "", "QUA": "", "SEX": "" }, "geometry": { "type": "Polygon", "coordinates": [ [ [ -49.32856, -25.56445, 0.0 ], [ -49.328739, -25.56408, 0.0 ], [ -49.33002, -25.561453, 0.0 ], [ -49.330489, -25.561678, 0.0 ], [ -49.330944, -25.561797, 0.0 ], [ -49.331157, -25.562123, 0.0 ], [ -49.332526, -25.564592, 0.0 ], [ -49.332926, -25.564378, 0.0 ], [ -49.332851, -25.564602, 0.0 ], [ -49.332783, -25.564734, 0.0 ], [ -49.332696, -25.564862, 0.0 ], [ -49.332477, -25.565327, 0.0 ], [ -49.331832, -25.566658, 0.0 ], [ -49.332096, -25.567271, 0.0 ], [ -49.332111, -25.567638, 0.0 ], [ -49.332085, -25.568475, 0.0 ], [ -49.332094, -25.568669, 0.0 ], [ -49.332126, -25.569333, 0.0 ], [ -49.331979, -25.569298, 0.0 ], [ -49.331496, -25.569185, 0.0 ], [ -49.331441, -25.569152, 0.0 ], [ -49.331382, -25.569115, 0.0 ], [ -49.331205, -25.569092, 0.0 ], [ -49.331083, -25.56907, 0.0 ], [ -49.330994, -25.569072, 0.0 ], [ -49.330921, -25.569089, 0.0 ], [ -49.330779, -25.569144, 0.0 ], [ -49.330488, -25.569239, 0.0 ], [ -49.330215, -25.569257, 0.0 ], [ -49.328601, -25.569354, 0.0 ], [ -49.328254, -25.5693, 0.0 ], [ -49.327927, -25.569327, 0.0 ], [ -49.327928, -25.572289, 0.0 ], [ -49.327981, -25.573697, 0.0 ], [ -49.330551, -25.575814, 0.0 ], [ -49.331942, -25.577052, 0.0 ], [ -49.329927, -25.57888, 0.0 ], [ -49.327424, -25.576652, 0.0 ], [ -49.327674, -25.576265, 0.0 ], [ -49.326677, -25.57513, 0.0 ], [ -49.325883, -25.575467, 0.0 ], [ -49.324532, -25.575165, 0.0 ], [ -49.322407, -25.574402, 0.0 ], [ -49.321753, -25.574649, 0.0 ], [ -49.321087, -25.574812, 0.0 ], [ -49.319929, -25.57507, 0.0 ], [ -49.316761, -25.575051, 0.0 ], [ -49.31672, -25.575724, 0.0 ], [ -49.316664, -25.576737, 0.0 ], [ -49.316675, -25.577244, 0.0 ], [ -49.316744, -25.577751, 0.0 ], [ -49.317084, -25.579024, 0.0 ], [ -49.317539, -25.580234, 0.0 ], [ -49.317606, -25.580541, 0.0 ], [ -49.31736, -25.580512, 0.0 ], [ -49.313002, -25.580126, 0.0 ], [ -49.312772, -25.579012, 0.0 ], [ -49.312388, -25.577256, 0.0 ], [ -49.311838, -25.574603, 0.0 ], [ -49.311618, -25.573544, 0.0 ], [ -49.311334, -25.572317, 0.0 ], [ -49.311243, -25.571929, 0.0 ], [ -49.310897, -25.5708, 0.0 ], [ -49.310327, -25.568941, 0.0 ], [ -49.311032, -25.568711, 0.0 ], [ -49.314889, -25.567454, 0.0 ], [ -49.31524, -25.56743, 0.0 ], [ -49.315477, -25.567374, 0.0 ], [ -49.315545, -25.567333, 0.0 ], [ -49.315746, -25.567213, 0.0 ], [ -49.31604, -25.567016, 0.0 ], [ -49.316333, -25.566883, 0.0 ], [ -49.316706, -25.566791, 0.0 ], [ -49.317173, -25.566765, 0.0 ], [ -49.317454, -25.566809, 0.0 ], [ -49.317669, -25.566875, 0.0 ], [ -49.317938, -25.567051, 0.0 ], [ -49.318145, -25.567277, 0.0 ], [ -49.318432, -25.56764, 0.0 ], [ -49.318613, -25.567952, 0.0 ], [ -49.318847, -25.568438, 0.0 ], [ -49.318932, -25.56853, 0.0 ], [ -49.319066, -25.568586, 0.0 ], [ -49.319317, -25.568625, 0.0 ], [ -49.319704, -25.56863, 0.0 ], [ -49.320095, -25.568625, 0.0 ], [ -49.320488, -25.568552, 0.0 ], [ -49.320761, -25.568455, 0.0 ], [ -49.321301, -25.568215, 0.0 ], [ -49.321781, -25.568007, 0.0 ], [ -49.322105, -25.567855, 0.0 ], [ -49.322596, -25.567542, 0.0 ], [ -49.323207, -25.566989, 0.0 ], [ -49.323572, -25.566698, 0.0 ], [ -49.3241, -25.566271, 0.0 ], [ -49.324432, -25.566122, 0.0 ], [ -49.324805, -25.566, 0.0 ], [ -49.325252, -25.56594, 0.0 ], [ -49.325223, -25.565097, 0.0 ], [ -49.327717, -25.563931, 0.0 ], [ -49.327985, -25.56427, 0.0 ], [ -49.328032, -25.564423, 0.0 ], [ -49.328027, -25.564569, 0.0 ], [ -49.32806, -25.564678, 0.0 ], [ -49.328143, -25.564776, 0.0 ], [ -49.328281, -25.564795, 0.0 ], [ -49.328383, -25.564747, 0.0 ], [ -49.328452, -25.564656, 0.0 ], [ -49.32856, -25.56445, 0.0 ] ] ] } },
{ "type": "Feature", "properties": { "Name": "3054", "description": "descrição: <br>OBJECTID: <br>TURNO: <br>FREQUENCIA: TER/QUI/SAB<br>SETOR: 3054<br>POSTO: POSTO 10<br>ID: <br>FreqTurno: <br>X_SEMANA: <br>TER: <br>QUI: <br>SAB: <br>layer: <br>path: <br>SEG: <br>QUA: <br>SEX: ", "timestamp": null, "begin": null, "end": null, "altitudeMode": null, "tessellate": -1, "extrude": 0, "visibility": -1, "drawOrder": null, "icon": null, "descri____o": "", "id": "", "IDENTIFICA": null, "SETOR": "3054", "APELIDO": null, "MACROSETOR": null, "COR": null, "FREQUENCIA": "TER/QUI/SAB", "layer": "", "path": "", "OBJECTID": "", "TURNO": "", "POSTO": "POSTO 10", "FreqTurno": "", "X_SEMANA": "", "TER": "", "QUI": "", "SAB": "", "SEG": "", "QUA": "", "SEX": "" }, "geometry": { "type": "Polygon", "coordinates": [ [ [ -49.308324, -25.541825, 0.0 ], [ -49.308634, -25.541138, 0.0 ], [ -49.309514, -25.538437, 0.0 ], [ -49.310029, -25.537929, 0.0 ], [ -49.310973, -25.537578, 0.0 ], [ -49.312336, -25.537461, 0.0 ], [ -49.312819, -25.537266, 0.0 ], [ -49.313264, -25.537072, 0.0 ], [ -49.313929, -25.536327, 0.0 ], [ -49.314948, -25.535262, 0.0 ], [ -49.316719, -25.533945, 0.0 ], [ -49.316971, -25.534342, 0.0 ], [ -49.320775, -25.540324, 0.0 ], [ -49.321642, -25.541614, 0.0 ], [ -49.324603, -25.540472, 0.0 ], [ -49.327247, -25.543872, 0.0 ], [ -49.337168, -25.544017, 0.0 ], [ -49.33338, -25.552388, 0.0 ], [ -49.333283, -25.552591, 0.0 ], [ -49.333272, -25.552707, 0.0 ], [ -49.34241, -25.556194, 0.0 ], [ -49.34249, -25.556847, 0.0 ], [ -49.342752, -25.557519, 0.0 ], [ -49.342974, -25.557839, 0.0 ], [ -49.343277, -25.558093, 0.0 ], [ -49.343556, -25.558447, 0.0 ], [ -49.343921, -25.559037, 0.0 ], [ -49.344176, -25.559643, 0.0 ], [ -49.344355, -25.56023, 0.0 ], [ -49.344441, -25.560571, 0.0 ], [ -49.344452, -25.561016, 0.0 ], [ -49.34442, -25.562013, 0.0 ], [ -49.344591, -25.563743, 0.0 ], [ -49.344634, -25.563954, 0.0 ], [ -49.344784, -25.56467, 0.0 ], [ -49.344812, -25.565344, 0.0 ], [ -49.344905, -25.565805, 0.0 ], [ -49.342539, -25.565488, 0.0 ], [ -49.341264, -25.565391, 0.0 ], [ -49.339406, -25.565365, 0.0 ], [ -49.337808, -25.565348, 0.0 ], [ -49.335716, -25.565314, 0.0 ], [ -49.334866, -25.565338, 0.0 ], [ -49.33419, -25.565355, 0.0 ], [ -49.333567, -25.565329, 0.0 ], [ -49.334565, -25.56348, 0.0 ], [ -49.335495, -25.561022, 0.0 ], [ -49.335641, -25.560789, 0.0 ], [ -49.33524, -25.560014, 0.0 ], [ -49.335015, -25.559467, 0.0 ], [ -49.334698, -25.55907, 0.0 ], [ -49.334567, -25.55898, 0.0 ], [ -49.335511, -25.557238, 0.0 ], [ -49.334239, -25.556677, 0.0 ], [ -49.333617, -25.556977, 0.0 ], [ -49.332979, -25.557262, 0.0 ], [ -49.332233, -25.557604, 0.0 ], [ -49.331906, -25.557533, 0.0 ], [ -49.332432, -25.556471, 0.0 ], [ -49.332737, -25.555819, 0.0 ], [ -49.332888, -25.555254, 0.0 ], [ -49.332904, -25.554944, 0.0 ], [ -49.332673, -25.553832, 0.0 ], [ -49.332765, -25.553354, 0.0 ], [ -49.333082, -25.552654, 0.0 ], [ -49.333208, -25.552164, 0.0 ], [ -49.332962, -25.552066, 0.0 ], [ -49.327432, -25.549964, 0.0 ], [ -49.324352, -25.548806, 0.0 ], [ -49.319398, -25.546741, 0.0 ], [ -49.318715, -25.546438, 0.0 ], [ -49.316693, -25.545136, 0.0 ], [ -49.31429, -25.543074, 0.0 ], [ -49.312632, -25.543487, 0.0 ], [ -49.311417, -25.543019, 0.0 ], [ -49.310118, -25.542509, 0.0 ], [ -49.308835, -25.543038, 0.0 ], [ -49.308043, -25.542432, 0.0 ], [ -49.308324, -25.541825, 0.0 ] ], [ [ -49.322914, -25.54365, 0.0 ], [ -49.321911, -25.54227, 0.0 ], [ -49.322061, -25.542164, 0.0 ], [ -49.321883, -25.541881, 0.0 ], [ -49.324549, -25.540794, 0.0 ], [ -49.326894, -25.543883, 0.0 ], [ -49.323418, -25.543809, 0.0 ], [ -49.322914, -25.54365, 0.0 ] ] ] } },
{ "type": "Feature", "properties": { "Name": "3055", "description": "descrição: <br>OBJECTID: <br>TURNO: <br>FREQUENCIA: TER/QUI/SAB<br>SETOR: 3055<br>POSTO: POSTO 10<br>ID: <br>FreqTurno: <br>X_SEMANA: <br>TER: <br>QUI: <br>SAB: <br>layer: <br>path: <br>SEG: <br>QUA: <br>SEX: ", "timestamp": null, "begin": null, "end": null, "altitudeMode": null, "tessellate": -1, "extrude": 0, "visibility": -1, "drawOrder": null, "icon": null, "descri____o": "", "id": "", "IDENTIFICA": null, "SETOR": "3055", "APELIDO": null, "MACROSETOR": null, "COR": null, "FREQUENCIA": "TER/QUI/SAB", "layer": "", "path": "", "OBJECTID": "", "TURNO": "", "POSTO": "POSTO 10", "FreqTurno": "", "X_SEMANA": "", "TER": "", "QUI": "", "SAB": "", "SEG": "", "QUA": "", "SEX": "" }, "geometry": { "type": "Polygon", "coordinates": [ [ [ -49.344905, -25.565805, 0.0 ], [ -49.344958, -25.565968, 0.0 ], [ -49.344973, -25.566281, 0.0 ], [ -49.344929, -25.567125, 0.0 ], [ -49.343561, -25.567028, 0.0 ], [ -49.342791, -25.566897, 0.0 ], [ -49.341396, -25.566641, 0.0 ], [ -49.3413, -25.566694, 0.0 ], [ -49.33998, -25.567281, 0.0 ], [ -49.339846, -25.567342, 0.0 ], [ -49.33972, -25.567376, 0.0 ], [ -49.339227, -25.567441, 0.0 ], [ -49.339198, -25.567615, 0.0 ], [ -49.339116, -25.567813, 0.0 ], [ -49.338996, -25.568154, 0.0 ], [ -49.338741, -25.568654, 0.0 ], [ -49.338483, -25.569149, 0.0 ], [ -49.338312, -25.569664, 0.0 ], [ -49.338298, -25.570154, 0.0 ], [ -49.3383, -25.570235, 0.0 ], [ -49.338508, -25.572201, 0.0 ], [ -49.336942, -25.572578, 0.0 ], [ -49.334695, -25.573133, 0.0 ], [ -49.332709, -25.573427, 0.0 ], [ -49.331753, -25.573583, 0.0 ], [ -49.328664, -25.574052, 0.0 ], [ -49.328453, -25.57409, 0.0 ], [ -49.327981, -25.573697, 0.0 ], [ -49.327927, -25.572302, 0.0 ], [ -49.327926, -25.569329, 0.0 ], [ -49.328255, -25.569298, 0.0 ], [ -49.328594, -25.569353, 0.0 ], [ -49.330488, -25.56924, 0.0 ], [ -49.33078, -25.569144, 0.0 ], [ -49.330921, -25.56909, 0.0 ], [ -49.330993, -25.569072, 0.0 ], [ -49.331083, -25.56907, 0.0 ], [ -49.331207, -25.569093, 0.0 ], [ -49.331381, -25.569115, 0.0 ], [ -49.331496, -25.569185, 0.0 ], [ -49.331755, -25.569246, 0.0 ], [ -49.332126, -25.569336, 0.0 ], [ -49.332097, -25.568779, 0.0 ], [ -49.332085, -25.568475, 0.0 ], [ -49.332111, -25.567638, 0.0 ], [ -49.332096, -25.567271, 0.0 ], [ -49.331832, -25.566658, 0.0 ], [ -49.332477, -25.565327, 0.0 ], [ -49.333114, -25.565365, 0.0 ], [ -49.333595, -25.565342, 0.0 ], [ -49.3342, -25.565374, 0.0 ], [ -49.337552, -25.565358, 0.0 ], [ -49.339237, -25.565364, 0.0 ], [ -49.341366, -25.565397, 0.0 ], [ -49.342497, -25.565482, 0.0 ], [ -49.344905, -25.565805, 0.0 ] ] ] } },
{ "type": "Feature", "properties": { "Name": "3056", "description": "descrição: <br>OBJECTID: <br>TURNO: <br>FREQUENCIA: TER/QUI/SAB<br>SETOR: 3056<br>POSTO: POSTO 10<br>ID: <br>FreqTurno: <br>X_SEMANA: <br>TER: <br>QUI: <br>SAB: <br>layer: <br>path: <br>SEG: <br>QUA: <br>SEX: ", "timestamp": null, "begin": null, "end": null, "altitudeMode": null, "tessellate": -1, "extrude": 0, "visibility": -1, "drawOrder": null, "icon": null, "descri____o": "", "id": "", "IDENTIFICA": null, "SETOR": "3056", "APELIDO": null, "MACROSETOR": null, "COR": null, "FREQUENCIA": "TER/QUI/SAB", "layer": "", "path": "", "OBJECTID": "", "TURNO": "", "POSTO": "POSTO 10", "FreqTurno": "", "X_SEMANA": "", "TER": "", "QUI": "", "SAB": "", "SEG": "", "QUA": "", "SEX": "" }, "geometry": { "type": "Polygon", "coordinates": [ [ [ -49.332461, -25.57357, 0.0 ], [ -49.338391, -25.572222, 0.0 ], [ -49.338165, -25.570102, 0.0 ], [ -49.338326, -25.569173, 0.0 ], [ -49.338627, -25.568766, 0.0 ], [ -49.339084, -25.567789, 0.0 ], [ -49.339105, -25.567508, 0.0 ], [ -49.339733, -25.567381, 0.0 ], [ -49.341396, -25.566641, 0.0 ], [ -49.343561, -25.567028, 0.0 ], [ -49.344929, -25.567125, 0.0 ], [ -49.345118, -25.568722, 0.0 ], [ -49.34507, -25.569007, 0.0 ], [ -49.344504, -25.570425, 0.0 ], [ -49.3444, -25.570841, 0.0 ], [ -49.344237, -25.571248, 0.0 ], [ -49.343658, -25.571983, 0.0 ], [ -49.34307, -25.572853, 0.0 ], [ -49.342665, -25.573985, 0.0 ], [ -49.342584, -25.574331, 0.0 ], [ -49.342572, -25.574569, 0.0 ], [ -49.342678, -25.574968, 0.0 ], [ -49.343212, -25.575398, 0.0 ], [ -49.343335, -25.575629, 0.0 ], [ -49.343473, -25.576359, 0.0 ], [ -49.343622, -25.576856, 0.0 ], [ -49.343629, -25.57716, 0.0 ], [ -49.343606, -25.577365, 0.0 ], [ -49.34354, -25.57758, 0.0 ], [ -49.343358, -25.577799, 0.0 ], [ -49.338982, -25.578236, 0.0 ], [ -49.337266, -25.576664, 0.0 ], [ -49.337046, -25.575778, 0.0 ], [ -49.334779, -25.576258, 0.0 ], [ -49.333011, -25.576476, 0.0 ], [ -49.33244, -25.573722, 0.0 ], [ -49.332461, -25.57357, 0.0 ] ] ] } },
{ "type": "Feature", "properties": { "Name": "3057", "description": "descrição: <br>OBJECTID: <br>TURNO: <br>FREQUENCIA: TER/QUI/SAB<br>SETOR: 3057<br>POSTO: POSTO 10<br>ID: <br>FreqTurno: <br>X_SEMANA: <br>TER: <br>QUI: <br>SAB: <br>layer: <br>path: <br>SEG: <br>QUA: <br>SEX: ", "timestamp": null, "begin": null, "end": null, "altitudeMode": null, "tessellate": -1, "extrude": 0, "visibility": -1, "drawOrder": null, "icon": null, "descri____o": "", "id": "", "IDENTIFICA": null, "SETOR": "3057", "APELIDO": null, "MACROSETOR": null, "COR": null, "FREQUENCIA": "TER/QUI/SAB", "layer": "", "path": "", "OBJECTID": "", "TURNO": "", "POSTO": "POSTO 10", "FreqTurno": "", "X_SEMANA": "", "TER": "", "QUI": "", "SAB": "", "SEG": "", "QUA": "", "SEX": "" }, "geometry": { "type": "Polygon", "coordinates": [ [ [ -49.328396, -25.574085, 0.0 ], [ -49.332461, -25.57357, 0.0 ], [ -49.333011, -25.576476, 0.0 ], [ -49.335061, -25.5762, 0.0 ], [ -49.337046, -25.575778, 0.0 ], [ -49.337078, -25.575909, 0.0 ], [ -49.337266, -25.576664, 0.0 ], [ -49.338982, -25.578236, 0.0 ], [ -49.343358, -25.577799, 0.0 ], [ -49.342904, -25.578379, 0.0 ], [ -49.342744, -25.578645, 0.0 ], [ -49.342702, -25.578814, 0.0 ], [ -49.342734, -25.579182, 0.0 ], [ -49.342648, -25.57984, 0.0 ], [ -49.342652, -25.580187, 0.0 ], [ -49.342888, -25.580507, 0.0 ], [ -49.343296, -25.580662, 0.0 ], [ -49.343596, -25.580684, 0.0 ], [ -49.344165, -25.580415, 0.0 ], [ -49.344637, -25.580207, 0.0 ], [ -49.345299, -25.580536, 0.0 ], [ -49.345983, -25.580865, 0.0 ], [ -49.346171, -25.581194, 0.0 ], [ -49.34621, -25.58151, 0.0 ], [ -49.346056, -25.581748, 0.0 ], [ -49.345812, -25.581954, 0.0 ], [ -49.345602, -25.582249, 0.0 ], [ -49.345538, -25.582432, 0.0 ], [ -49.345667, -25.583449, 0.0 ], [ -49.345431, -25.584532, 0.0 ], [ -49.345364, -25.585106, 0.0 ], [ -49.34535, -25.585372, 0.0 ], [ -49.345362, -25.585444, 0.0 ], [ -49.345377, -25.585899, 0.0 ], [ -49.345442, -25.585887, 0.0 ], [ -49.345501, -25.586284, 0.0 ], [ -49.345592, -25.586536, 0.0 ], [ -49.338527, -25.587816, 0.0 ], [ -49.337874, -25.585211, 0.0 ], [ -49.337146, -25.582205, 0.0 ], [ -49.336016, -25.58088, 0.0 ], [ -49.331718, -25.576893, 0.0 ], [ -49.328396, -25.574085, 0.0 ] ] ] } },
{ "type": "Feature", "properties": { "Name": "3058", "description": "descrição: <br>OBJECTID: <br>TURNO: <br>FREQUENCIA: TER/QUI/SAB<br>SETOR: 3058<br>POSTO: POSTO 10<br>ID: <br>FreqTurno: <br>X_SEMANA: <br>TER: <br>QUI: <br>SAB: <br>layer: <br>path: <br>SEG: <br>QUA: <br>SEX: ", "timestamp": null, "begin": null, "end": null, "altitudeMode": null, "tessellate": -1, "extrude": 0, "visibility": -1, "drawOrder": null, "icon": null, "descri____o": "", "id": "", "IDENTIFICA": null, "SETOR": "3058", "APELIDO": null, "MACROSETOR": null, "COR": null, "FREQUENCIA": "TER/QUI/SAB", "layer": "", "path": "", "OBJECTID": "", "TURNO": "", "POSTO": "POSTO 10", "FreqTurno": "", "X_SEMANA": "", "TER": "", "QUI": "", "SAB": "", "SEG": "", "QUA": "", "SEX": "" }, "geometry": { "type": "Polygon", "coordinates": [ [ [ -49.319022, -25.589301, 0.0 ], [ -49.318181, -25.587412, 0.0 ], [ -49.318009, -25.586967, 0.0 ], [ -49.317912, -25.585748, 0.0 ], [ -49.317957, -25.585396, 0.0 ], [ -49.318216, -25.584616, 0.0 ], [ -49.318394, -25.584612, 0.0 ], [ -49.319738, -25.584143, 0.0 ], [ -49.320177, -25.583987, 0.0 ], [ -49.32178, -25.583223, 0.0 ], [ -49.322053, -25.58315, 0.0 ], [ -49.322599, -25.583105, 0.0 ], [ -49.322725, -25.582091, 0.0 ], [ -49.322788, -25.581387, 0.0 ], [ -49.322828, -25.580634, 0.0 ], [ -49.322959, -25.57934, 0.0 ], [ -49.324323, -25.579401, 0.0 ], [ -49.327772, -25.579476, 0.0 ], [ -49.328184, -25.579529, 0.0 ], [ -49.328696, -25.579582, 0.0 ], [ -49.329145, -25.579516, 0.0 ], [ -49.329259, -25.579486, 0.0 ], [ -49.331942, -25.577052, 0.0 ], [ -49.332979, -25.578098, 0.0 ], [ -49.333911, -25.57897, 0.0 ], [ -49.33513, -25.580087, 0.0 ], [ -49.335984, -25.580909, 0.0 ], [ -49.336985, -25.58196, 0.0 ], [ -49.337143, -25.582155, 0.0 ], [ -49.337228, -25.582278, 0.0 ], [ -49.337039, -25.582473, 0.0 ], [ -49.33569, -25.583733, 0.0 ], [ -49.334406, -25.585041, 0.0 ], [ -49.331649, -25.588539, 0.0 ], [ -49.330552, -25.587409, 0.0 ], [ -49.329162, -25.587929, 0.0 ], [ -49.328892, -25.58808, 0.0 ], [ -49.328385, -25.58841, 0.0 ], [ -49.32809, -25.588594, 0.0 ], [ -49.327639, -25.589171, 0.0 ], [ -49.32755, -25.589304, 0.0 ], [ -49.32746, -25.589423, 0.0 ], [ -49.327387, -25.589513, 0.0 ], [ -49.327432, -25.589659, 0.0 ], [ -49.327459, -25.589771, 0.0 ], [ -49.327479, -25.589898, 0.0 ], [ -49.327514, -25.59001, 0.0 ], [ -49.327558, -25.590164, 0.0 ], [ -49.327569, -25.590263, 0.0 ], [ -49.327348, -25.590303, 0.0 ], [ -49.326695, -25.590168, 0.0 ], [ -49.326444, -25.590182, 0.0 ], [ -49.326284, -25.590202, 0.0 ], [ -49.326049, -25.590144, 0.0 ], [ -49.325745, -25.590004, 0.0 ], [ -49.32533, -25.589884, 0.0 ], [ -49.324449, -25.589563, 0.0 ], [ -49.324302, -25.589522, 0.0 ], [ -49.324149, -25.58953, 0.0 ], [ -49.323648, -25.589524, 0.0 ], [ -49.32333, -25.589688, 0.0 ], [ -49.322908, -25.589731, 0.0 ], [ -49.322174, -25.58946, 0.0 ], [ -49.321364, -25.58902, 0.0 ], [ -49.320976, -25.588467, 0.0 ], [ -49.319022, -25.589301, 0.0 ] ] ] } },
{ "type": "Feature", "properties": { "Name": "3059", "description": "descrição: <br>OBJECTID: <br>TURNO: <br>FREQUENCIA: TER/QUI/SAB<br>SETOR: 3059<br>POSTO: POSTO 10<br>ID: <br>FreqTurno: <br>X_SEMANA: <br>TER: <br>QUI: <br>SAB: <br>layer: <br>path: <br>SEG: <br>QUA: <br>SEX: ", "timestamp": null, "begin": null, "end": null, "altitudeMode": null, "tessellate": -1, "extrude": 0, "visibility": -1, "drawOrder": null, "icon": null, "descri____o": "", "id": "", "IDENTIFICA": null, "SETOR": "3059", "APELIDO": null, "MACROSETOR": null, "COR": null, "FREQUENCIA": "TER/QUI/SAB", "layer": "", "path": "", "OBJECTID": "", "TURNO": "", "POSTO": "POSTO 10", "FreqTurno": "", "X_SEMANA": "", "TER": "", "QUI": "", "SAB": "", "SEG": "", "QUA": "", "SEX": "" }, "geometry": { "type": "Polygon", "coordinates": [ [ [ -49.345592, -25.586536, 0.0 ], [ -49.345754, -25.587181, 0.0 ], [ -49.345873, -25.588762, 0.0 ], [ -49.34597, -25.589433, 0.0 ], [ -49.346165, -25.589872, 0.0 ], [ -49.346632, -25.590364, 0.0 ], [ -49.347178, -25.590671, 0.0 ], [ -49.347884, -25.591361, 0.0 ], [ -49.348266, -25.592045, 0.0 ], [ -49.349961, -25.593786, 0.0 ], [ -49.350369, -25.594425, 0.0 ], [ -49.350648, -25.59518, 0.0 ], [ -49.350643, -25.596247, 0.0 ], [ -49.350939, -25.597701, 0.0 ], [ -49.345015, -25.598382, 0.0 ], [ -49.343363, -25.596554, 0.0 ], [ -49.340917, -25.59666, 0.0 ], [ -49.339897, -25.59267, 0.0 ], [ -49.338373, -25.593001, 0.0 ], [ -49.337945, -25.591708, 0.0 ], [ -49.337576, -25.590318, 0.0 ], [ -49.339012, -25.5898, 0.0 ], [ -49.338513, -25.58771, 0.0 ], [ -49.345592, -25.586536, 0.0 ] ] ] } },
{ "type": "Feature", "properties": { "Name": "3060", "description": "descrição: <br>OBJECTID: <br>TURNO: <br>FREQUENCIA: TER/QUI/SAB<br>SETOR: 3060<br>POSTO: POSTO 10<br>ID: <br>FreqTurno: <br>X_SEMANA: <br>TER: <br>QUI: <br>SAB: <br>layer: <br>path: <br>SEG: <br>QUA: <br>SEX: ", "timestamp": null, "begin": null, "end": null, "altitudeMode": null, "tessellate": -1, "extrude": 0, "visibility": -1, "drawOrder": null, "icon": null, "descri____o": "", "id": "", "IDENTIFICA": null, "SETOR": "3060", "APELIDO": null, "MACROSETOR": null, "COR": null, "FREQUENCIA": "TER/QUI/SAB", "layer": "", "path": "", "OBJECTID": "", "TURNO": "", "POSTO": "POSTO 10", "FreqTurno": "", "X_SEMANA": "", "TER": "", "QUI": "", "SAB": "", "SEG": "", "QUA": "", "SEX": "" }, "geometry": { "type": "Polygon", "coordinates": [ [ [ -49.339984, -25.592684, 0.0 ], [ -49.341035, -25.596621, 0.0 ], [ -49.341829, -25.59671, 0.0 ], [ -49.343492, -25.596592, 0.0 ], [ -49.345015, -25.598382, 0.0 ], [ -49.344651, -25.600416, 0.0 ], [ -49.3417, -25.6006, 0.0 ], [ -49.338857, -25.600194, 0.0 ], [ -49.333734, -25.601171, 0.0 ], [ -49.332167, -25.60152, 0.0 ], [ -49.331996, -25.602797, 0.0 ], [ -49.328519, -25.603087, 0.0 ], [ -49.325966, -25.603319, 0.0 ], [ -49.325311, -25.602129, 0.0 ], [ -49.324571, -25.600736, 0.0 ], [ -49.324312, -25.599183, 0.0 ], [ -49.324067, -25.598307, 0.0 ], [ -49.323847, -25.597469, 0.0 ], [ -49.323502, -25.59671, 0.0 ], [ -49.324651, -25.596413, 0.0 ], [ -49.325644, -25.595975, 0.0 ], [ -49.326234, -25.59554, 0.0 ], [ -49.326902, -25.594795, 0.0 ], [ -49.327702, -25.594099, 0.0 ], [ -49.328173, -25.593233, 0.0 ], [ -49.329291, -25.592866, 0.0 ], [ -49.330252, -25.592548, 0.0 ], [ -49.331383, -25.592153, 0.0 ], [ -49.334714, -25.593753, 0.0 ], [ -49.336812, -25.593354, 0.0 ], [ -49.339984, -25.592684, 0.0 ] ] ] } },
{ "type": "Feature", "properties": { "Name": "3061", "description": "descrição: <br>OBJECTID: <br>TURNO: <br>FREQUENCIA: TER/QUI/SAB<br>SETOR: 3061<br>POSTO: POSTO 10<br>ID: <br>FreqTurno: <br>X_SEMANA: <br>TER: <br>QUI: <br>SAB: <br>layer: <br>path: <br>SEG: <br>QUA: <br>SEX: ", "timestamp": null, "begin": null, "end": null, "altitudeMode": null, "tessellate": -1, "extrude": 0, "visibility": -1, "drawOrder": null, "icon": null, "descri____o": "", "id": "", "IDENTIFICA": null, "SETOR": "3061", "APELIDO": null, "MACROSETOR": null, "COR": null, "FREQUENCIA": "TER/QUI/SAB", "layer": "", "path": "", "OBJECTID": "", "TURNO": "", "POSTO": "POSTO 10", "FreqTurno": "", "X_SEMANA": "", "TER": "", "QUI": "", "SAB": "", "SEG": "", "QUA": "", "SEX": "" }, "geometry": { "type": "Polygon", "coordinates": [ [ [ -49.338217, -25.600349, 0.0 ], [ -49.338855, -25.600242, 0.0 ], [ -49.341551, -25.600607, 0.0 ], [ -49.342131, -25.60059, 0.0 ], [ -49.343807, -25.600484, 0.0 ], [ -49.344651, -25.600416, 0.0 ], [ -49.344824, -25.599548, 0.0 ], [ -49.345015, -25.598382, 0.0 ], [ -49.349532, -25.597918, 0.0 ], [ -49.350939, -25.597701, 0.0 ], [ -49.351166, -25.598587, 0.0 ], [ -49.351904, -25.602702, 0.0 ], [ -49.352034, -25.603434, 0.0 ], [ -49.35209, -25.603399, 0.0 ], [ -49.352428, -25.60507, 0.0 ], [ -49.353056, -25.605559, 0.0 ], [ -49.35384, -25.605781, 0.0 ], [ -49.355294, -25.606632, 0.0 ], [ -49.356197, -25.60702, 0.0 ], [ -49.357307, -25.607471, 0.0 ], [ -49.357546, -25.607893, 0.0 ], [ -49.357193, -25.60885, 0.0 ], [ -49.357137, -25.608839, 0.0 ], [ -49.357022, -25.609176, 0.0 ], [ -49.356987, -25.609659, 0.0 ], [ -49.35727, -25.610322, 0.0 ], [ -49.35734, -25.611001, 0.0 ], [ -49.357366, -25.612463, 0.0 ], [ -49.35758, -25.613634, 0.0 ], [ -49.357681, -25.61511, 0.0 ], [ -49.357663, -25.615372, 0.0 ], [ -49.357669, -25.615719, 0.0 ], [ -49.357591, -25.61622, 0.0 ], [ -49.357906, -25.617057, 0.0 ], [ -49.358284, -25.617445, 0.0 ], [ -49.358698, -25.61776, 0.0 ], [ -49.359391, -25.618133, 0.0 ], [ -49.359615, -25.618691, 0.0 ], [ -49.359712, -25.61928, 0.0 ], [ -49.359547, -25.620176, 0.0 ], [ -49.359597, -25.621128, 0.0 ], [ -49.359597, -25.621352, 0.0 ], [ -49.359453, -25.623033, 0.0 ], [ -49.359402, -25.623696, 0.0 ], [ -49.359397, -25.62576, 0.0 ], [ -49.359543, -25.627065, 0.0 ], [ -49.359935, -25.627485, 0.0 ], [ -49.361301, -25.627981, 0.0 ], [ -49.36207, -25.628405, 0.0 ], [ -49.362458, -25.628946, 0.0 ], [ -49.363263, -25.629741, 0.0 ], [ -49.363587, -25.631254, 0.0 ], [ -49.363835, -25.631684, 0.0 ], [ -49.364379, -25.632288, 0.0 ], [ -49.365044, -25.63284, 0.0 ], [ -49.365582, -25.63315, 0.0 ], [ -49.365723, -25.63365, 0.0 ], [ -49.365489, -25.634089, 0.0 ], [ -49.364411, -25.634497, 0.0 ], [ -49.36384, -25.635193, 0.0 ], [ -49.363867, -25.635728, 0.0 ], [ -49.363935, -25.636473, 0.0 ], [ -49.364065, -25.63723, 0.0 ], [ -49.364112, -25.637904, 0.0 ], [ -49.364116, -25.638161, 0.0 ], [ -49.365053, -25.640324, 0.0 ], [ -49.365278, -25.640776, 0.0 ], [ -49.36529, -25.640957, 0.0 ], [ -49.36438, -25.641226, 0.0 ], [ -49.363568, -25.641515, 0.0 ], [ -49.362749, -25.641749, 0.0 ], [ -49.362102, -25.641965, 0.0 ], [ -49.361384, -25.642239, 0.0 ], [ -49.361052, -25.642418, 0.0 ], [ -49.360675, -25.642592, 0.0 ], [ -49.360194, -25.64277, 0.0 ], [ -49.359134, -25.643011, 0.0 ], [ -49.358325, -25.643065, 0.0 ], [ -49.357948, -25.642996, 0.0 ], [ -49.356818, -25.642584, 0.0 ], [ -49.356251, -25.642014, 0.0 ], [ -49.354738, -25.641331, 0.0 ], [ -49.353489, -25.640603, 0.0 ], [ -49.353204, -25.640242, 0.0 ], [ -49.352934, -25.640132, 0.0 ], [ -49.351196, -25.639148, 0.0 ], [ -49.350038, -25.638466, 0.0 ], [ -49.349418, -25.63804, 0.0 ], [ -49.349054, -25.637869, 0.0 ], [ -49.347337, -25.63688, 0.0 ], [ -49.346419, -25.636365, 0.0 ], [ -49.345678, -25.635873, 0.0 ], [ -49.344161, -25.635051, 0.0 ], [ -49.34304, -25.634444, 0.0 ], [ -49.341967, -25.63369, 0.0 ], [ -49.340342, -25.632704, 0.0 ], [ -49.339786, -25.632492, 0.0 ], [ -49.339573, -25.63227, 0.0 ], [ -49.339134, -25.632052, 0.0 ], [ -49.338931, -25.631837, 0.0 ], [ -49.337445, -25.631269, 0.0 ], [ -49.336902, -25.631267, 0.0 ], [ -49.335833, -25.631178, 0.0 ], [ -49.33348, -25.630962, 0.0 ], [ -49.33061, -25.630551, 0.0 ], [ -49.328694, -25.630392, 0.0 ], [ -49.327059, -25.630254, 0.0 ], [ -49.325453, -25.629973, 0.0 ], [ -49.324843, -25.629794, 0.0 ], [ -49.324087, -25.629311, 0.0 ], [ -49.322903, -25.628402, 0.0 ], [ -49.321392, -25.62681, 0.0 ], [ -49.320803, -25.626325, 0.0 ], [ -49.318869, -25.624497, 0.0 ], [ -49.317731, -25.623723, 0.0 ], [ -49.316533, -25.623006, 0.0 ], [ -49.315698, -25.622763, 0.0 ], [ -49.318616, -25.612228, 0.0 ], [ -49.319014, -25.610526, 0.0 ], [ -49.319045, -25.610418, 0.0 ], [ -49.31913, -25.609869, 0.0 ], [ -49.319161, -25.609537, 0.0 ], [ -49.319164, -25.609298, 0.0 ], [ -49.319114, -25.608814, 0.0 ], [ -49.319084, -25.608572, 0.0 ], [ -49.318963, -25.608068, 0.0 ], [ -49.318908, -25.607736, 0.0 ], [ -49.318687, -25.606764, 0.0 ], [ -49.31836, -25.60531, 0.0 ], [ -49.318101, -25.604139, 0.0 ], [ -49.317925, -25.603436, 0.0 ], [ -49.319056, -25.603183, 0.0 ], [ -49.319577, -25.603123, 0.0 ], [ -49.319781, -25.603113, 0.0 ], [ -49.32053, -25.602982, 0.0 ], [ -49.321322, -25.602795, 0.0 ], [ -49.321831, -25.602598, 0.0 ], [ -49.323092, -25.601866, 0.0 ], [ -49.324518, -25.600768, 0.0 ], [ -49.325966, -25.603319, 0.0 ], [ -49.329351, -25.603019, 0.0 ], [ -49.331996, -25.602816, 0.0 ], [ -49.332167, -25.601539, 0.0 ], [ -49.332738, -25.601401, 0.0 ], [ -49.334588, -25.601004, 0.0 ], [ -49.336872, -25.600548, 0.0 ], [ -49.338217, -25.600349, 0.0 ] ] ] } },
{ "type": "Feature", "properties": { "Name": "2101", "description": "descrição: <br>IDENTIFICA: 4402101<br>SETOR: 2101 - SEG/QUA/SEX - NOTURNO - POSTO 11 - DOMICILIAR<br>APELIDO: 2101<br>MACROSETOR: POSTO 11 - DOMICILIAR<br>COR: 8388736.000<br>FREQUENCIA: SEG/QUA/SEX - NOTURNO<br>layer: 2101<br>path: G:/Drives compartilhados/J_NEGRAO_CCO/45 - Monitoramento/Paulo Lima/KMLKMZ Curitiba/Noturno/Seg-Qua-Sex/11/2101/2101 - SEG/QUA/SEX - NOTURNO - POSTO 11 - DOMICILIAR/2101.shp", "timestamp": null, "begin": null, "end": null, "altitudeMode": null, "tessellate": -1, "extrude": 0, "visibility": -1, "drawOrder": null, "icon": null, "descri____o": "", "id": null, "IDENTIFICA": "4402101", "SETOR": "2101 - SEG/QUA/SEX - NOTURNO - POSTO 11 - DOMICILIAR", "APELIDO": "2101", "MACROSETOR": "POSTO 11 - DOMICILIAR", "COR": "8388736.000", "FREQUENCIA": "SEG/QUA/SEX - NOTURNO", "layer": "2101", "path": "G:/Drives compartilhados/J_NEGRAO_CCO/45 - Monitoramento/Paulo Lima/KMLKMZ Curitiba/Noturno/Seg-Qua-Sex/11/2101/2101 - SEG/QUA/SEX - NOTURNO - POSTO 11 - DOMICILIAR/2101.shp", "OBJECTID": null, "TURNO": null, "POSTO": null, "FreqTurno": null, "X_SEMANA": null, "TER": null, "QUI": null, "SAB": null, "SEG": null, "QUA": null, "SEX": null }, "geometry": { "type": "Polygon", "coordinates": [ [ [ -49.237977, -25.400038, 0.0 ], [ -49.235337, -25.398294, 0.0 ], [ -49.227827, -25.393428, 0.0 ], [ -49.22379, -25.390766, 0.0 ], [ -49.222978, -25.390114, 0.0 ], [ -49.223106, -25.388757, 0.0 ], [ -49.223149, -25.388272, 0.0 ], [ -49.22581, -25.386741, 0.0 ], [ -49.226711, -25.387419, 0.0 ], [ -49.230745, -25.382786, 0.0 ], [ -49.232355, -25.384647, 0.0 ], [ -49.231411, -25.384647, 0.0 ], [ -49.233749, -25.387109, 0.0 ], [ -49.234329, -25.387962, 0.0 ], [ -49.234694, -25.388737, 0.0 ], [ -49.23656, -25.390656, 0.0 ], [ -49.240037, -25.394436, 0.0 ], [ -49.239393, -25.395386, 0.0 ], [ -49.240669, -25.396684, 0.0 ], [ -49.237977, -25.400077, 0.0 ], [ -49.237977, -25.400038, 0.0 ] ] ] } },
{ "type": "Feature", "properties": { "Name": "2102", "description": "descrição: <br>IDENTIFICA: 4402102<br>SETOR: 2102 - SEG/QUA/SEX - NOTURNO - POSTO 11 - DOMICILIAR<br>APELIDO: 2102<br>MACROSETOR: POSTO 11 - DOMICILIAR<br>COR: 65535.000<br>FREQUENCIA: SEG/QUA/SEX - NOTURNO<br>layer: 2102<br>path: G:/Drives compartilhados/J_NEGRAO_CCO/45 - Monitoramento/Paulo Lima/KMLKMZ Curitiba/Noturno/Seg-Qua-Sex/11/2102/2102 - SEG/QUA/SEX - NOTURNO - POSTO 11 - DOMICILIAR/2102.shp", "timestamp": null, "begin": null, "end": null, "altitudeMode": null, "tessellate": -1, "extrude": 0, "visibility": -1, "drawOrder": null, "icon": null, "descri____o": "", "id": null, "IDENTIFICA": "4402102", "SETOR": "2102 - SEG/QUA/SEX - NOTURNO - POSTO 11 - DOMICILIAR", "APELIDO": "2102", "MACROSETOR": "POSTO 11 - DOMICILIAR", "COR": "65535.000", "FREQUENCIA": "SEG/QUA/SEX - NOTURNO", "layer": "2102", "path": "G:/Drives compartilhados/J_NEGRAO_CCO/45 - Monitoramento/Paulo Lima/KMLKMZ Curitiba/Noturno/Seg-Qua-Sex/11/2102/2102 - SEG/QUA/SEX - NOTURNO - POSTO 11 - DOMICILIAR/2102.shp", "OBJECTID": null, "TURNO": null, "POSTO": null, "FreqTurno": null, "X_SEMANA": null, "TER": null, "QUI": null, "SAB": null, "SEG": null, "QUA": null, "SEX": null }, "geometry": { "type": "Polygon", "coordinates": [ [ [ -49.245948, -25.404191, 0.0 ], [ -49.245302, -25.404952, 0.0 ], [ -49.241021, -25.402122, 0.0 ], [ -49.237904, -25.400072, 0.0 ], [ -49.240578, -25.396724, 0.0 ], [ -49.239296, -25.395377, 0.0 ], [ -49.240034, -25.394427, 0.0 ], [ -49.240997, -25.393714, 0.0 ], [ -49.244974, -25.398044, 0.0 ], [ -49.246501, -25.39685, 0.0 ], [ -49.250277, -25.393964, 0.0 ], [ -49.254193, -25.398211, 0.0 ], [ -49.253598, -25.398558, 0.0 ], [ -49.252997, -25.398914, 0.0 ], [ -49.252418, -25.399108, 0.0 ], [ -49.251817, -25.399147, 0.0 ], [ -49.250626, -25.399254, 0.0 ], [ -49.249413, -25.399941, 0.0 ], [ -49.248995, -25.400194, 0.0 ], [ -49.247418, -25.400852, 0.0 ], [ -49.247, -25.401928, 0.0 ], [ -49.246795, -25.402228, 0.0 ], [ -49.246131, -25.403014, 0.0 ], [ -49.246042, -25.404075, 0.0 ], [ -49.245948, -25.404189, 0.0 ], [ -49.245948, -25.404191, 0.0 ] ] ] } },
{ "type": "Feature", "properties": { "Name": "2103", "description": "descrição: <br>IDENTIFICA: 4402103<br>SETOR: 2103 - SEG/QUA/SEX - NOTURNO - POSTO 11 - DOMICILIAR<br>APELIDO: 2103<br>MACROSETOR: POSTO 11 - DOMICILIAR<br>COR: 16711808.000<br>FREQUENCIA: SEG/QUA/SEX - NOTURNO<br>layer: 2103<br>path: G:/Drives compartilhados/J_NEGRAO_CCO/45 - Monitoramento/Paulo Lima/KMLKMZ Curitiba/Noturno/Seg-Qua-Sex/11/2103/2103 - SEG/QUA/SEX - NOTURNO - POSTO 11 - DOMICILIAR/2103.shp", "timestamp": null, "begin": null, "end": null, "altitudeMode": null, "tessellate": -1, "extrude": 0, "visibility": -1, "drawOrder": null, "icon": null, "descri____o": "", "id": null, "IDENTIFICA": "4402103", "SETOR": "2103 - SEG/QUA/SEX - NOTURNO - POSTO 11 - DOMICILIAR", "APELIDO": "2103", "MACROSETOR": "POSTO 11 - DOMICILIAR", "COR": "16711808.000", "FREQUENCIA": "SEG/QUA/SEX - NOTURNO", "layer": "2103", "path": "G:/Drives compartilhados/J_NEGRAO_CCO/45 - Monitoramento/Paulo Lima/KMLKMZ Curitiba/Noturno/Seg-Qua-Sex/11/2103/2103 - SEG/QUA/SEX - NOTURNO - POSTO 11 - DOMICILIAR/2103.shp", "OBJECTID": null, "TURNO": null, "POSTO": null, "FreqTurno": null, "X_SEMANA": null, "TER": null, "QUI": null, "SAB": null, "SEG": null, "QUA": null, "SEX": null }, "geometry": { "type": "Polygon", "coordinates": [ [ [ -49.254271, -25.410745, 0.0 ], [ -49.254268, -25.410747, 0.0 ], [ -49.25433, -25.410784, 0.0 ], [ -49.254869, -25.411159, 0.0 ], [ -49.25437, -25.411658, 0.0 ], [ -49.253018, -25.412991, 0.0 ], [ -49.253743, -25.413911, 0.0 ], [ -49.254097, -25.416944, 0.0 ], [ -49.254735, -25.422507, 0.0 ], [ -49.253053, -25.422562, 0.0 ], [ -49.247252, -25.423059, 0.0 ], [ -49.24549, -25.421055, 0.0 ], [ -49.244074, -25.419601, 0.0 ], [ -49.243591, -25.41839, 0.0 ], [ -49.243011, -25.416568, 0.0 ], [ -49.242601, -25.415217, 0.0 ], [ -49.246313, -25.414975, 0.0 ], [ -49.2462, -25.413684, 0.0 ], [ -49.246278, -25.413509, 0.0 ], [ -49.246061, -25.412947, 0.0 ], [ -49.247997, -25.410641, 0.0 ], [ -49.248579, -25.409984, 0.0 ], [ -49.249242, -25.409221, 0.0 ], [ -49.250374, -25.407908, 0.0 ], [ -49.251404, -25.408656, 0.0 ], [ -49.252503, -25.409468, 0.0 ], [ -49.253461, -25.410159, 0.0 ], [ -49.254271, -25.410745, 0.0 ] ] ] } },
{ "type": "Feature", "properties": { "Name": "2104", "description": "descrição: <br>IDENTIFICA: 4402104<br>SETOR: 2104 - SEG/QUA/SEX - NOTURNO - POSTO 11 - DOMICILIAR<br>APELIDO: 2104<br>MACROSETOR: POSTO 11 - DOMICILIAR<br>COR: 65280.000<br>FREQUENCIA: SEG/QUA/SEX - NOTURNO<br>layer: 2104<br>path: G:/Drives compartilhados/J_NEGRAO_CCO/45 - Monitoramento/Paulo Lima/KMLKMZ Curitiba/Noturno/Seg-Qua-Sex/11/2104/2104 - SEG/QUA/SEX - NOTURNO - POSTO 11 - DOMICILIAR/2104.shp", "timestamp": null, "begin": null, "end": null, "altitudeMode": null, "tessellate": -1, "extrude": 0, "visibility": -1, "drawOrder": null, "icon": null, "descri____o": "", "id": null, "IDENTIFICA": "4402104", "SETOR": "2104 - SEG/QUA/SEX - NOTURNO - POSTO 11 - DOMICILIAR", "APELIDO": "2104", "MACROSETOR": "POSTO 11 - DOMICILIAR", "COR": "65280.000", "FREQUENCIA": "SEG/QUA/SEX - NOTURNO", "layer": "2104", "path": "G:/Drives compartilhados/J_NEGRAO_CCO/45 - Monitoramento/Paulo Lima/KMLKMZ Curitiba/Noturno/Seg-Qua-Sex/11/2104/2104 - SEG/QUA/SEX - NOTURNO - POSTO 11 - DOMICILIAR/2104.shp", "OBJECTID": null, "TURNO": null, "POSTO": null, "FreqTurno": null, "X_SEMANA": null, "TER": null, "QUI": null, "SAB": null, "SEG": null, "QUA": null, "SEX": null }, "geometry": { "type": "Polygon", "coordinates": [ [ [ -49.257685, -25.40008, 0.0 ], [ -49.257685, -25.400084, 0.0 ], [ -49.257288, -25.400915, 0.0 ], [ -49.257074, -25.401243, 0.0 ], [ -49.256808, -25.401521, 0.0 ], [ -49.255121, -25.402735, 0.0 ], [ -49.253319, -25.404855, 0.0 ], [ -49.252941, -25.405357, 0.0 ], [ -49.252517, -25.405822, 0.0 ], [ -49.251632, -25.406766, 0.0 ], [ -49.250524, -25.40808, 0.0 ], [ -49.248947, -25.409894, 0.0 ], [ -49.248802, -25.410129, 0.0 ], [ -49.246329, -25.412954, 0.0 ], [ -49.246522, -25.413558, 0.0 ], [ -49.246393, -25.4137, 0.0 ], [ -49.246498, -25.415026, 0.0 ], [ -49.242633, -25.415329, 0.0 ], [ -49.241834, -25.41395, 0.0 ], [ -49.241152, -25.412889, 0.0 ], [ -49.240922, -25.412412, 0.0 ], [ -49.240911, -25.411738, 0.0 ], [ -49.240908, -25.410951, 0.0 ], [ -49.240873, -25.409088, 0.0 ], [ -49.241249, -25.408046, 0.0 ], [ -49.241616, -25.407544, 0.0 ], [ -49.242155, -25.407057, 0.0 ], [ -49.24252, -25.406694, 0.0 ], [ -49.242982, -25.406394, 0.0 ], [ -49.244344, -25.405546, 0.0 ], [ -49.245178, -25.404836, 0.0 ], [ -49.245932, -25.403961, 0.0 ], [ -49.24594, -25.402733, 0.0 ], [ -49.246774, -25.402166, 0.0 ], [ -49.247402, -25.400789, 0.0 ], [ -49.249414, -25.399961, 0.0 ], [ -49.250484, -25.39928, 0.0 ], [ -49.252694, -25.399173, 0.0 ], [ -49.255245, -25.399706, 0.0 ], [ -49.257685, -25.40008, 0.0 ] ] ] } },
{ "type": "Feature", "properties": { "Name": "2105", "description": "descrição: <br>IDENTIFICA: 4402105<br>SETOR: 2105 - SEG/QUA/SEX - NOTURNO - POSTO 11 - DOMICILIAR<br>APELIDO: 2105<br>MACROSETOR: POSTO 11 - DOMICILIAR<br>COR: 16711680.000<br>FREQUENCIA: SEG/QUA/SEX - NOTURNO<br>layer: 2105<br>path: G:/Drives compartilhados/J_NEGRAO_CCO/45 - Monitoramento/Paulo Lima/KMLKMZ Curitiba/Noturno/Seg-Qua-Sex/11/2105/2105 - SEG/QUA/SEX - NOTURNO - POSTO 11 - DOMICILIAR/2105.shp", "timestamp": null, "begin": null, "end": null, "altitudeMode": null, "tessellate": -1, "extrude": 0, "visibility": -1, "drawOrder": null, "icon": null, "descri____o": "", "id": null, "IDENTIFICA": "4402105", "SETOR": "2105 - SEG/QUA/SEX - NOTURNO - POSTO 11 - DOMICILIAR", "APELIDO": "2105", "MACROSETOR": "POSTO 11 - DOMICILIAR", "COR": "16711680.000", "FREQUENCIA": "SEG/QUA/SEX - NOTURNO", "layer": "2105", "path": "G:/Drives compartilhados/J_NEGRAO_CCO/45 - Monitoramento/Paulo Lima/KMLKMZ Curitiba/Noturno/Seg-Qua-Sex/11/2105/2105 - SEG/QUA/SEX - NOTURNO - POSTO 11 - DOMICILIAR/2105.shp", "OBJECTID": null, "TURNO": null, "POSTO": null, "FreqTurno": null, "X_SEMANA": null, "TER": null, "QUI": null, "SAB": null, "SEG": null, "QUA": null, "SEX": null }, "geometry": { "type": "Polygon", "coordinates": [ [ [ -49.245436, -25.38874, 0.0 ], [ -49.247587, -25.391057, 0.0 ], [ -49.250374, -25.394075, 0.0 ], [ -49.244934, -25.398236, 0.0 ], [ -49.240935, -25.393954, 0.0 ], [ -49.240063, -25.394611, 0.0 ], [ -49.236375, -25.390603, 0.0 ], [ -49.237105, -25.390046, 0.0 ], [ -49.236206, -25.389067, 0.0 ], [ -49.240219, -25.385989, 0.0 ], [ -49.243808, -25.389888, 0.0 ], [ -49.245388, -25.388686, 0.0 ], [ -49.245433, -25.388737, 0.0 ], [ -49.245436, -25.38874, 0.0 ] ] ] } },
{ "type": "Feature", "properties": { "Name": "2106", "description": "descrição: <br>IDENTIFICA: 4402106<br>SETOR: 2106 - SEG/QUA/SEX - NOTURNO - POSTO 11 - DOMICILIAR<br>APELIDO: 2106<br>MACROSETOR: POSTO 11 - DOMICILIAR<br>COR: 65280.000<br>FREQUENCIA: SEG/QUA/SEX - NOTURNO<br>layer: 2106<br>path: G:/Drives compartilhados/J_NEGRAO_CCO/45 - Monitoramento/Paulo Lima/KMLKMZ Curitiba/Noturno/Seg-Qua-Sex/11/2106/2106 - SEG/QUA/SEX - NOTURNO - POSTO 11 - DOMICILIAR/2106.shp", "timestamp": null, "begin": null, "end": null, "altitudeMode": null, "tessellate": -1, "extrude": 0, "visibility": -1, "drawOrder": null, "icon": null, "descri____o": "", "id": null, "IDENTIFICA": "4402106", "SETOR": "2106 - SEG/QUA/SEX - NOTURNO - POSTO 11 - DOMICILIAR", "APELIDO": "2106", "MACROSETOR": "POSTO 11 - DOMICILIAR", "COR": "65280.000", "FREQUENCIA": "SEG/QUA/SEX - NOTURNO", "layer": "2106", "path": "G:/Drives compartilhados/J_NEGRAO_CCO/45 - Monitoramento/Paulo Lima/KMLKMZ Curitiba/Noturno/Seg-Qua-Sex/11/2106/2106 - SEG/QUA/SEX - NOTURNO - POSTO 11 - DOMICILIAR/2106.shp", "OBJECTID": null, "TURNO": null, "POSTO": null, "FreqTurno": null, "X_SEMANA": null, "TER": null, "QUI": null, "SAB": null, "SEG": null, "QUA": null, "SEX": null }, "geometry": { "type": "Polygon", "coordinates": [ [ [ -49.241737, -25.384947, 0.0 ], [ -49.23655, -25.38897, 0.0 ], [ -49.237405, -25.389908, 0.0 ], [ -49.236461, -25.390644, 0.0 ], [ -49.234672, -25.388718, 0.0 ], [ -49.234216, -25.387809, 0.0 ], [ -49.233524, -25.386993, 0.0 ], [ -49.231408, -25.384678, 0.0 ], [ -49.232349, -25.384632, 0.0 ], [ -49.22772, -25.379589, 0.0 ], [ -49.224952, -25.376601, 0.0 ], [ -49.225864, -25.376519, 0.0 ], [ -49.226524, -25.376674, 0.0 ], [ -49.228487, -25.378819, 0.0 ], [ -49.232703, -25.375586, 0.0 ], [ -49.233999, -25.376975, 0.0 ], [ -49.235721, -25.378085, 0.0 ], [ -49.236906, -25.378829, 0.0 ], [ -49.237419, -25.378666, 0.0 ], [ -49.239044, -25.37972, 0.0 ], [ -49.23946, -25.379713, 0.0 ], [ -49.239835, -25.379652, 0.0 ], [ -49.240248, -25.37943, 0.0 ], [ -49.241539, -25.383406, 0.0 ], [ -49.241791, -25.384904, 0.0 ], [ -49.241734, -25.38495, 0.0 ], [ -49.241737, -25.384947, 0.0 ] ] ] } },
{ "type": "Feature", "properties": { "Name": "2107", "description": "descrição: <br>IDENTIFICA: 4402107<br>SETOR: 2107 - SEG/QUA/SEX - NOTURNO - POSTO 11 - DOMICILIAR<br>APELIDO: 2107<br>MACROSETOR: POSTO 11 - DOMICILIAR<br>COR: 12615935.000<br>FREQUENCIA: SEG/QUA/SEX - NOTURNO<br>layer: 2107<br>path: G:/Drives compartilhados/J_NEGRAO_CCO/45 - Monitoramento/Paulo Lima/KMLKMZ Curitiba/Noturno/Seg-Qua-Sex/11/2107/2107 - SEG/QUA/SEX - NOTURNO - POSTO 11 - DOMICILIAR/2107.shp", "timestamp": null, "begin": null, "end": null, "altitudeMode": null, "tessellate": -1, "extrude": 0, "visibility": -1, "drawOrder": null, "icon": null, "descri____o": "", "id": null, "IDENTIFICA": "4402107", "SETOR": "2107 - SEG/QUA/SEX - NOTURNO - POSTO 11 - DOMICILIAR", "APELIDO": "2107", "MACROSETOR": "POSTO 11 - DOMICILIAR", "COR": "12615935.000", "FREQUENCIA": "SEG/QUA/SEX - NOTURNO", "layer": "2107", "path": "G:/Drives compartilhados/J_NEGRAO_CCO/45 - Monitoramento/Paulo Lima/KMLKMZ Curitiba/Noturno/Seg-Qua-Sex/11/2107/2107 - SEG/QUA/SEX - NOTURNO - POSTO 11 - DOMICILIAR/2107.shp", "OBJECTID": null, "TURNO": null, "POSTO": null, "FreqTurno": null, "X_SEMANA": null, "TER": null, "QUI": null, "SAB": null, "SEG": null, "QUA": null, "SEX": null }, "geometry": { "type": "Polygon", "coordinates": [ [ [ -49.245004, -25.370412, 0.0 ], [ -49.245119, -25.37048, 0.0 ], [ -49.246683, -25.371696, 0.0 ], [ -49.244661, -25.373611, 0.0 ], [ -49.244532, -25.373916, 0.0 ], [ -49.244387, -25.374607, 0.0 ], [ -49.2444, -25.374859, 0.0 ], [ -49.2445, -25.375349, 0.0 ], [ -49.244465, -25.375918, 0.0 ], [ -49.244282, -25.376228, 0.0 ], [ -49.243904, -25.37672, 0.0 ], [ -49.243183, -25.377564, 0.0 ], [ -49.242617, -25.378007, 0.0 ], [ -49.241852, -25.378526, 0.0 ], [ -49.240128, -25.379694, 0.0 ], [ -49.239908, -25.379805, 0.0 ], [ -49.23965, -25.379854, 0.0 ], [ -49.239331, -25.37988, 0.0 ], [ -49.239009, -25.379866, 0.0 ], [ -49.23748, -25.378862, 0.0 ], [ -49.23737, -25.378829, 0.0 ], [ -49.23722, -25.378843, 0.0 ], [ -49.236872, -25.378935, 0.0 ], [ -49.236625, -25.378795, 0.0 ], [ -49.2363, -25.378589, 0.0 ], [ -49.234975, -25.37776, 0.0 ], [ -49.233924, -25.377103, 0.0 ], [ -49.233293, -25.376427, 0.0 ], [ -49.232588, -25.375654, 0.0 ], [ -49.235037, -25.373764, 0.0 ], [ -49.237623, -25.371852, 0.0 ], [ -49.238387, -25.37269, 0.0 ], [ -49.242609, -25.36944, 0.0 ], [ -49.242888, -25.369617, 0.0 ], [ -49.243598, -25.369825, 0.0 ], [ -49.244301, -25.370053, 0.0 ], [ -49.245004, -25.370412, 0.0 ] ] ] } },
{ "type": "Feature", "properties": { "Name": "2108", "description": "descrição: <br>IDENTIFICA: 4402108<br>SETOR: 2108 - SEG/QUA/SEX - NOTURNO - POSTO 11 - DOMICILIAR<br>APELIDO: 2108<br>MACROSETOR: POSTO 11 - DOMICILIAR<br>COR: 255.000<br>FREQUENCIA: SEG/QUA/SEX - NOTURNO<br>layer: 2108<br>path: G:/Drives compartilhados/J_NEGRAO_CCO/45 - Monitoramento/Paulo Lima/KMLKMZ Curitiba/Noturno/Seg-Qua-Sex/11/2108/2108 - SEG/QUA/SEX - NOTURNO - POSTO 11 - DOMICILIAR/2108.shp", "timestamp": null, "begin": null, "end": null, "altitudeMode": null, "tessellate": -1, "extrude": 0, "visibility": -1, "drawOrder": null, "icon": null, "descri____o": "", "id": null, "IDENTIFICA": "4402108", "SETOR": "2108 - SEG/QUA/SEX - NOTURNO - POSTO 11 - DOMICILIAR", "APELIDO": "2108", "MACROSETOR": "POSTO 11 - DOMICILIAR", "COR": "255.000", "FREQUENCIA": "SEG/QUA/SEX - NOTURNO", "layer": "2108", "path": "G:/Drives compartilhados/J_NEGRAO_CCO/45 - Monitoramento/Paulo Lima/KMLKMZ Curitiba/Noturno/Seg-Qua-Sex/11/2108/2108 - SEG/QUA/SEX - NOTURNO - POSTO 11 - DOMICILIAR/2108.shp", "OBJECTID": null, "TURNO": null, "POSTO": null, "FreqTurno": null, "X_SEMANA": null, "TER": null, "QUI": null, "SAB": null, "SEG": null, "QUA": null, "SEX": null }, "geometry": { "type": "Polygon", "coordinates": [ [ [ -49.24678, -25.371667, 0.0 ], [ -49.247209, -25.371791, 0.0 ], [ -49.247834, -25.371975, 0.0 ], [ -49.249011, -25.372322, 0.0 ], [ -49.251401, -25.37302, 0.0 ], [ -49.250996, -25.373495, 0.0 ], [ -49.250741, -25.37395, 0.0 ], [ -49.250513, -25.374791, 0.0 ], [ -49.250001, -25.375429, 0.0 ], [ -49.249607, -25.376032, 0.0 ], [ -49.249298, -25.376677, 0.0 ], [ -49.249293, -25.377137, 0.0 ], [ -49.249408, -25.378055, 0.0 ], [ -49.249419, -25.378988, 0.0 ], [ -49.249177, -25.379701, 0.0 ], [ -49.248475, -25.378952, 0.0 ], [ -49.248437, -25.379529, 0.0 ], [ -49.248673, -25.380333, 0.0 ], [ -49.248888, -25.381109, 0.0 ], [ -49.248483, -25.381885, 0.0 ], [ -49.247354, -25.383018, 0.0 ], [ -49.246745, -25.383416, 0.0 ], [ -49.248209, -25.384989, 0.0 ], [ -49.249143, -25.385994, 0.0 ], [ -49.245487, -25.388791, 0.0 ], [ -49.243778, -25.390075, 0.0 ], [ -49.240122, -25.386098, 0.0 ], [ -49.241764, -25.38485, 0.0 ], [ -49.241528, -25.383457, 0.0 ], [ -49.240152, -25.379461, 0.0 ], [ -49.240895, -25.37894, 0.0 ], [ -49.241949, -25.37824, 0.0 ], [ -49.242853, -25.377602, 0.0 ], [ -49.243303, -25.377144, 0.0 ], [ -49.243617, -25.376759, 0.0 ], [ -49.244242, -25.375971, 0.0 ], [ -49.244301, -25.375712, 0.0 ], [ -49.244301, -25.37522, 0.0 ], [ -49.244183, -25.374888, 0.0 ], [ -49.244132, -25.374622, 0.0 ], [ -49.244261, -25.374088, 0.0 ], [ -49.244382, -25.373674, 0.0 ], [ -49.244596, -25.3734, 0.0 ], [ -49.24484, -25.373148, 0.0 ], [ -49.246503, -25.371568, 0.0 ], [ -49.24678, -25.371667, 0.0 ] ] ] } },
{ "type": "Feature", "properties": { "Name": "2109", "description": "descrição: <br>IDENTIFICA: 4402109<br>SETOR: 2109 - SEG/QUA/SEX - NOTURNO - POSTO 11 - DOMICILIAR<br>APELIDO: 2109<br>MACROSETOR: POSTO 11 - DOMICILIAR<br>COR: 33023.000<br>FREQUENCIA: SEG/QUA/SEX - NOTURNO<br>layer: 2109<br>path: G:/Drives compartilhados/J_NEGRAO_CCO/45 - Monitoramento/Paulo Lima/KMLKMZ Curitiba/Noturno/Seg-Qua-Sex/11/2109/2109 - SEG/QUA/SEX - NOTURNO - POSTO 11 - DOMICILIAR/2109.shp", "timestamp": null, "begin": null, "end": null, "altitudeMode": null, "tessellate": -1, "extrude": 0, "visibility": -1, "drawOrder": null, "icon": null, "descri____o": "", "id": null, "IDENTIFICA": "4402109", "SETOR": "2109 - SEG/QUA/SEX - NOTURNO - POSTO 11 - DOMICILIAR", "APELIDO": "2109", "MACROSETOR": "POSTO 11 - DOMICILIAR", "COR": "33023.000", "FREQUENCIA": "SEG/QUA/SEX - NOTURNO", "layer": "2109", "path": "G:/Drives compartilhados/J_NEGRAO_CCO/45 - Monitoramento/Paulo Lima/KMLKMZ Curitiba/Noturno/Seg-Qua-Sex/11/2109/2109 - SEG/QUA/SEX - NOTURNO - POSTO 11 - DOMICILIAR/2109.shp", "OBJECTID": null, "TURNO": null, "POSTO": null, "FreqTurno": null, "X_SEMANA": null, "TER": null, "QUI": null, "SAB": null, "SEG": null, "QUA": null, "SEX": null }, "geometry": { "type": "Polygon", "coordinates": [ [ [ -49.248011, -25.386682, 0.0 ], [ -49.248011, -25.386685, 0.0 ], [ -49.248279, -25.386464, 0.0 ], [ -49.248917, -25.38598, 0.0 ], [ -49.248013, -25.38501, 0.0 ], [ -49.251677, -25.382202, 0.0 ], [ -49.252624, -25.383251, 0.0 ], [ -49.254097, -25.384831, 0.0 ], [ -49.255572, -25.386409, 0.0 ], [ -49.255921, -25.386837, 0.0 ], [ -49.256285, -25.38723, 0.0 ], [ -49.257358, -25.386413, 0.0 ], [ -49.25742, -25.388456, 0.0 ], [ -49.257535, -25.388599, 0.0 ], [ -49.257626, -25.388764, 0.0 ], [ -49.257734, -25.390252, 0.0 ], [ -49.258377, -25.39023, 0.0 ], [ -49.260657, -25.390198, 0.0 ], [ -49.260639, -25.390591, 0.0 ], [ -49.260692, -25.390896, 0.0 ], [ -49.261019, -25.391713, 0.0 ], [ -49.261014, -25.392149, 0.0 ], [ -49.261025, -25.392578, 0.0 ], [ -49.260813, -25.392871, 0.0 ], [ -49.25867, -25.394146, 0.0 ], [ -49.25698, -25.395936, 0.0 ], [ -49.256849, -25.396518, 0.0 ], [ -49.255218, -25.398005, 0.0 ], [ -49.254241, -25.398488, 0.0 ], [ -49.250207, -25.394102, 0.0 ], [ -49.245253, -25.388766, 0.0 ], [ -49.248011, -25.386682, 0.0 ] ] ] } },
{ "type": "Feature", "properties": { "Name": "2110", "description": "descrição: <br>IDENTIFICA: 4402110<br>SETOR: 2110 - SEG/QUA/SEX - NOTURNO - POSTO 11 - DOMICILIAR<br>APELIDO: 2110<br>MACROSETOR: POSTO 11 - DOMICILIAR<br>COR: 33023.000<br>FREQUENCIA: SEG/QUA/SEX - NOTURNO<br>layer: 2110<br>path: G:/Drives compartilhados/J_NEGRAO_CCO/45 - Monitoramento/Paulo Lima/KMLKMZ Curitiba/Noturno/Seg-Qua-Sex/11/2110/2110 - SEG/QUA/SEX - NOTURNO - POSTO 11 - DOMICILIAR/2110.shp", "timestamp": null, "begin": null, "end": null, "altitudeMode": null, "tessellate": -1, "extrude": 0, "visibility": -1, "drawOrder": null, "icon": null, "descri____o": "", "id": null, "IDENTIFICA": "4402110", "SETOR": "2110 - SEG/QUA/SEX - NOTURNO - POSTO 11 - DOMICILIAR", "APELIDO": "2110", "MACROSETOR": "POSTO 11 - DOMICILIAR", "COR": "33023.000", "FREQUENCIA": "SEG/QUA/SEX - NOTURNO", "layer": "2110", "path": "G:/Drives compartilhados/J_NEGRAO_CCO/45 - Monitoramento/Paulo Lima/KMLKMZ Curitiba/Noturno/Seg-Qua-Sex/11/2110/2110 - SEG/QUA/SEX - NOTURNO - POSTO 11 - DOMICILIAR/2110.shp", "OBJECTID": null, "TURNO": null, "POSTO": null, "FreqTurno": null, "X_SEMANA": null, "TER": null, "QUI": null, "SAB": null, "SEG": null, "QUA": null, "SEX": null }, "geometry": { "type": "Polygon", "coordinates": [ [ [ -49.271536, -25.399828, 0.0 ], [ -49.269774, -25.39983, 0.0 ], [ -49.264597, -25.39983, 0.0 ], [ -49.262355, -25.399958, 0.0 ], [ -49.262285, -25.399665, 0.0 ], [ -49.262146, -25.399677, 0.0 ], [ -49.26187, -25.399721, 0.0 ], [ -49.261274, -25.399806, 0.0 ], [ -49.259289, -25.400092, 0.0 ], [ -49.258174, -25.400288, 0.0 ], [ -49.257541, -25.400206, 0.0 ], [ -49.256167, -25.400002, 0.0 ], [ -49.254933, -25.399808, 0.0 ], [ -49.25268, -25.399307, 0.0 ], [ -49.252517, -25.399261, 0.0 ], [ -49.252922, -25.399028, 0.0 ], [ -49.253319, -25.398812, 0.0 ], [ -49.255226, -25.397812, 0.0 ], [ -49.255634, -25.397434, 0.0 ], [ -49.256666, -25.396426, 0.0 ], [ -49.256741, -25.395917, 0.0 ], [ -49.257433, -25.395081, 0.0 ], [ -49.258442, -25.394075, 0.0 ], [ -49.25974, -25.39331, 0.0 ], [ -49.260655, -25.392738, 0.0 ], [ -49.260773, -25.392641, 0.0 ], [ -49.260821, -25.392486, 0.0 ], [ -49.261483, -25.392462, 0.0 ], [ -49.261886, -25.392357, 0.0 ], [ -49.262269, -25.392222, 0.0 ], [ -49.263026, -25.391919, 0.0 ], [ -49.263672, -25.391403, 0.0 ], [ -49.263884, -25.391274, 0.0 ], [ -49.264155, -25.391194, 0.0 ], [ -49.264345, -25.391151, 0.0 ], [ -49.267315, -25.391325, 0.0 ], [ -49.267366, -25.390259, 0.0 ], [ -49.270413, -25.389278, 0.0 ], [ -49.272062, -25.3892, 0.0 ], [ -49.272043, -25.388912, 0.0 ], [ -49.272121, -25.388708, 0.0 ], [ -49.272341, -25.38849, 0.0 ], [ -49.274093, -25.387843, 0.0 ], [ -49.275206, -25.3874, 0.0 ], [ -49.276485, -25.386443, 0.0 ], [ -49.276968, -25.386307, 0.0 ], [ -49.277665, -25.386241, 0.0 ], [ -49.278357, -25.386103, 0.0 ], [ -49.27902, -25.385875, 0.0 ], [ -49.279283, -25.386268, 0.0 ], [ -49.27965, -25.386692, 0.0 ], [ -49.280275, -25.387174, 0.0 ], [ -49.280932, -25.387482, 0.0 ], [ -49.280817, -25.388313, 0.0 ], [ -49.280018, -25.389828, 0.0 ], [ -49.279591, -25.390567, 0.0 ], [ -49.279146, -25.391272, 0.0 ], [ -49.275739, -25.392602, 0.0 ], [ -49.274455, -25.39339, 0.0 ], [ -49.272902, -25.394577, 0.0 ], [ -49.272843, -25.394587, 0.0 ], [ -49.272762, -25.394604, 0.0 ], [ -49.272684, -25.394608, 0.0 ], [ -49.271459, -25.394851, 0.0 ], [ -49.271228, -25.396028, 0.0 ], [ -49.271276, -25.396598, 0.0 ], [ -49.271338, -25.396823, 0.0 ], [ -49.271421, -25.397019, 0.0 ], [ -49.271528, -25.397247, 0.0 ], [ -49.271579, -25.397453, 0.0 ], [ -49.271536, -25.399532, 0.0 ], [ -49.271536, -25.399828, 0.0 ] ] ] } },
{ "type": "Feature", "properties": { "Name": "2111", "description": "descrição: <br>IDENTIFICA: 4402111<br>SETOR: 2111 - SEG/QUA/SEX - NOTURNO - POSTO 11 - DOMICILIAR<br>APELIDO: 2111<br>MACROSETOR: POSTO 11 - DOMICILIAR<br>COR: 16711808.000<br>FREQUENCIA: SEG/QUA/SEX - NOTURNO<br>layer: 2111<br>path: G:/Drives compartilhados/J_NEGRAO_CCO/45 - Monitoramento/Paulo Lima/KMLKMZ Curitiba/Noturno/Seg-Qua-Sex/11/2111/2111 - SEG/QUA/SEX - NOTURNO - POSTO 11 - DOMICILIAR/2111.shp", "timestamp": null, "begin": null, "end": null, "altitudeMode": null, "tessellate": -1, "extrude": 0, "visibility": -1, "drawOrder": null, "icon": null, "descri____o": "", "id": null, "IDENTIFICA": "4402111", "SETOR": "2111 - SEG/QUA/SEX - NOTURNO - POSTO 11 - DOMICILIAR", "APELIDO": "2111", "MACROSETOR": "POSTO 11 - DOMICILIAR", "COR": "16711808.000", "FREQUENCIA": "SEG/QUA/SEX - NOTURNO", "layer": "2111", "path": "G:/Drives compartilhados/J_NEGRAO_CCO/45 - Monitoramento/Paulo Lima/KMLKMZ Curitiba/Noturno/Seg-Qua-Sex/11/2111/2111 - SEG/QUA/SEX - NOTURNO - POSTO 11 - DOMICILIAR/2111.shp", "OBJECTID": null, "TURNO": null, "POSTO": null, "FreqTurno": null, "X_SEMANA": null, "TER": null, "QUI": null, "SAB": null, "SEG": null, "QUA": null, "SEX": null }, "geometry": { "type": "Polygon", "coordinates": [ [ [ -49.283005, -25.391577, 0.0 ], [ -49.283016, -25.391577, 0.0 ], [ -49.282973, -25.392498, 0.0 ], [ -49.283145, -25.392779, 0.0 ], [ -49.284272, -25.393729, 0.0 ], [ -49.285301, -25.394969, 0.0 ], [ -49.28572, -25.395725, 0.0 ], [ -49.285967, -25.395851, 0.0 ], [ -49.287619, -25.396336, 0.0 ], [ -49.288198, -25.397712, 0.0 ], [ -49.288145, -25.398594, 0.0 ], [ -49.286449, -25.400058, 0.0 ], [ -49.28543, -25.400833, 0.0 ], [ -49.285763, -25.399399, 0.0 ], [ -49.284497, -25.39903, 0.0 ], [ -49.28278, -25.399554, 0.0 ], [ -49.283639, -25.39998, 0.0 ], [ -49.283381, -25.400736, 0.0 ], [ -49.284186, -25.400281, 0.0 ], [ -49.284722, -25.401114, 0.0 ], [ -49.283488, -25.401744, 0.0 ], [ -49.282372, -25.403256, 0.0 ], [ -49.282415, -25.404186, 0.0 ], [ -49.282759, -25.406076, 0.0 ], [ -49.280988, -25.405311, 0.0 ], [ -49.280323, -25.404971, 0.0 ], [ -49.279722, -25.404341, 0.0 ], [ -49.275785, -25.404593, 0.0 ], [ -49.275823, -25.405819, 0.0 ], [ -49.276332, -25.407821, 0.0 ], [ -49.276268, -25.408518, 0.0 ], [ -49.27611, -25.409063, 0.0 ], [ -49.275916, -25.409596, 0.0 ], [ -49.275439, -25.410522, 0.0 ], [ -49.27247, -25.411162, 0.0 ], [ -49.272094, -25.411493, 0.0 ], [ -49.271971, -25.411566, 0.0 ], [ -49.271789, -25.411605, 0.0 ], [ -49.271703, -25.411283, 0.0 ], [ -49.27159, -25.410864, 0.0 ], [ -49.271408, -25.410079, 0.0 ], [ -49.271547, -25.409235, 0.0 ], [ -49.271944, -25.408053, 0.0 ], [ -49.271043, -25.405989, 0.0 ], [ -49.271032, -25.405911, 0.0 ], [ -49.271043, -25.405824, 0.0 ], [ -49.271054, -25.405582, 0.0 ], [ -49.271086, -25.405175, 0.0 ], [ -49.271172, -25.404884, 0.0 ], [ -49.271365, -25.403401, 0.0 ], [ -49.271418, -25.399709, 0.0 ], [ -49.271493, -25.397548, 0.0 ], [ -49.271215, -25.396733, 0.0 ], [ -49.271172, -25.395822, 0.0 ], [ -49.27129, -25.394756, 0.0 ], [ -49.272845, -25.394475, 0.0 ], [ -49.274562, -25.393225, 0.0 ], [ -49.275613, -25.392575, 0.0 ], [ -49.277298, -25.391916, 0.0 ], [ -49.279089, -25.391228, 0.0 ], [ -49.27939, -25.390763, 0.0 ], [ -49.283005, -25.391577, 0.0 ] ] ] } },
{ "type": "Feature", "properties": { "Name": "2112", "description": "descrição: <br>IDENTIFICA: 4402112<br>SETOR: 2112 - SEG/QUA/SEX - NOTURNO - POSTO 11 - DOMICILIAR<br>APELIDO: 2112<br>MACROSETOR: POSTO 11 - DOMICILIAR<br>COR: 4194432.000<br>FREQUENCIA: SEG/QUA/SEX - NOTURNO<br>layer: 2112<br>path: G:/Drives compartilhados/J_NEGRAO_CCO/45 - Monitoramento/Paulo Lima/KMLKMZ Curitiba/Noturno/Seg-Qua-Sex/11/2112/2112 - SEG/QUA/SEX - NOTURNO - POSTO 11 - DOMICILIAR/2112.shp", "timestamp": null, "begin": null, "end": null, "altitudeMode": null, "tessellate": -1, "extrude": 0, "visibility": -1, "drawOrder": null, "icon": null, "descri____o": "", "id": null, "IDENTIFICA": "4402112", "SETOR": "2112 - SEG/QUA/SEX - NOTURNO - POSTO 11 - DOMICILIAR", "APELIDO": "2112", "MACROSETOR": "POSTO 11 - DOMICILIAR", "COR": "4194432.000", "FREQUENCIA": "SEG/QUA/SEX - NOTURNO", "layer": "2112", "path": "G:/Drives compartilhados/J_NEGRAO_CCO/45 - Monitoramento/Paulo Lima/KMLKMZ Curitiba/Noturno/Seg-Qua-Sex/11/2112/2112 - SEG/QUA/SEX - NOTURNO - POSTO 11 - DOMICILIAR/2112.shp", "OBJECTID": null, "TURNO": null, "POSTO": null, "FreqTurno": null, "X_SEMANA": null, "TER": null, "QUI": null, "SAB": null, "SEG": null, "QUA": null, "SEX": null }, "geometry": { "type": "Polygon", "coordinates": [ [ [ -49.279843, -25.404324, 0.0 ], [ -49.280251, -25.404814, 0.0 ], [ -49.280508, -25.404986, 0.0 ], [ -49.282651, -25.406001, 0.0 ], [ -49.282442, -25.404988, 0.0 ], [ -49.282271, -25.404043, 0.0 ], [ -49.282287, -25.403346, 0.0 ], [ -49.284521, -25.402485, 0.0 ], [ -49.284819, -25.403246, 0.0 ], [ -49.284591, -25.40408, 0.0 ], [ -49.284363, -25.404916, 0.0 ], [ -49.283993, -25.406142, 0.0 ], [ -49.284003, -25.406243, 0.0 ], [ -49.28406, -25.406338, 0.0 ], [ -49.284497, -25.406616, 0.0 ], [ -49.284387, -25.406868, 0.0 ], [ -49.284347, -25.406958, 0.0 ], [ -49.284371, -25.406994, 0.0 ], [ -49.284392, -25.407031, 0.0 ], [ -49.284424, -25.407065, 0.0 ], [ -49.284438, -25.407125, 0.0 ], [ -49.284411, -25.407225, 0.0 ], [ -49.284309, -25.407472, 0.0 ], [ -49.284089, -25.408041, 0.0 ], [ -49.28407, -25.408501, 0.0 ], [ -49.284137, -25.408702, 0.0 ], [ -49.284221, -25.408957, 0.0 ], [ -49.284314, -25.409412, 0.0 ], [ -49.284524, -25.410289, 0.0 ], [ -49.285017, -25.412094, 0.0 ], [ -49.285425, -25.413691, 0.0 ], [ -49.285696, -25.41472, 0.0 ], [ -49.285894, -25.41545, 0.0 ], [ -49.286334, -25.417143, 0.0 ], [ -49.286677, -25.418422, 0.0 ], [ -49.287745, -25.422301, 0.0 ], [ -49.286565, -25.422085, 0.0 ], [ -49.286248, -25.422083, 0.0 ], [ -49.284902, -25.422395, 0.0 ], [ -49.281989, -25.42293, 0.0 ], [ -49.281546, -25.42129, 0.0 ], [ -49.281131, -25.419655, 0.0 ], [ -49.280299, -25.416382, 0.0 ], [ -49.276646, -25.417131, 0.0 ], [ -49.275042, -25.410885, 0.0 ], [ -49.275412, -25.410255, 0.0 ], [ -49.275798, -25.409543, 0.0 ], [ -49.275983, -25.409017, 0.0 ], [ -49.276155, -25.40848, 0.0 ], [ -49.276195, -25.408131, 0.0 ], [ -49.276174, -25.407779, 0.0 ], [ -49.276024, -25.407062, 0.0 ], [ -49.275694, -25.405831, 0.0 ], [ -49.275667, -25.405168, 0.0 ], [ -49.275656, -25.404836, 0.0 ], [ -49.27564, -25.404523, 0.0 ], [ -49.279736, -25.404276, 0.0 ], [ -49.279824, -25.404271, 0.0 ], [ -49.27984, -25.404324, 0.0 ], [ -49.279843, -25.404324, 0.0 ] ] ] } },
{ "type": "Feature", "properties": { "Name": "2113", "description": "descrição: <br>IDENTIFICA: 4402113<br>SETOR: 2113 - SEG/QUA/SEX - NOTURNO - POSTO 11 - DOMICILIAR<br>APELIDO: 2113<br>MACROSETOR: POSTO 11 - DOMICILIAR<br>COR: 16744448.000<br>FREQUENCIA: SEG/QUA/SEX - NOTURNO<br>layer: 2113<br>path: G:/Drives compartilhados/J_NEGRAO_CCO/45 - Monitoramento/Paulo Lima/KMLKMZ Curitiba/Noturno/Seg-Qua-Sex/11/2113/2113 - SEG/QUA/SEX - NOTURNO - POSTO 11 - DOMICILIAR/2113.shp", "timestamp": null, "begin": null, "end": null, "altitudeMode": null, "tessellate": -1, "extrude": 0, "visibility": -1, "drawOrder": null, "icon": null, "descri____o": "", "id": null, "IDENTIFICA": "4402113", "SETOR": "2113 - SEG/QUA/SEX - NOTURNO - POSTO 11 - DOMICILIAR", "APELIDO": "2113", "MACROSETOR": "POSTO 11 - DOMICILIAR", "COR": "16744448.000", "FREQUENCIA": "SEG/QUA/SEX - NOTURNO", "layer": "2113", "path": "G:/Drives compartilhados/J_NEGRAO_CCO/45 - Monitoramento/Paulo Lima/KMLKMZ Curitiba/Noturno/Seg-Qua-Sex/11/2113/2113 - SEG/QUA/SEX - NOTURNO - POSTO 11 - DOMICILIAR/2113.shp", "OBJECTID": null, "TURNO": null, "POSTO": null, "FreqTurno": null, "X_SEMANA": null, "TER": null, "QUI": null, "SAB": null, "SEG": null, "QUA": null, "SEX": null }, "geometry": { "type": "Polygon", "coordinates": [ [ [ -49.287294, -25.421431, 0.0 ], [ -49.286946, -25.420183, 0.0 ], [ -49.2866, -25.418916, 0.0 ], [ -49.286264, -25.417642, 0.0 ], [ -49.285924, -25.41637, 0.0 ], [ -49.285205, -25.413519, 0.0 ], [ -49.284786, -25.412087, 0.0 ], [ -49.284604, -25.411382, 0.0 ], [ -49.28443, -25.410658, 0.0 ], [ -49.284301, -25.409977, 0.0 ], [ -49.284121, -25.409165, 0.0 ], [ -49.283925, -25.408533, 0.0 ], [ -49.283971, -25.408005, 0.0 ], [ -49.284191, -25.40745, 0.0 ], [ -49.284196, -25.407275, 0.0 ], [ -49.284135, -25.407188, 0.0 ], [ -49.284121, -25.40712, 0.0 ], [ -49.284145, -25.40705, 0.0 ], [ -49.284196, -25.406977, 0.0 ], [ -49.284237, -25.406873, 0.0 ], [ -49.284317, -25.406667, 0.0 ], [ -49.284041, -25.406507, 0.0 ], [ -49.283947, -25.406415, 0.0 ], [ -49.283885, -25.406355, 0.0 ], [ -49.283866, -25.406285, 0.0 ], [ -49.283848, -25.406151, 0.0 ], [ -49.284642, -25.403246, 0.0 ], [ -49.284371, -25.402536, 0.0 ], [ -49.287069, -25.401427, 0.0 ], [ -49.288509, -25.402764, 0.0 ], [ -49.289491, -25.403564, 0.0 ], [ -49.289877, -25.403644, 0.0 ], [ -49.290671, -25.403879, 0.0 ], [ -49.291851, -25.404155, 0.0 ], [ -49.293024, -25.405553, 0.0 ], [ -49.293753, -25.406379, 0.0 ], [ -49.293815, -25.406546, 0.0 ], [ -49.293855, -25.406711, 0.0 ], [ -49.293828, -25.406897, 0.0 ], [ -49.293697, -25.407474, 0.0 ], [ -49.293541, -25.407675, 0.0 ], [ -49.294389, -25.407796, 0.0 ], [ -49.29525, -25.407937, 0.0 ], [ -49.295108, -25.408572, 0.0 ], [ -49.29499, -25.409204, 0.0 ], [ -49.294751, -25.410493, 0.0 ], [ -49.293981, -25.410495, 0.0 ], [ -49.293426, -25.410466, 0.0 ], [ -49.293222, -25.411079, 0.0 ], [ -49.293665, -25.411353, 0.0 ], [ -49.294711, -25.411632, 0.0 ], [ -49.294196, -25.412152, 0.0 ], [ -49.294102, -25.412593, 0.0 ], [ -49.294217, -25.413231, 0.0 ], [ -49.293434, -25.413371, 0.0 ], [ -49.293552, -25.413776, 0.0 ], [ -49.293713, -25.414204, 0.0 ], [ -49.293796, -25.414437, 0.0 ], [ -49.293922, -25.4148, 0.0 ], [ -49.294008, -25.415377, 0.0 ], [ -49.293863, -25.41567, 0.0 ], [ -49.293729, -25.416646, 0.0 ], [ -49.293686, -25.417746, 0.0 ], [ -49.293852, -25.41825, 0.0 ], [ -49.292959, -25.420096, 0.0 ], [ -49.291865, -25.422095, 0.0 ], [ -49.291267, -25.422613, 0.0 ], [ -49.290347, -25.422817, 0.0 ], [ -49.290017, -25.42278, 0.0 ], [ -49.287533, -25.422252, 0.0 ], [ -49.287351, -25.421596, 0.0 ], [ -49.287297, -25.421433, 0.0 ], [ -49.287294, -25.421431, 0.0 ] ] ] } },
{ "type": "Feature", "properties": { "Name": "3101", "description": "descrição: <br>IDENTIFICA: 4403101<br>SETOR: 3101 - TER/QUI/SAB - NOTURNO - POSTO 11 - DOMICILIAR<br>APELIDO: 3101<br>MACROSETOR: POSTO 11 - DOMICILIAR<br>COR: 12615808.000<br>FREQUENCIA: TER/QUI/SAB - NOTURNO<br>layer: 3101<br>path: G:/Drives compartilhados/J_NEGRAO_CCO/45 - Monitoramento/Paulo Lima/KMLKMZ Curitiba/Noturno/Ter-Qui-Sab/11/3101/3101 - TER/QUI/SAB - NOTURNO - POSTO 11 - DOMICILIAR/3101.shp", "timestamp": null, "begin": null, "end": null, "altitudeMode": null, "tessellate": -1, "extrude": 0, "visibility": -1, "drawOrder": null, "icon": null, "descri____o": "", "id": null, "IDENTIFICA": "4403101", "SETOR": "3101 - TER/QUI/SAB - NOTURNO - POSTO 11 - DOMICILIAR", "APELIDO": "3101", "MACROSETOR": "POSTO 11 - DOMICILIAR", "COR": "12615808.000", "FREQUENCIA": "TER/QUI/SAB - NOTURNO", "layer": "3101", "path": "G:/Drives compartilhados/J_NEGRAO_CCO/45 - Monitoramento/Paulo Lima/KMLKMZ Curitiba/Noturno/Ter-Qui-Sab/11/3101/3101 - TER/QUI/SAB - NOTURNO - POSTO 11 - DOMICILIAR/3101.shp", "OBJECTID": null, "TURNO": null, "POSTO": null, "FreqTurno": null, "X_SEMANA": null, "TER": null, "QUI": null, "SAB": null, "SEG": null, "QUA": null, "SEX": null }, "geometry": { "type": "Polygon", "coordinates": [ [ [ -49.253469, -25.468607, 0.0 ], [ -49.252493, -25.470806, 0.0 ], [ -49.25142, -25.472927, 0.0 ], [ -49.247598, -25.47137, 0.0 ], [ -49.246608, -25.472547, 0.0 ], [ -49.245924, -25.47337, 0.0 ], [ -49.244733, -25.475835, 0.0 ], [ -49.243604, -25.478141, 0.0 ], [ -49.24156, -25.477315, 0.0 ], [ -49.240924, -25.476964, 0.0 ], [ -49.240562, -25.476755, 0.0 ], [ -49.240219, -25.476538, 0.0 ], [ -49.239551, -25.475416, 0.0 ], [ -49.238575, -25.473787, 0.0 ], [ -49.237505, -25.472039, 0.0 ], [ -49.238467, -25.471218, 0.0 ], [ -49.239538, -25.470198, 0.0 ], [ -49.239637, -25.470096, 0.0 ], [ -49.239728, -25.469968, 0.0 ], [ -49.239822, -25.469704, 0.0 ], [ -49.239806, -25.469043, 0.0 ], [ -49.239868, -25.468535, 0.0 ], [ -49.239921, -25.468421, 0.0 ], [ -49.240087, -25.468159, 0.0 ], [ -49.240286, -25.46791, 0.0 ], [ -49.24138, -25.466837, 0.0 ], [ -49.242131, -25.466207, 0.0 ], [ -49.243, -25.465638, 0.0 ], [ -49.243695, -25.465178, 0.0 ], [ -49.244371, -25.464696, 0.0 ], [ -49.245339, -25.463735, 0.0 ], [ -49.246436, -25.462611, 0.0 ], [ -49.247662, -25.461413, 0.0 ], [ -49.248625, -25.460594, 0.0 ], [ -49.248772, -25.460306, 0.0 ], [ -49.24896, -25.45986, 0.0 ], [ -49.249043, -25.459599, 0.0 ], [ -49.249937, -25.459313, 0.0 ], [ -49.251441, -25.463435, 0.0 ], [ -49.253458, -25.468588, 0.0 ], [ -49.253469, -25.468607, 0.0 ] ] ] } },
{ "type": "Feature", "properties": { "Name": "3102", "description": "descrição: <br>IDENTIFICA: 4403102<br>SETOR: 3102 - TER/QUI/SAB - NOTURNO - POSTO 11 - DOMICILIAR<br>APELIDO: 3102<br>MACROSETOR: POSTO 11 - DOMICILIAR<br>COR: 4227327.000<br>FREQUENCIA: TER/QUI/SAB - NOTURNO<br>layer: 3102<br>path: G:/Drives compartilhados/J_NEGRAO_CCO/45 - Monitoramento/Paulo Lima/KMLKMZ Curitiba/Noturno/Ter-Qui-Sab/11/3102/3102 - TER/QUI/SAB - NOTURNO - POSTO 11 - DOMICILIAR/3102.shp", "timestamp": null, "begin": null, "end": null, "altitudeMode": null, "tessellate": -1, "extrude": 0, "visibility": -1, "drawOrder": null, "icon": null, "descri____o": "", "id": null, "IDENTIFICA": "4403102", "SETOR": "3102 - TER/QUI/SAB - NOTURNO - POSTO 11 - DOMICILIAR", "APELIDO": "3102", "MACROSETOR": "POSTO 11 - DOMICILIAR", "COR": "4227327.000", "FREQUENCIA": "TER/QUI/SAB - NOTURNO", "layer": "3102", "path": "G:/Drives compartilhados/J_NEGRAO_CCO/45 - Monitoramento/Paulo Lima/KMLKMZ Curitiba/Noturno/Ter-Qui-Sab/11/3102/3102 - TER/QUI/SAB - NOTURNO - POSTO 11 - DOMICILIAR/3102.shp", "OBJECTID": null, "TURNO": null, "POSTO": null, "FreqTurno": null, "X_SEMANA": null, "TER": null, "QUI": null, "SAB": null, "SEG": null, "QUA": null, "SEX": null }, "geometry": { "type": "Polygon", "coordinates": [ [ [ -49.215017, -25.491694, 0.0 ], [ -49.214669, -25.490954, 0.0 ], [ -49.212709, -25.491469, 0.0 ], [ -49.211662, -25.487644, 0.0 ], [ -49.213521, -25.487131, 0.0 ], [ -49.212783, -25.484889, 0.0 ], [ -49.21345, -25.483998, 0.0 ], [ -49.213579, -25.48332, 0.0 ], [ -49.213944, -25.482177, 0.0 ], [ -49.21506, -25.479775, 0.0 ], [ -49.215789, -25.478671, 0.0 ], [ -49.216455, -25.478419, 0.0 ], [ -49.216819, -25.477954, 0.0 ], [ -49.217484, -25.476617, 0.0 ], [ -49.218128, -25.476211, 0.0 ], [ -49.218343, -25.475843, 0.0 ], [ -49.218429, -25.47532, 0.0 ], [ -49.218321, -25.474893, 0.0 ], [ -49.218085, -25.474525, 0.0 ], [ -49.21978, -25.472046, 0.0 ], [ -49.220939, -25.471038, 0.0 ], [ -49.223171, -25.472414, 0.0 ], [ -49.22581, -25.473189, 0.0 ], [ -49.226819, -25.473499, 0.0 ], [ -49.227956, -25.473944, 0.0 ], [ -49.227398, -25.474719, 0.0 ], [ -49.228943, -25.475223, 0.0 ], [ -49.227913, -25.475823, 0.0 ], [ -49.229844, -25.477237, 0.0 ], [ -49.23081, -25.477993, 0.0 ], [ -49.228213, -25.480976, 0.0 ], [ -49.225681, -25.483843, 0.0 ], [ -49.223943, -25.482622, 0.0 ], [ -49.223536, -25.483591, 0.0 ], [ -49.223385, -25.484579, 0.0 ], [ -49.223342, -25.486826, 0.0 ], [ -49.221862, -25.486128, 0.0 ], [ -49.219158, -25.486051, 0.0 ], [ -49.215017, -25.491694, 0.0 ] ] ] } },
{ "type": "Feature", "properties": { "Name": "3103", "description": "descrição: <br>IDENTIFICA: 4403103<br>SETOR: 3103 - TER/QUI/SAB - NOTURNO - POSTO 11 - DOMICILIAR<br>APELIDO: 3103<br>MACROSETOR: POSTO 11 - DOMICILIAR<br>COR: 16776960.000<br>FREQUENCIA: TER/QUI/SAB - NOTURNO<br>layer: 3103<br>path: G:/Drives compartilhados/J_NEGRAO_CCO/45 - Monitoramento/Paulo Lima/KMLKMZ Curitiba/Noturno/Ter-Qui-Sab/11/3103/3103 - TER/QUI/SAB - NOTURNO - POSTO 11 - DOMICILIAR/3103.shp", "timestamp": null, "begin": null, "end": null, "altitudeMode": null, "tessellate": -1, "extrude": 0, "visibility": -1, "drawOrder": null, "icon": null, "descri____o": "", "id": null, "IDENTIFICA": "4403103", "SETOR": "3103 - TER/QUI/SAB - NOTURNO - POSTO 11 - DOMICILIAR", "APELIDO": "3103", "MACROSETOR": "POSTO 11 - DOMICILIAR", "COR": "16776960.000", "FREQUENCIA": "TER/QUI/SAB - NOTURNO", "layer": "3103", "path": "G:/Drives compartilhados/J_NEGRAO_CCO/45 - Monitoramento/Paulo Lima/KMLKMZ Curitiba/Noturno/Ter-Qui-Sab/11/3103/3103 - TER/QUI/SAB - NOTURNO - POSTO 11 - DOMICILIAR/3103.shp", "OBJECTID": null, "TURNO": null, "POSTO": null, "FreqTurno": null, "X_SEMANA": null, "TER": null, "QUI": null, "SAB": null, "SEG": null, "QUA": null, "SEX": null }, "geometry": { "type": "Polygon", "coordinates": [ [ [ -49.214311, -25.468038, 0.0 ], [ -49.217439, -25.469084, 0.0 ], [ -49.217358, -25.469278, 0.0 ], [ -49.219091, -25.469743, 0.0 ], [ -49.22102, -25.471019, 0.0 ], [ -49.219791, -25.472152, 0.0 ], [ -49.21929, -25.472874, 0.0 ], [ -49.218182, -25.474504, 0.0 ], [ -49.218327, -25.474787, 0.0 ], [ -49.218501, -25.475092, 0.0 ], [ -49.218541, -25.475249, 0.0 ], [ -49.218544, -25.475441, 0.0 ], [ -49.218482, -25.475746, 0.0 ], [ -49.21837, -25.476048, 0.0 ], [ -49.218265, -25.476203, 0.0 ], [ -49.218112, -25.476334, 0.0 ], [ -49.217584, -25.476719, 0.0 ], [ -49.217444, -25.477002, 0.0 ], [ -49.217101, -25.477714, 0.0 ], [ -49.216693, -25.478417, 0.0 ], [ -49.216444, -25.478579, 0.0 ], [ -49.216224, -25.478637, 0.0 ], [ -49.216009, -25.478676, 0.0 ], [ -49.215899, -25.478729, 0.0 ], [ -49.215832, -25.478782, 0.0 ], [ -49.21513, -25.479973, 0.0 ], [ -49.214043, -25.482157, 0.0 ], [ -49.213654, -25.483552, 0.0 ], [ -49.213528, -25.484065, 0.0 ], [ -49.213424, -25.484257, 0.0 ], [ -49.213314, -25.484446, 0.0 ], [ -49.213059, -25.484809, 0.0 ], [ -49.213064, -25.484927, 0.0 ], [ -49.214137, -25.488269, 0.0 ], [ -49.215113, -25.49161, 0.0 ], [ -49.214888, -25.491678, 0.0 ], [ -49.213901, -25.488443, 0.0 ], [ -49.212854, -25.485194, 0.0 ], [ -49.212403, -25.486019, 0.0 ], [ -49.211608, -25.486576, 0.0 ], [ -49.211047, -25.48716, 0.0 ], [ -49.210854, -25.487322, 0.0 ], [ -49.2105, -25.487494, 0.0 ], [ -49.210363, -25.487574, 0.0 ], [ -49.208411, -25.490729, 0.0 ], [ -49.208116, -25.491547, 0.0 ], [ -49.207796, -25.492922, 0.0 ], [ -49.207139, -25.491179, 0.0 ], [ -49.206182, -25.490963, 0.0 ], [ -49.206976, -25.487242, 0.0 ], [ -49.207351, -25.485395, 0.0 ], [ -49.207534, -25.484446, 0.0 ], [ -49.207705, -25.483559, 0.0 ], [ -49.207764, -25.483172, 0.0 ], [ -49.207652, -25.482944, 0.0 ], [ -49.207606, -25.478697, 0.0 ], [ -49.208183, -25.478676, 0.0 ], [ -49.20903, -25.478584, 0.0 ], [ -49.209226, -25.478414, 0.0 ], [ -49.209483, -25.478332, 0.0 ], [ -49.20951, -25.47822, 0.0 ], [ -49.209569, -25.478119, 0.0 ], [ -49.20962, -25.478022, 0.0 ], [ -49.209642, -25.477971, 0.0 ], [ -49.20965, -25.477804, 0.0 ], [ -49.209626, -25.476857, 0.0 ], [ -49.209537, -25.476213, 0.0 ], [ -49.209462, -25.475571, 0.0 ], [ -49.20929, -25.474298, 0.0 ], [ -49.209298, -25.473925, 0.0 ], [ -49.214124, -25.467936, 0.0 ], [ -49.214201, -25.467992, 0.0 ], [ -49.214311, -25.468038, 0.0 ] ] ] } },
{ "type": "Feature", "properties": { "Name": "3104", "description": "descrição: <br>IDENTIFICA: 4403104<br>SETOR: 3104 - TER/QUI/SAB - NOTURNO - POSTO 11 - DOMICILIAR<br>APELIDO: 3104<br>MACROSETOR: POSTO 11 - DOMICILIAR<br>COR: 16744576.000<br>FREQUENCIA: TER/QUI/SAB - NOTURNO<br>layer: 3104<br>path: G:/Drives compartilhados/J_NEGRAO_CCO/45 - Monitoramento/Paulo Lima/KMLKMZ Curitiba/Noturno/Ter-Qui-Sab/11/3104/3104 - TER/QUI/SAB - NOTURNO - POSTO 11 - DOMICILIAR/3104.shp", "timestamp": null, "begin": null, "end": null, "altitudeMode": null, "tessellate": -1, "extrude": 0, "visibility": -1, "drawOrder": null, "icon": null, "descri____o": "", "id": null, "IDENTIFICA": "4403104", "SETOR": "3104 - TER/QUI/SAB - NOTURNO - POSTO 11 - DOMICILIAR", "APELIDO": "3104", "MACROSETOR": "POSTO 11 - DOMICILIAR", "COR": "16744576.000", "FREQUENCIA": "TER/QUI/SAB - NOTURNO", "layer": "3104", "path": "G:/Drives compartilhados/J_NEGRAO_CCO/45 - Monitoramento/Paulo Lima/KMLKMZ Curitiba/Noturno/Ter-Qui-Sab/11/3104/3104 - TER/QUI/SAB - NOTURNO - POSTO 11 - DOMICILIAR/3104.shp", "OBJECTID": null, "TURNO": null, "POSTO": null, "FreqTurno": null, "X_SEMANA": null, "TER": null, "QUI": null, "SAB": null, "SEG": null, "QUA": null, "SEX": null }, "geometry": { "type": "Polygon", "coordinates": [ [ [ -49.263117, -25.493762, 0.0 ], [ -49.263117, -25.493765, 0.0 ], [ -49.263251, -25.493815, 0.0 ], [ -49.263136, -25.49435, 0.0 ], [ -49.263476, -25.494394, 0.0 ], [ -49.262462, -25.498672, 0.0 ], [ -49.261154, -25.499018, 0.0 ], [ -49.26096, -25.499037, 0.0 ], [ -49.260778, -25.499004, 0.0 ], [ -49.260429, -25.498846, 0.0 ], [ -49.259161, -25.498214, 0.0 ], [ -49.258587, -25.498672, 0.0 ], [ -49.257667, -25.500548, 0.0 ], [ -49.256723, -25.502412, 0.0 ], [ -49.252514, -25.500732, 0.0 ], [ -49.248327, -25.499035, 0.0 ], [ -49.251068, -25.493406, 0.0 ], [ -49.252857, -25.489738, 0.0 ], [ -49.255392, -25.490726, 0.0 ], [ -49.259292, -25.492261, 0.0 ], [ -49.263117, -25.493762, 0.0 ] ] ] } },
{ "type": "Feature", "properties": { "Name": "3105", "description": "descrição: <br>IDENTIFICA: 4403105<br>SETOR: 3105 - TER/QUI/SAB - NOTURNO - POSTO 11 - DOMICILIAR<br>APELIDO: 3105<br>MACROSETOR: POSTO 11 - DOMICILIAR<br>COR: 255.000<br>FREQUENCIA: TER/QUI/SAB - NOTURNO<br>layer: 3105<br>path: G:/Drives compartilhados/J_NEGRAO_CCO/45 - Monitoramento/Paulo Lima/KMLKMZ Curitiba/Noturno/Ter-Qui-Sab/11/3105/3105 - TER/QUI/SAB - NOTURNO - POSTO 11 - DOMICILIAR/3105.shp", "timestamp": null, "begin": null, "end": null, "altitudeMode": null, "tessellate": -1, "extrude": 0, "visibility": -1, "drawOrder": null, "icon": null, "descri____o": "", "id": null, "IDENTIFICA": "4403105", "SETOR": "3105 - TER/QUI/SAB - NOTURNO - POSTO 11 - DOMICILIAR", "APELIDO": "3105", "MACROSETOR": "POSTO 11 - DOMICILIAR", "COR": "255.000", "FREQUENCIA": "TER/QUI/SAB - NOTURNO", "layer": "3105", "path": "G:/Drives compartilhados/J_NEGRAO_CCO/45 - Monitoramento/Paulo Lima/KMLKMZ Curitiba/Noturno/Ter-Qui-Sab/11/3105/3105 - TER/QUI/SAB - NOTURNO - POSTO 11 - DOMICILIAR/3105.shp", "OBJECTID": null, "TURNO": null, "POSTO": null, "FreqTurno": null, "X_SEMANA": null, "TER": null, "QUI": null, "SAB": null, "SEG": null, "QUA": null, "SEX": null }, "geometry": { "type": "Polygon", "coordinates": [ [ [ -49.253512, -25.468656, 0.0 ], [ -49.253533, -25.468656, 0.0 ], [ -49.259285, -25.475955, 0.0 ], [ -49.260421, -25.477276, 0.0 ], [ -49.259434, -25.479426, 0.0 ], [ -49.25598, -25.486574, 0.0 ], [ -49.249993, -25.484172, 0.0 ], [ -49.246645, -25.482874, 0.0 ], [ -49.248148, -25.479732, 0.0 ], [ -49.24965, -25.476637, 0.0 ], [ -49.251838, -25.472162, 0.0 ], [ -49.253512, -25.468656, 0.0 ] ] ] } },
{ "type": "Feature", "properties": { "Name": "3106", "description": "descrição: <br>IDENTIFICA: 4403106<br>SETOR: 3106 - TER/QUI/SAB - NOTURNO - POSTO 11 - DOMICILIAR<br>APELIDO: 3106<br>MACROSETOR: POSTO 11 - DOMICILIAR<br>COR: 32768.000<br>FREQUENCIA: TER/QUI/SAB - NOTURNO<br>layer: 3106<br>path: G:/Drives compartilhados/J_NEGRAO_CCO/45 - Monitoramento/Paulo Lima/KMLKMZ Curitiba/Noturno/Ter-Qui-Sab/11/3106/3106 - TER/QUI/SAB - NOTURNO - POSTO 11 - DOMICILIAR/3106.shp", "timestamp": null, "begin": null, "end": null, "altitudeMode": null, "tessellate": -1, "extrude": 0, "visibility": -1, "drawOrder": null, "icon": null, "descri____o": "", "id": null, "IDENTIFICA": "4403106", "SETOR": "3106 - TER/QUI/SAB - NOTURNO - POSTO 11 - DOMICILIAR", "APELIDO": "3106", "MACROSETOR": "POSTO 11 - DOMICILIAR", "COR": "32768.000", "FREQUENCIA": "TER/QUI/SAB - NOTURNO", "layer": "3106", "path": "G:/Drives compartilhados/J_NEGRAO_CCO/45 - Monitoramento/Paulo Lima/KMLKMZ Curitiba/Noturno/Ter-Qui-Sab/11/3106/3106 - TER/QUI/SAB - NOTURNO - POSTO 11 - DOMICILIAR/3106.shp", "OBJECTID": null, "TURNO": null, "POSTO": null, "FreqTurno": null, "X_SEMANA": null, "TER": null, "QUI": null, "SAB": null, "SEG": null, "QUA": null, "SEX": null }, "geometry": { "type": "Polygon", "coordinates": [ [ [ -49.250004, -25.484211, 0.0 ], [ -49.255915, -25.486593, 0.0 ], [ -49.255229, -25.487939, 0.0 ], [ -49.255014, -25.488443, 0.0 ], [ -49.253866, -25.48793, 0.0 ], [ -49.253014, -25.489678, 0.0 ], [ -49.248426, -25.498999, 0.0 ], [ -49.246055, -25.49803, 0.0 ], [ -49.242493, -25.50539, 0.0 ], [ -49.236743, -25.503047, 0.0 ], [ -49.240369, -25.495706, 0.0 ], [ -49.243706, -25.497091, 0.0 ], [ -49.245605, -25.493227, 0.0 ], [ -49.250004, -25.48424, 0.0 ], [ -49.249993, -25.48424, 0.0 ], [ -49.250004, -25.484211, 0.0 ] ] ] } },
{ "type": "Feature", "properties": { "Name": "3107", "description": "descrição: <br>IDENTIFICA: 4403107<br>SETOR: 3107 - TER/QUI/SAB - NOTURNO - POSTO 11 - DOMICILIAR<br>APELIDO: 3107<br>MACROSETOR: POSTO 11 - DOMICILIAR<br>COR: 16777088.000<br>FREQUENCIA: TER/QUI/SAB - NOTURNO<br>layer: 3107<br>path: G:/Drives compartilhados/J_NEGRAO_CCO/45 - Monitoramento/Paulo Lima/KMLKMZ Curitiba/Noturno/Ter-Qui-Sab/11/3107/3107 - TER/QUI/SAB - NOTURNO - POSTO 11 - DOMICILIAR/3107.shp", "timestamp": null, "begin": null, "end": null, "altitudeMode": null, "tessellate": -1, "extrude": 0, "visibility": -1, "drawOrder": null, "icon": null, "descri____o": "", "id": null, "IDENTIFICA": "4403107", "SETOR": "3107 - TER/QUI/SAB - NOTURNO - POSTO 11 - DOMICILIAR", "APELIDO": "3107", "MACROSETOR": "POSTO 11 - DOMICILIAR", "COR": "16777088.000", "FREQUENCIA": "TER/QUI/SAB - NOTURNO", "layer": "3107", "path": "G:/Drives compartilhados/J_NEGRAO_CCO/45 - Monitoramento/Paulo Lima/KMLKMZ Curitiba/Noturno/Ter-Qui-Sab/11/3107/3107 - TER/QUI/SAB - NOTURNO - POSTO 11 - DOMICILIAR/3107.shp", "OBJECTID": null, "TURNO": null, "POSTO": null, "FreqTurno": null, "X_SEMANA": null, "TER": null, "QUI": null, "SAB": null, "SEG": null, "QUA": null, "SEX": null }, "geometry": { "type": "Polygon", "coordinates": [ [ [ -49.215081, -25.508595, 0.0 ], [ -49.215103, -25.508614, 0.0 ], [ -49.21473, -25.508087, 0.0 ], [ -49.215339, -25.507356, 0.0 ], [ -49.216682, -25.505899, 0.0 ], [ -49.231196, -25.511829, 0.0 ], [ -49.22669, -25.52093, 0.0 ], [ -49.222484, -25.519265, 0.0 ], [ -49.218193, -25.513068, 0.0 ], [ -49.215081, -25.508595, 0.0 ] ] ] } },
{ "type": "Feature", "properties": { "Name": "3108", "description": "descrição: <br>IDENTIFICA: 4403108<br>SETOR: 3108 - TER/QUI/SAB - NOTURNO - POSTO 11 - DOMICILIAR<br>APELIDO: 3108<br>MACROSETOR: POSTO 11 - DOMICILIAR<br>COR: 32896.000<br>FREQUENCIA: TER/QUI/SAB - NOTURNO<br>layer: 3108<br>path: G:/Drives compartilhados/J_NEGRAO_CCO/45 - Monitoramento/Paulo Lima/KMLKMZ Curitiba/Noturno/Ter-Qui-Sab/11/3108/3108 - TER/QUI/SAB - NOTURNO - POSTO 11 - DOMICILIAR/3108.shp", "timestamp": null, "begin": null, "end": null, "altitudeMode": null, "tessellate": -1, "extrude": 0, "visibility": -1, "drawOrder": null, "icon": null, "descri____o": "", "id": null, "IDENTIFICA": "4403108", "SETOR": "3108 - TER/QUI/SAB - NOTURNO - POSTO 11 - DOMICILIAR", "APELIDO": "3108", "MACROSETOR": "POSTO 11 - DOMICILIAR", "COR": "32896.000", "FREQUENCIA": "TER/QUI/SAB - NOTURNO", "layer": "3108", "path": "G:/Drives compartilhados/J_NEGRAO_CCO/45 - Monitoramento/Paulo Lima/KMLKMZ Curitiba/Noturno/Ter-Qui-Sab/11/3108/3108 - TER/QUI/SAB - NOTURNO - POSTO 11 - DOMICILIAR/3108.shp", "OBJECTID": null, "TURNO": null, "POSTO": null, "FreqTurno": null, "X_SEMANA": null, "TER": null, "QUI": null, "SAB": null, "SEG": null, "QUA": null, "SEX": null }, "geometry": { "type": "MultiPolygon", "coordinates": [ [ [ [ -49.216476, -25.505845, 0.0 ], [ -49.216455, -25.505826, 0.0 ], [ -49.2164688, -25.5058316, 0.0 ], [ -49.216476, -25.505845, 0.0 ] ] ], [ [ [ -49.2164688, -25.5058316, 0.0 ], [ -49.216455, -25.505806, 0.0 ], [ -49.217999, -25.504179, 0.0 ], [ -49.220791, -25.501048, 0.0 ], [ -49.222291, -25.499376, 0.0 ], [ -49.230531, -25.502727, 0.0 ], [ -49.235852, -25.504877, 0.0 ], [ -49.233149, -25.510377, 0.0 ], [ -49.232097, -25.50997, 0.0 ], [ -49.231883, -25.510396, 0.0 ], [ -49.231196, -25.511829, 0.0 ], [ -49.2164688, -25.5058316, 0.0 ] ] ] ] } },
{ "type": "Feature", "properties": { "Name": "3109", "description": "descrição: <br>IDENTIFICA: 4403109<br>SETOR: 3109 - TER/QUI/SAB - NOTURNO - POSTO 11 - DOMICILIAR<br>APELIDO: 3109<br>MACROSETOR: POSTO 11 - DOMICILIAR<br>COR: 65535.000<br>FREQUENCIA: TER/QUI/SAB - NOTURNO<br>layer: 3109<br>path: G:/Drives compartilhados/J_NEGRAO_CCO/45 - Monitoramento/Paulo Lima/KMLKMZ Curitiba/Noturno/Ter-Qui-Sab/11/3109/3109 - TER/QUI/SAB - NOTURNO - POSTO 11 - DOMICILIAR/3109.shp", "timestamp": null, "begin": null, "end": null, "altitudeMode": null, "tessellate": -1, "extrude": 0, "visibility": -1, "drawOrder": null, "icon": null, "descri____o": "", "id": null, "IDENTIFICA": "4403109", "SETOR": "3109 - TER/QUI/SAB - NOTURNO - POSTO 11 - DOMICILIAR", "APELIDO": "3109", "MACROSETOR": "POSTO 11 - DOMICILIAR", "COR": "65535.000", "FREQUENCIA": "TER/QUI/SAB - NOTURNO", "layer": "3109", "path": "G:/Drives compartilhados/J_NEGRAO_CCO/45 - Monitoramento/Paulo Lima/KMLKMZ Curitiba/Noturno/Ter-Qui-Sab/11/3109/3109 - TER/QUI/SAB - NOTURNO - POSTO 11 - DOMICILIAR/3109.shp", "OBJECTID": null, "TURNO": null, "POSTO": null, "FreqTurno": null, "X_SEMANA": null, "TER": null, "QUI": null, "SAB": null, "SEG": null, "QUA": null, "SEX": null }, "geometry": { "type": "Polygon", "coordinates": [ [ [ -49.236616, -25.50333, 0.0 ], [ -49.235951, -25.504917, 0.0 ], [ -49.230466, -25.502727, 0.0 ], [ -49.222325, -25.499437, 0.0 ], [ -49.229501, -25.491261, 0.0 ], [ -49.234277, -25.493234, 0.0 ], [ -49.24038, -25.495735, 0.0 ], [ -49.236616, -25.50333, 0.0 ] ] ] } },
{ "type": "Feature", "properties": { "Name": "3110", "description": "descrição: <br>IDENTIFICA: 4403110<br>SETOR: 3110 - TER/QUI/SAB - NOTURNO - POSTO 11 - DOMICILIAR<br>APELIDO: 3110<br>MACROSETOR: POSTO 11 - DOMICILIAR<br>COR: 4227072.000<br>FREQUENCIA: TER/QUI/SAB - NOTURNO<br>layer: 3110<br>path: G:/Drives compartilhados/J_NEGRAO_CCO/45 - Monitoramento/Paulo Lima/KMLKMZ Curitiba/Noturno/Ter-Qui-Sab/11/3110/3110 - TER/QUI/SAB - NOTURNO - POSTO 11 - DOMICILIAR/3110.shp", "timestamp": null, "begin": null, "end": null, "altitudeMode": null, "tessellate": -1, "extrude": 0, "visibility": -1, "drawOrder": null, "icon": null, "descri____o": "", "id": null, "IDENTIFICA": "4403110", "SETOR": "3110 - TER/QUI/SAB - NOTURNO - POSTO 11 - DOMICILIAR", "APELIDO": "3110", "MACROSETOR": "POSTO 11 - DOMICILIAR", "COR": "4227072.000", "FREQUENCIA": "TER/QUI/SAB - NOTURNO", "layer": "3110", "path": "G:/Drives compartilhados/J_NEGRAO_CCO/45 - Monitoramento/Paulo Lima/KMLKMZ Curitiba/Noturno/Ter-Qui-Sab/11/3110/3110 - TER/QUI/SAB - NOTURNO - POSTO 11 - DOMICILIAR/3110.shp", "OBJECTID": null, "TURNO": null, "POSTO": null, "FreqTurno": null, "X_SEMANA": null, "TER": null, "QUI": null, "SAB": null, "SEG": null, "QUA": null, "SEX": null }, "geometry": { "type": "Polygon", "coordinates": [ [ [ -49.250014, -25.484211, 0.0 ], [ -49.248379, -25.487596, 0.0 ], [ -49.246877, -25.490707, 0.0 ], [ -49.243727, -25.497052, 0.0 ], [ -49.240354, -25.495646, 0.0 ], [ -49.232269, -25.492423, 0.0 ], [ -49.235895, -25.485082, 0.0 ], [ -49.243963, -25.488395, 0.0 ], [ -49.246667, -25.482855, 0.0 ], [ -49.250036, -25.484191, 0.0 ], [ -49.250014, -25.484211, 0.0 ] ] ] } },
{ "type": "Feature", "properties": { "Name": "3111", "description": "descrição: <br>IDENTIFICA: 4403111<br>SETOR: 3111 - TER/QUI/SAB - NOTURNO - POSTO 11 - DOMICILIAR<br>APELIDO: 3111<br>MACROSETOR: POSTO 11 - DOMICILIAR<br>COR: 33023.000<br>FREQUENCIA: TER/QUI/SAB - NOTURNO<br>layer: 3111<br>path: G:/Drives compartilhados/J_NEGRAO_CCO/45 - Monitoramento/Paulo Lima/KMLKMZ Curitiba/Noturno/Ter-Qui-Sab/11/3111/3111 - TER/QUI/SAB - NOTURNO - POSTO 11 - DOMICILIAR/3111.shp", "timestamp": null, "begin": null, "end": null, "altitudeMode": null, "tessellate": -1, "extrude": 0, "visibility": -1, "drawOrder": null, "icon": null, "descri____o": "", "id": null, "IDENTIFICA": "4403111", "SETOR": "3111 - TER/QUI/SAB - NOTURNO - POSTO 11 - DOMICILIAR", "APELIDO": "3111", "MACROSETOR": "POSTO 11 - DOMICILIAR", "COR": "33023.000", "FREQUENCIA": "TER/QUI/SAB - NOTURNO", "layer": "3111", "path": "G:/Drives compartilhados/J_NEGRAO_CCO/45 - Monitoramento/Paulo Lima/KMLKMZ Curitiba/Noturno/Ter-Qui-Sab/11/3111/3111 - TER/QUI/SAB - NOTURNO - POSTO 11 - DOMICILIAR/3111.shp", "OBJECTID": null, "TURNO": null, "POSTO": null, "FreqTurno": null, "X_SEMANA": null, "TER": null, "QUI": null, "SAB": null, "SEG": null, "QUA": null, "SEX": null }, "geometry": { "type": "Polygon", "coordinates": [ [ [ -49.2440177, -25.4883496, 0.0 ], [ -49.244028, -25.488395, 0.0 ], [ -49.235337, -25.484908, 0.0 ], [ -49.237575, -25.482256, 0.0 ], [ -49.239635, -25.479699, 0.0 ], [ -49.241496, -25.47716, 0.0 ], [ -49.243598, -25.47809, 0.0 ], [ -49.24465, -25.475726, 0.0 ], [ -49.245809, -25.473402, 0.0 ], [ -49.247568, -25.471271, 0.0 ], [ -49.251473, -25.472821, 0.0 ], [ -49.249285, -25.477489, 0.0 ], [ -49.248169, -25.479833, 0.0 ], [ -49.246388, -25.483203, 0.0 ], [ -49.2440177, -25.4883496, 0.0 ] ], [ [ -49.244006, -25.488375, 0.0 ], [ -49.2440147, -25.4883365, 0.0 ], [ -49.2440177, -25.4883496, 0.0 ], [ -49.244006, -25.488375, 0.0 ] ], [ [ -49.244006, -25.488298, 0.0 ], [ -49.244006, -25.488278, 0.0 ], [ -49.244028, -25.488278, 0.0 ], [ -49.2440147, -25.4883365, 0.0 ], [ -49.244006, -25.488298, 0.0 ] ] ] } },
{ "type": "Feature", "properties": { "Name": "3112", "description": "descrição: <br>IDENTIFICA: 4403112<br>SETOR: 3112 - TER/QUI/SAB - NOTURNO - POSTO 11 - DOMICILIAR<br>APELIDO: 3112<br>MACROSETOR: POSTO 11 - DOMICILIAR<br>COR: 255.000<br>FREQUENCIA: TER/QUI/SAB - NOTURNO<br>layer: 3112<br>path: G:/Drives compartilhados/J_NEGRAO_CCO/45 - Monitoramento/Paulo Lima/KMLKMZ Curitiba/Noturno/Ter-Qui-Sab/11/3112/3112 - TER/QUI/SAB - NOTURNO - POSTO 11 - DOMICILIAR/3112.shp", "timestamp": null, "begin": null, "end": null, "altitudeMode": null, "tessellate": -1, "extrude": 0, "visibility": -1, "drawOrder": null, "icon": null, "descri____o": "", "id": null, "IDENTIFICA": "4403112", "SETOR": "3112 - TER/QUI/SAB - NOTURNO - POSTO 11 - DOMICILIAR", "APELIDO": "3112", "MACROSETOR": "POSTO 11 - DOMICILIAR", "COR": "255.000", "FREQUENCIA": "TER/QUI/SAB - NOTURNO", "layer": "3112", "path": "G:/Drives compartilhados/J_NEGRAO_CCO/45 - Monitoramento/Paulo Lima/KMLKMZ Curitiba/Noturno/Ter-Qui-Sab/11/3112/3112 - TER/QUI/SAB - NOTURNO - POSTO 11 - DOMICILIAR/3112.shp", "OBJECTID": null, "TURNO": null, "POSTO": null, "FreqTurno": null, "X_SEMANA": null, "TER": null, "QUI": null, "SAB": null, "SEG": null, "QUA": null, "SEX": null }, "geometry": { "type": "MultiPolygon", "coordinates": [ [ [ [ -49.237612, -25.472085, 0.0 ], [ -49.237633, -25.472104, 0.0 ], [ -49.2376255, -25.4721071, 0.0 ], [ -49.237612, -25.472085, 0.0 ] ] ], [ [ [ -49.2376255, -25.4721071, 0.0 ], [ -49.238899, -25.474196, 0.0 ], [ -49.240337, -25.476501, 0.0 ], [ -49.24156, -25.477218, 0.0 ], [ -49.236921, -25.483004, 0.0 ], [ -49.235874, -25.484308, 0.0 ], [ -49.229286, -25.479659, 0.0 ], [ -49.230788, -25.478012, 0.0 ], [ -49.227891, -25.475901, 0.0 ], [ -49.2289, -25.475223, 0.0 ], [ -49.227355, -25.474738, 0.0 ], [ -49.229432, -25.471837, 0.0 ], [ -49.231067, -25.469663, 0.0 ], [ -49.232548, -25.470515, 0.0 ], [ -49.235852, -25.472569, 0.0 ], [ -49.236796, -25.472491, 0.0 ], [ -49.237546, -25.47214, 0.0 ], [ -49.2376255, -25.4721071, 0.0 ] ] ] ] } },
{ "type": "Feature", "properties": { "Name": "3113", "description": "descrição: <br>IDENTIFICA: 4403113<br>SETOR: 3113 - TER/QUI/SAB - NOTURNO - POSTO 11 - DOMICILIAR<br>APELIDO: 3113<br>MACROSETOR: POSTO 11 - DOMICILIAR<br>COR: 16777088.000<br>FREQUENCIA: TER/QUI/SAB - NOTURNO<br>layer: 3113<br>path: G:/Drives compartilhados/J_NEGRAO_CCO/45 - Monitoramento/Paulo Lima/KMLKMZ Curitiba/Noturno/Ter-Qui-Sab/11/3113/3113 - TER/QUI/SAB - NOTURNO - POSTO 11 - DOMICILIAR/3113.shp", "timestamp": null, "begin": null, "end": null, "altitudeMode": null, "tessellate": -1, "extrude": 0, "visibility": -1, "drawOrder": null, "icon": null, "descri____o": "", "id": null, "IDENTIFICA": "4403113", "SETOR": "3113 - TER/QUI/SAB - NOTURNO - POSTO 11 - DOMICILIAR", "APELIDO": "3113", "MACROSETOR": "POSTO 11 - DOMICILIAR", "COR": "16777088.000", "FREQUENCIA": "TER/QUI/SAB - NOTURNO", "layer": "3113", "path": "G:/Drives compartilhados/J_NEGRAO_CCO/45 - Monitoramento/Paulo Lima/KMLKMZ Curitiba/Noturno/Ter-Qui-Sab/11/3113/3113 - TER/QUI/SAB - NOTURNO - POSTO 11 - DOMICILIAR/3113.shp", "OBJECTID": null, "TURNO": null, "POSTO": null, "FreqTurno": null, "X_SEMANA": null, "TER": null, "QUI": null, "SAB": null, "SEG": null, "QUA": null, "SEX": null }, "geometry": { "type": "Polygon", "coordinates": [ [ [ -49.235917, -25.484269, 0.0 ], [ -49.235402, -25.484927, 0.0 ], [ -49.235895, -25.485102, 0.0 ], [ -49.23494, -25.48701, 0.0 ], [ -49.232269, -25.492491, 0.0 ], [ -49.229587, -25.491387, 0.0 ], [ -49.228385, -25.490583, 0.0 ], [ -49.226947, -25.489557, 0.0 ], [ -49.22595, -25.48883, 0.0 ], [ -49.223353, -25.48699, 0.0 ], [ -49.223342, -25.485179, 0.0 ], [ -49.22346, -25.483998, 0.0 ], [ -49.223954, -25.482584, 0.0 ], [ -49.225671, -25.483843, 0.0 ], [ -49.228213, -25.480957, 0.0 ], [ -49.229275, -25.479707, 0.0 ], [ -49.232601, -25.482012, 0.0 ], [ -49.235927, -25.484249, 0.0 ], [ -49.235949, -25.484259, 0.0 ], [ -49.235906, -25.484259, 0.0 ], [ -49.235917, -25.484269, 0.0 ] ] ] } },
{ "type": "Feature", "properties": { "Name": "1101", "description": "descrição: <br>IDENTIFICA: 4401101<br>SETOR: 1101 - DIARIO NOTURNO - POSTO 12 - DOMICILIAR<br>APELIDO: 1101<br>MACROSETOR: POSTO 12 - DOMICILIAR<br>COR: 0.000<br>FREQUENCIA: DIARIO - NOTURNO<br>layer: 1101<br>path: G:/Drives compartilhados/J_NEGRAO_CCO/45 - Monitoramento/Paulo Lima/KMLKMZ Curitiba/Noturno/Seg-Qua-Sex/12/1101/1101 - DIARIO NOTURNO - POSTO 12 - DOMICILIAR/1101.shp", "timestamp": null, "begin": null, "end": null, "altitudeMode": null, "tessellate": -1, "extrude": 0, "visibility": -1, "drawOrder": null, "icon": null, "descri____o": "", "id": null, "IDENTIFICA": "4401101", "SETOR": "1101 - DIARIO NOTURNO - POSTO 12 - DOMICILIAR", "APELIDO": "1101", "MACROSETOR": "POSTO 12 - DOMICILIAR", "COR": "0.000", "FREQUENCIA": "DIARIO - NOTURNO", "layer": "1101", "path": "G:/Drives compartilhados/J_NEGRAO_CCO/45 - Monitoramento/Paulo Lima/KMLKMZ Curitiba/Noturno/Seg-Qua-Sex/12/1101/1101 - DIARIO NOTURNO - POSTO 12 - DOMICILIAR/1101.shp", "OBJECTID": null, "TURNO": null, "POSTO": null, "FreqTurno": null, "X_SEMANA": null, "TER": null, "QUI": null, "SAB": null, "SEG": null, "QUA": null, "SEX": null }, "geometry": { "type": "Polygon", "coordinates": [ [ [ -49.299818, -25.426068, 0.0 ], [ -49.299045, -25.426881, 0.0 ], [ -49.298401, -25.427327, 0.0 ], [ -49.297715, -25.427647, 0.0 ], [ -49.297661, -25.427812, 0.0 ], [ -49.296245, -25.430399, 0.0 ], [ -49.29499, -25.432637, 0.0 ], [ -49.288445, -25.430001, 0.0 ], [ -49.282158, -25.427524, 0.0 ], [ -49.280581, -25.426914, 0.0 ], [ -49.281627, -25.424764, 0.0 ], [ -49.282566, -25.422689, 0.0 ], [ -49.28469, -25.42223, 0.0 ], [ -49.286171, -25.421882, 0.0 ], [ -49.286621, -25.421843, 0.0 ], [ -49.287565, -25.421998, 0.0 ], [ -49.290076, -25.422599, 0.0 ], [ -49.290483, -25.422579, 0.0 ], [ -49.29117, -25.422366, 0.0 ], [ -49.291685, -25.421882, 0.0 ], [ -49.29308, -25.422637, 0.0 ], [ -49.294324, -25.423316, 0.0 ], [ -49.296213, -25.42475, 0.0 ], [ -49.296728, -25.424924, 0.0 ], [ -49.297157, -25.42506, 0.0 ], [ -49.29794, -25.425583, 0.0 ], [ -49.298208, -25.42567, 0.0 ], [ -49.29926, -25.425835, 0.0 ], [ -49.299678, -25.425961, 0.0 ], [ -49.299796, -25.426058, 0.0 ], [ -49.299818, -25.426068, 0.0 ] ] ] } },
{ "type": "Feature", "properties": { "Name": "1102", "description": "descrição: <br>IDENTIFICA: 4401102<br>SETOR: 1102 - DIARIO NOTURNO - POSTO 12 - DOMICILIAR<br>APELIDO: 1102<br>MACROSETOR: POSTO 12 - DOMICILIAR<br>COR: 255.000<br>FREQUENCIA: DIARIO - NOTURNO<br>layer: 1102<br>path: G:/Drives compartilhados/J_NEGRAO_CCO/45 - Monitoramento/Paulo Lima/KMLKMZ Curitiba/Noturno/Seg-Qua-Sex/12/1102/1102 - DIARIO NOTURNO - POSTO 12 - DOMICILIAR/1102.shp", "timestamp": null, "begin": null, "end": null, "altitudeMode": null, "tessellate": -1, "extrude": 0, "visibility": -1, "drawOrder": null, "icon": null, "descri____o": "", "id": null, "IDENTIFICA": "4401102", "SETOR": "1102 - DIARIO NOTURNO - POSTO 12 - DOMICILIAR", "APELIDO": "1102", "MACROSETOR": "POSTO 12 - DOMICILIAR", "COR": "255.000", "FREQUENCIA": "DIARIO - NOTURNO", "layer": "1102", "path": "G:/Drives compartilhados/J_NEGRAO_CCO/45 - Monitoramento/Paulo Lima/KMLKMZ Curitiba/Noturno/Seg-Qua-Sex/12/1102/1102 - DIARIO NOTURNO - POSTO 12 - DOMICILIAR/1102.shp", "OBJECTID": null, "TURNO": null, "POSTO": null, "FreqTurno": null, "X_SEMANA": null, "TER": null, "QUI": null, "SAB": null, "SEG": null, "QUA": null, "SEX": null }, "geometry": { "type": "Polygon", "coordinates": [ [ [ -49.268929, -25.437021, 0.0 ], [ -49.270147, -25.43457, 0.0 ], [ -49.271375, -25.432099, 0.0 ], [ -49.272148, -25.4324, 0.0 ], [ -49.272845, -25.432782, 0.0 ], [ -49.276413, -25.436023, 0.0 ], [ -49.27733, -25.436832, 0.0 ], [ -49.278247, -25.437665, 0.0 ], [ -49.28005, -25.439288, 0.0 ], [ -49.281192, -25.439797, 0.0 ], [ -49.280463, -25.441429, 0.0 ], [ -49.281654, -25.441938, 0.0 ], [ -49.281074, -25.44312, 0.0 ], [ -49.268299, -25.438322, 0.0 ], [ -49.268932, -25.437019, 0.0 ], [ -49.268902, -25.43707, 0.0 ], [ -49.268929, -25.437021, 0.0 ] ] ] } },
{ "type": "Feature", "properties": { "Name": "1103", "description": "descrição: <br>IDENTIFICA: 4401103<br>SETOR: 1103 - DIARIO NOTURNO - POSTO 12 - DOMICILIAR<br>APELIDO: 1103<br>MACROSETOR: POSTO 12 - DOMICILIAR<br>COR: 65280.000<br>FREQUENCIA: DIARIO - NOTURNO<br>layer: 1103<br>path: G:/Drives compartilhados/J_NEGRAO_CCO/45 - Monitoramento/Paulo Lima/KMLKMZ Curitiba/Noturno/Seg-Qua-Sex/12/1103/1103 - DIARIO NOTURNO - POSTO 12 - DOMICILIAR/1103.shp", "timestamp": null, "begin": null, "end": null, "altitudeMode": null, "tessellate": -1, "extrude": 0, "visibility": -1, "drawOrder": null, "icon": null, "descri____o": "", "id": null, "IDENTIFICA": "4401103", "SETOR": "1103 - DIARIO NOTURNO - POSTO 12 - DOMICILIAR", "APELIDO": "1103", "MACROSETOR": "POSTO 12 - DOMICILIAR", "COR": "65280.000", "FREQUENCIA": "DIARIO - NOTURNO", "layer": "1103", "path": "G:/Drives compartilhados/J_NEGRAO_CCO/45 - Monitoramento/Paulo Lima/KMLKMZ Curitiba/Noturno/Seg-Qua-Sex/12/1103/1103 - DIARIO NOTURNO - POSTO 12 - DOMICILIAR/1103.shp", "OBJECTID": null, "TURNO": null, "POSTO": null, "FreqTurno": null, "X_SEMANA": null, "TER": null, "QUI": null, "SAB": null, "SEG": null, "QUA": null, "SEX": null }, "geometry": { "type": "Polygon", "coordinates": [ [ [ -49.275367, -25.410893, 0.0 ], [ -49.275388, -25.410893, 0.0 ], [ -49.275356, -25.410999, 0.0 ], [ -49.275506, -25.411726, 0.0 ], [ -49.276343, -25.414982, 0.0 ], [ -49.277094, -25.414846, 0.0 ], [ -49.278596, -25.416552, 0.0 ], [ -49.280377, -25.416145, 0.0 ], [ -49.281343, -25.419633, 0.0 ], [ -49.282069, -25.422853, 0.0 ], [ -49.283531, -25.422463, 0.0 ], [ -49.284925, -25.422209, 0.0 ], [ -49.284829, -25.422511, 0.0 ], [ -49.284196, -25.423752, 0.0 ], [ -49.283392, -25.42537, 0.0 ], [ -49.28233, -25.427502, 0.0 ], [ -49.280763, -25.426881, 0.0 ], [ -49.279218, -25.430253, 0.0 ], [ -49.275978, -25.429168, 0.0 ], [ -49.274055, -25.428555, 0.0 ], [ -49.274406, -25.427739, 0.0 ], [ -49.274369, -25.427371, 0.0 ], [ -49.273832, -25.427453, 0.0 ], [ -49.273612, -25.426707, 0.0 ], [ -49.274154, -25.423747, 0.0 ], [ -49.273596, -25.423742, 0.0 ], [ -49.27306, -25.423868, 0.0 ], [ -49.272974, -25.423878, 0.0 ], [ -49.272813, -25.423887, 0.0 ], [ -49.272759, -25.423916, 0.0 ], [ -49.27262, -25.423936, 0.0 ], [ -49.272588, -25.423936, 0.0 ], [ -49.272277, -25.424004, 0.0 ], [ -49.271783, -25.424081, 0.0 ], [ -49.271461, -25.42412, 0.0 ], [ -49.271, -25.424188, 0.0 ], [ -49.270614, -25.422463, 0.0 ], [ -49.270678, -25.421416, 0.0 ], [ -49.270914, -25.419808, 0.0 ], [ -49.270957, -25.419149, 0.0 ], [ -49.271043, -25.418781, 0.0 ], [ -49.271086, -25.418102, 0.0 ], [ -49.27115, -25.417095, 0.0 ], [ -49.271257, -25.416339, 0.0 ], [ -49.271129, -25.415583, 0.0 ], [ -49.27115, -25.414827, 0.0 ], [ -49.271129, -25.413238, 0.0 ], [ -49.271349, -25.412695, 0.0 ], [ -49.271692, -25.411774, 0.0 ], [ -49.271676, -25.411523, 0.0 ], [ -49.271912, -25.411426, 0.0 ], [ -49.272266, -25.411038, 0.0 ], [ -49.273221, -25.410786, 0.0 ], [ -49.274519, -25.410505, 0.0 ], [ -49.27557, -25.41036, 0.0 ], [ -49.275367, -25.410893, 0.0 ] ] ] } },
{ "type": "Feature", "properties": { "Name": "1104", "description": "descrição: <br>IDENTIFICA: 4401104<br>SETOR: 1104 - DIARIO NOTURNO - POSTO 12 - DOMICILIAR<br>APELIDO: 1104<br>MACROSETOR: POSTO 12 - DOMICILIAR<br>COR: 16776960.000<br>FREQUENCIA: DIARIO - NOTURNO<br>layer: 1104<br>path: G:/Drives compartilhados/J_NEGRAO_CCO/45 - Monitoramento/Paulo Lima/KMLKMZ Curitiba/Noturno/Seg-Qua-Sex/12/1104/1104 - DIARIO NOTURNO - POSTO 12 - DOMICILIAR/1104.shp", "timestamp": null, "begin": null, "end": null, "altitudeMode": null, "tessellate": -1, "extrude": 0, "visibility": -1, "drawOrder": null, "icon": null, "descri____o": "", "id": null, "IDENTIFICA": "4401104", "SETOR": "1104 - DIARIO NOTURNO - POSTO 12 - DOMICILIAR", "APELIDO": "1104", "MACROSETOR": "POSTO 12 - DOMICILIAR", "COR": "16776960.000", "FREQUENCIA": "DIARIO - NOTURNO", "layer": "1104", "path": "G:/Drives compartilhados/J_NEGRAO_CCO/45 - Monitoramento/Paulo Lima/KMLKMZ Curitiba/Noturno/Seg-Qua-Sex/12/1104/1104 - DIARIO NOTURNO - POSTO 12 - DOMICILIAR/1104.shp", "OBJECTID": null, "TURNO": null, "POSTO": null, "FreqTurno": null, "X_SEMANA": null, "TER": null, "QUI": null, "SAB": null, "SEG": null, "QUA": null, "SEX": null }, "geometry": { "type": "Polygon", "coordinates": [ [ [ -49.294931, -25.432363, 0.0 ], [ -49.291921, -25.437888, 0.0 ], [ -49.277963, -25.432332, 0.0 ], [ -49.280656, -25.426668, 0.0 ], [ -49.294939, -25.432356, 0.0 ], [ -49.294931, -25.432368, 0.0 ], [ -49.294931, -25.432363, 0.0 ] ] ] } },
{ "type": "Feature", "properties": { "Name": "1105", "description": "descrição: <br>IDENTIFICA: 4401105<br>SETOR: 1105 - DIARIO NOTURNO - POSTO 12 - DOMICILIAR<br>APELIDO: 1105<br>MACROSETOR: POSTO 12 - DOMICILIAR<br>COR: 33023.000<br>FREQUENCIA: DIARIO - NOTURNO<br>layer: 1105<br>path: G:/Drives compartilhados/J_NEGRAO_CCO/45 - Monitoramento/Paulo Lima/KMLKMZ Curitiba/Noturno/Seg-Qua-Sex/12/1105/1105 - DIARIO NOTURNO - POSTO 12 - DOMICILIAR/1105.shp", "timestamp": null, "begin": null, "end": null, "altitudeMode": null, "tessellate": -1, "extrude": 0, "visibility": -1, "drawOrder": null, "icon": null, "descri____o": "", "id": null, "IDENTIFICA": "4401105", "SETOR": "1105 - DIARIO NOTURNO - POSTO 12 - DOMICILIAR", "APELIDO": "1105", "MACROSETOR": "POSTO 12 - DOMICILIAR", "COR": "33023.000", "FREQUENCIA": "DIARIO - NOTURNO", "layer": "1105", "path": "G:/Drives compartilhados/J_NEGRAO_CCO/45 - Monitoramento/Paulo Lima/KMLKMZ Curitiba/Noturno/Seg-Qua-Sex/12/1105/1105 - DIARIO NOTURNO - POSTO 12 - DOMICILIAR/1105.shp", "OBJECTID": null, "TURNO": null, "POSTO": null, "FreqTurno": null, "X_SEMANA": null, "TER": null, "QUI": null, "SAB": null, "SEG": null, "QUA": null, "SEX": null }, "geometry": { "type": "Polygon", "coordinates": [ [ [ -49.273725, -25.426407, 0.0 ], [ -49.2738, -25.426407, 0.0 ], [ -49.273789, -25.42692, 0.0 ], [ -49.27394, -25.427347, 0.0 ], [ -49.274412, -25.427288, 0.0 ], [ -49.274487, -25.427734, 0.0 ], [ -49.274143, -25.428451, 0.0 ], [ -49.279175, -25.430031, 0.0 ], [ -49.27807, -25.432385, 0.0 ], [ -49.277469, -25.433519, 0.0 ], [ -49.276901, -25.4341, 0.0 ], [ -49.275506, -25.435253, 0.0 ], [ -49.272985, -25.432928, 0.0 ], [ -49.272223, -25.432424, 0.0 ], [ -49.267459, -25.430515, 0.0 ], [ -49.267345, -25.430174, 0.0 ], [ -49.267803, -25.429624, 0.0 ], [ -49.268414, -25.428471, 0.0 ], [ -49.268532, -25.427366, 0.0 ], [ -49.26938, -25.42723, 0.0 ], [ -49.271626, -25.426802, 0.0 ], [ -49.273725, -25.426407, 0.0 ] ] ] } },
{ "type": "Feature", "properties": { "Name": "1106", "description": "descrição: <br>IDENTIFICA: 4401106<br>SETOR: 1106 - DIARIO NOTURNO - POSTO 12 - DOMICILIAR<br>APELIDO: 1106<br>MACROSETOR: POSTO 12 - DOMICILIAR<br>COR: 10485760.000<br>FREQUENCIA: DIARIO - NOTURNO<br>layer: 1106<br>path: G:/Drives compartilhados/J_NEGRAO_CCO/45 - Monitoramento/Paulo Lima/KMLKMZ Curitiba/Noturno/Seg-Qua-Sex/12/1106/1106 - DIARIO NOTURNO - POSTO 12 - DOMICILIAR/1106.shp", "timestamp": null, "begin": null, "end": null, "altitudeMode": null, "tessellate": -1, "extrude": 0, "visibility": -1, "drawOrder": null, "icon": null, "descri____o": "", "id": null, "IDENTIFICA": "4401106", "SETOR": "1106 - DIARIO NOTURNO - POSTO 12 - DOMICILIAR", "APELIDO": "1106", "MACROSETOR": "POSTO 12 - DOMICILIAR", "COR": "10485760.000", "FREQUENCIA": "DIARIO - NOTURNO", "layer": "1106", "path": "G:/Drives compartilhados/J_NEGRAO_CCO/45 - Monitoramento/Paulo Lima/KMLKMZ Curitiba/Noturno/Seg-Qua-Sex/12/1106/1106 - DIARIO NOTURNO - POSTO 12 - DOMICILIAR/1106.shp", "OBJECTID": null, "TURNO": null, "POSTO": null, "FreqTurno": null, "X_SEMANA": null, "TER": null, "QUI": null, "SAB": null, "SEG": null, "QUA": null, "SEX": null }, "geometry": { "type": "Polygon", "coordinates": [ [ [ -49.262374, -25.436009, 0.0 ], [ -49.262374, -25.436028, 0.0 ], [ -49.262996, -25.434555, 0.0 ], [ -49.258415, -25.432792, 0.0 ], [ -49.260926, -25.427734, 0.0 ], [ -49.266193, -25.430011, 0.0 ], [ -49.271408, -25.432152, 0.0 ], [ -49.268489, -25.438014, 0.0 ], [ -49.26614, -25.442771, 0.0 ], [ -49.26025, -25.440495, 0.0 ], [ -49.261172, -25.437191, 0.0 ], [ -49.262374, -25.436009, 0.0 ] ] ] } },
{ "type": "Feature", "properties": { "Name": "1107", "description": "descrição: <br>IDENTIFICA: 4401107<br>SETOR: 1107 - DIARIO NOTURNO - POSTO 12 - DOMICILIAR<br>APELIDO: 1107<br>MACROSETOR: POSTO 12 - DOMICILIAR<br>COR: 33023.000<br>FREQUENCIA: DIARIO - NOTURNO<br>layer: 1107<br>path: G:/Drives compartilhados/J_NEGRAO_CCO/45 - Monitoramento/Paulo Lima/KMLKMZ Curitiba/Noturno/Seg-Qua-Sex/12/1107/1107 - DIARIO NOTURNO - POSTO 12 - DOMICILIAR/1107.shp", "timestamp": null, "begin": null, "end": null, "altitudeMode": null, "tessellate": -1, "extrude": 0, "visibility": -1, "drawOrder": null, "icon": null, "descri____o": "", "id": null, "IDENTIFICA": "4401107", "SETOR": "1107 - DIARIO NOTURNO - POSTO 12 - DOMICILIAR", "APELIDO": "1107", "MACROSETOR": "POSTO 12 - DOMICILIAR", "COR": "33023.000", "FREQUENCIA": "DIARIO - NOTURNO", "layer": "1107", "path": "G:/Drives compartilhados/J_NEGRAO_CCO/45 - Monitoramento/Paulo Lima/KMLKMZ Curitiba/Noturno/Seg-Qua-Sex/12/1107/1107 - DIARIO NOTURNO - POSTO 12 - DOMICILIAR/1107.shp", "OBJECTID": null, "TURNO": null, "POSTO": null, "FreqTurno": null, "X_SEMANA": null, "TER": null, "QUI": null, "SAB": null, "SEG": null, "QUA": null, "SEX": null }, "geometry": { "type": "Polygon", "coordinates": [ [ [ -49.287994, -25.444573, 0.0 ], [ -49.285575, -25.443619, 0.0 ], [ -49.283086, -25.442641, 0.0 ], [ -49.280307, -25.441522, 0.0 ], [ -49.281037, -25.439874, 0.0 ], [ -49.280329, -25.43956, 0.0 ], [ -49.279755, -25.439303, 0.0 ], [ -49.278322, -25.437917, 0.0 ], [ -49.275399, -25.435272, 0.0 ], [ -49.277405, -25.433504, 0.0 ], [ -49.278049, -25.432206, 0.0 ], [ -49.291996, -25.437724, 0.0 ], [ -49.288214, -25.444452, 0.0 ], [ -49.288107, -25.444641, 0.0 ], [ -49.288, -25.444568, 0.0 ], [ -49.287994, -25.444573, 0.0 ] ] ] } },
{ "type": "Feature", "properties": { "Name": "1108", "description": "descrição: <br>IDENTIFICA: 4401108<br>SETOR: 1108 - DIARIO NOTURNO - POSTO 12 - DOMICILIAR<br>APELIDO: 1108<br>MACROSETOR: POSTO 12 - DOMICILIAR<br>COR: 65535.000<br>FREQUENCIA: DIARIO - NOTURNO<br>layer: 1108<br>path: G:/Drives compartilhados/J_NEGRAO_CCO/45 - Monitoramento/Paulo Lima/KMLKMZ Curitiba/Noturno/Seg-Qua-Sex/12/1108/1108 - DIARIO NOTURNO - POSTO 12 - DOMICILIAR/1108.shp", "timestamp": null, "begin": null, "end": null, "altitudeMode": null, "tessellate": -1, "extrude": 0, "visibility": -1, "drawOrder": null, "icon": null, "descri____o": "", "id": null, "IDENTIFICA": "4401108", "SETOR": "1108 - DIARIO NOTURNO - POSTO 12 - DOMICILIAR", "APELIDO": "1108", "MACROSETOR": "POSTO 12 - DOMICILIAR", "COR": "65535.000", "FREQUENCIA": "DIARIO - NOTURNO", "layer": "1108", "path": "G:/Drives compartilhados/J_NEGRAO_CCO/45 - Monitoramento/Paulo Lima/KMLKMZ Curitiba/Noturno/Seg-Qua-Sex/12/1108/1108 - DIARIO NOTURNO - POSTO 12 - DOMICILIAR/1108.shp", "OBJECTID": null, "TURNO": null, "POSTO": null, "FreqTurno": null, "X_SEMANA": null, "TER": null, "QUI": null, "SAB": null, "SEG": null, "QUA": null, "SEX": null }, "geometry": { "type": "Polygon", "coordinates": [ [ [ -49.262996, -25.434594, 0.0 ], [ -49.26231, -25.435999, 0.0 ], [ -49.261226, -25.437152, 0.0 ], [ -49.260207, -25.44031, 0.0 ], [ -49.260196, -25.440495, 0.0 ], [ -49.259069, -25.439845, 0.0 ], [ -49.25819, -25.439613, 0.0 ], [ -49.257879, -25.439487, 0.0 ], [ -49.258694, -25.438518, 0.0 ], [ -49.260282, -25.437278, 0.0 ], [ -49.260303, -25.436474, 0.0 ], [ -49.260046, -25.435766, 0.0 ], [ -49.259992, -25.435718, 0.0 ], [ -49.253855, -25.435679, 0.0 ], [ -49.2498, -25.435621, 0.0 ], [ -49.249124, -25.429003, 0.0 ], [ -49.248469, -25.422812, 0.0 ], [ -49.254628, -25.422337, 0.0 ], [ -49.255078, -25.426659, 0.0 ], [ -49.259091, -25.426339, 0.0 ], [ -49.258844, -25.427017, 0.0 ], [ -49.257643, -25.430476, 0.0 ], [ -49.256591, -25.432056, 0.0 ], [ -49.263018, -25.434594, 0.0 ], [ -49.262996, -25.434594, 0.0 ] ] ] } },
{ "type": "Feature", "properties": { "Name": "1109", "description": "descrição: <br>IDENTIFICA: 4401109<br>SETOR: 1109 - DIARIO NOTURNO - POSTO 12 - DOMICILIAR<br>APELIDO: 1109<br>MACROSETOR: POSTO 12 - DOMICILIAR<br>COR: 16711680.000<br>FREQUENCIA: DIARIO - NOTURNO<br>layer: 1109<br>path: G:/Drives compartilhados/J_NEGRAO_CCO/45 - Monitoramento/Paulo Lima/KMLKMZ Curitiba/Noturno/Seg-Qua-Sex/12/1109/1109 - DIARIO NOTURNO - POSTO 12 - DOMICILIAR/1109.shp", "timestamp": null, "begin": null, "end": null, "altitudeMode": null, "tessellate": -1, "extrude": 0, "visibility": -1, "drawOrder": null, "icon": null, "descri____o": "", "id": null, "IDENTIFICA": "4401109", "SETOR": "1109 - DIARIO NOTURNO - POSTO 12 - DOMICILIAR", "APELIDO": "1109", "MACROSETOR": "POSTO 12 - DOMICILIAR", "COR": "16711680.000", "FREQUENCIA": "DIARIO - NOTURNO", "layer": "1109", "path": "G:/Drives compartilhados/J_NEGRAO_CCO/45 - Monitoramento/Paulo Lima/KMLKMZ Curitiba/Noturno/Seg-Qua-Sex/12/1109/1109 - DIARIO NOTURNO - POSTO 12 - DOMICILIAR/1109.shp", "OBJECTID": null, "TURNO": null, "POSTO": null, "FreqTurno": null, "X_SEMANA": null, "TER": null, "QUI": null, "SAB": null, "SEG": null, "QUA": null, "SEX": null }, "geometry": { "type": "Polygon", "coordinates": [ [ [ -49.2498, -25.435815, 0.0 ], [ -49.248426, -25.436067, 0.0 ], [ -49.248094, -25.435582, 0.0 ], [ -49.24554, -25.43535, 0.0 ], [ -49.242214, -25.435301, 0.0 ], [ -49.237526, -25.433305, 0.0 ], [ -49.238191, -25.432811, 0.0 ], [ -49.239285, -25.43192, 0.0 ], [ -49.239865, -25.431135, 0.0 ], [ -49.241238, -25.428471, 0.0 ], [ -49.240938, -25.428015, 0.0 ], [ -49.240616, -25.427676, 0.0 ], [ -49.2398, -25.427347, 0.0 ], [ -49.233159, -25.428044, 0.0 ], [ -49.232902, -25.427288, 0.0 ], [ -49.23347, -25.427095, 0.0 ], [ -49.233685, -25.426862, 0.0 ], [ -49.237022, -25.419682, 0.0 ], [ -49.238331, -25.41693, 0.0 ], [ -49.239693, -25.417511, 0.0 ], [ -49.241024, -25.417957, 0.0 ], [ -49.241206, -25.417695, 0.0 ], [ -49.241635, -25.416998, 0.0 ], [ -49.241839, -25.416591, 0.0 ], [ -49.241624, -25.415651, 0.0 ], [ -49.241345, -25.414788, 0.0 ], [ -49.240981, -25.413509, 0.0 ], [ -49.240895, -25.412288, 0.0 ], [ -49.241303, -25.413005, 0.0 ], [ -49.242408, -25.414963, 0.0 ], [ -49.243277, -25.417473, 0.0 ], [ -49.243953, -25.419391, 0.0 ], [ -49.246549, -25.422066, 0.0 ], [ -49.247139, -25.422928, 0.0 ], [ -49.248491, -25.422802, 0.0 ], [ -49.249188, -25.429323, 0.0 ], [ -49.2498, -25.435815, 0.0 ] ] ] } },
{ "type": "Feature", "properties": { "Name": "1110", "description": "descrição: <br>IDENTIFICA: 4401110<br>SETOR: 1110 - DIARIO NOTURNO - POSTO 12 - DOMICILIAR<br>APELIDO: 1110<br>MACROSETOR: POSTO 12 - DOMICILIAR<br>COR: 16711935.000<br>FREQUENCIA: DIARIO - NOTURNO<br>layer: 1110<br>path: G:/Drives compartilhados/J_NEGRAO_CCO/45 - Monitoramento/Paulo Lima/KMLKMZ Curitiba/Noturno/Seg-Qua-Sex/12/1110/1110 - DIARIO NOTURNO - POSTO 12 - DOMICILIAR/1110.shp", "timestamp": null, "begin": null, "end": null, "altitudeMode": null, "tessellate": -1, "extrude": 0, "visibility": -1, "drawOrder": null, "icon": null, "descri____o": "", "id": null, "IDENTIFICA": "4401110", "SETOR": "1110 - DIARIO NOTURNO - POSTO 12 - DOMICILIAR", "APELIDO": "1110", "MACROSETOR": "POSTO 12 - DOMICILIAR", "COR": "16711935.000", "FREQUENCIA": "DIARIO - NOTURNO", "layer": "1110", "path": "G:/Drives compartilhados/J_NEGRAO_CCO/45 - Monitoramento/Paulo Lima/KMLKMZ Curitiba/Noturno/Seg-Qua-Sex/12/1110/1110 - DIARIO NOTURNO - POSTO 12 - DOMICILIAR/1110.shp", "OBJECTID": null, "TURNO": null, "POSTO": null, "FreqTurno": null, "X_SEMANA": null, "TER": null, "QUI": null, "SAB": null, "SEG": null, "QUA": null, "SEX": null }, "geometry": { "type": "Polygon", "coordinates": [ [ [ -49.263865, -25.418693, 0.0 ], [ -49.26084, -25.420854, 0.0 ], [ -49.261398, -25.421261, 0.0 ], [ -49.259499, -25.425467, 0.0 ], [ -49.259134, -25.426378, 0.0 ], [ -49.257471, -25.426484, 0.0 ], [ -49.256173, -25.426591, 0.0 ], [ -49.255658, -25.42663, 0.0 ], [ -49.255078, -25.426697, 0.0 ], [ -49.254628, -25.422434, 0.0 ], [ -49.254424, -25.420796, 0.0 ], [ -49.253941, -25.416833, 0.0 ], [ -49.253608, -25.413926, 0.0 ], [ -49.252933, -25.413005, 0.0 ], [ -49.253759, -25.412036, 0.0 ], [ -49.254971, -25.411057, 0.0 ], [ -49.256022, -25.410234, 0.0 ], [ -49.260325, -25.414856, 0.0 ], [ -49.263865, -25.418684, 0.0 ], [ -49.263865, -25.418693, 0.0 ] ] ] } },
{ "type": "Feature", "properties": { "Name": "1111", "description": "descrição: <br>IDENTIFICA: 4401111<br>SETOR: 1111 - DIARIO NOTURNO - POSTO 12 - DOMICILIAR<br>APELIDO: 1111<br>MACROSETOR: POSTO 12 - DOMICILIAR<br>COR: 65408.000<br>FREQUENCIA: DIARIO - NOTURNO<br>layer: 1111<br>path: G:/Drives compartilhados/J_NEGRAO_CCO/45 - Monitoramento/Paulo Lima/KMLKMZ Curitiba/Noturno/Seg-Qua-Sex/12/1111/1111 - DIARIO NOTURNO - POSTO 12 - DOMICILIAR/1111.shp", "timestamp": null, "begin": null, "end": null, "altitudeMode": null, "tessellate": -1, "extrude": 0, "visibility": -1, "drawOrder": null, "icon": null, "descri____o": "", "id": null, "IDENTIFICA": "4401111", "SETOR": "1111 - DIARIO NOTURNO - POSTO 12 - DOMICILIAR", "APELIDO": "1111", "MACROSETOR": "POSTO 12 - DOMICILIAR", "COR": "65408.000", "FREQUENCIA": "DIARIO - NOTURNO", "layer": "1111", "path": "G:/Drives compartilhados/J_NEGRAO_CCO/45 - Monitoramento/Paulo Lima/KMLKMZ Curitiba/Noturno/Seg-Qua-Sex/12/1111/1111 - DIARIO NOTURNO - POSTO 12 - DOMICILIAR/1111.shp", "OBJECTID": null, "TURNO": null, "POSTO": null, "FreqTurno": null, "X_SEMANA": null, "TER": null, "QUI": null, "SAB": null, "SEG": null, "QUA": null, "SEX": null }, "geometry": { "type": "Polygon", "coordinates": [ [ [ -49.256655, -25.43191, 0.0 ], [ -49.257782, -25.430273, 0.0 ], [ -49.258576, -25.427754, 0.0 ], [ -49.25982, -25.424692, 0.0 ], [ -49.26143, -25.421184, 0.0 ], [ -49.260872, -25.420854, 0.0 ], [ -49.263833, -25.418664, 0.0 ], [ -49.264434, -25.419188, 0.0 ], [ -49.268168, -25.418994, 0.0 ], [ -49.268919, -25.418858, 0.0 ], [ -49.270592, -25.418432, 0.0 ], [ -49.271279, -25.418083, 0.0 ], [ -49.270785, -25.422405, 0.0 ], [ -49.271172, -25.424168, 0.0 ], [ -49.274219, -25.423626, 0.0 ], [ -49.273832, -25.426397, 0.0 ], [ -49.268532, -25.427347, 0.0 ], [ -49.268404, -25.428393, 0.0 ], [ -49.267374, -25.430486, 0.0 ], [ -49.260893, -25.427734, 0.0 ], [ -49.258436, -25.432802, 0.0 ], [ -49.25658, -25.432046, 0.0 ], [ -49.256688, -25.431881, 0.0 ], [ -49.256655, -25.43191, 0.0 ] ] ] } },
{ "type": "Feature", "properties": { "Name": "1112", "description": "descrição: <br>IDENTIFICA: 4401112<br>SETOR: 1112 - DIARIO NOTURNO - POSTO 12 - DOMICILIAR<br>APELIDO: 1112<br>MACROSETOR: POSTO 12 - DOMICILIAR<br>COR: 32768.000<br>FREQUENCIA: DIARIO - NOTURNO<br>layer: 1112<br>path: G:/Drives compartilhados/J_NEGRAO_CCO/45 - Monitoramento/Paulo Lima/KMLKMZ Curitiba/Noturno/Seg-Qua-Sex/12/1112/1112 - DIARIO NOTURNO - POSTO 12 - DOMICILIAR/1112.shp", "timestamp": null, "begin": null, "end": null, "altitudeMode": null, "tessellate": -1, "extrude": 0, "visibility": -1, "drawOrder": null, "icon": null, "descri____o": "", "id": null, "IDENTIFICA": "4401112", "SETOR": "1112 - DIARIO NOTURNO - POSTO 12 - DOMICILIAR", "APELIDO": "1112", "MACROSETOR": "POSTO 12 - DOMICILIAR", "COR": "32768.000", "FREQUENCIA": "DIARIO - NOTURNO", "layer": "1112", "path": "G:/Drives compartilhados/J_NEGRAO_CCO/45 - Monitoramento/Paulo Lima/KMLKMZ Curitiba/Noturno/Seg-Qua-Sex/12/1112/1112 - DIARIO NOTURNO - POSTO 12 - DOMICILIAR/1112.shp", "OBJECTID": null, "TURNO": null, "POSTO": null, "FreqTurno": null, "X_SEMANA": null, "TER": null, "QUI": null, "SAB": null, "SEG": null, "QUA": null, "SEX": null }, "geometry": { "type": "Polygon", "coordinates": [ [ [ -49.270506, -25.418451, 0.0 ], [ -49.268854, -25.418839, 0.0 ], [ -49.268618, -25.419033, 0.0 ], [ -49.267931, -25.418955, 0.0 ], [ -49.264305, -25.419207, 0.0 ], [ -49.26055, -25.415157, 0.0 ], [ -49.257546, -25.411959, 0.0 ], [ -49.25922, -25.410621, 0.0 ], [ -49.261365, -25.41004, 0.0 ], [ -49.26055, -25.406861, 0.0 ], [ -49.26673, -25.405621, 0.0 ], [ -49.267073, -25.405621, 0.0 ], [ -49.267052, -25.406163, 0.0 ], [ -49.268725, -25.406066, 0.0 ], [ -49.271043, -25.405873, 0.0 ], [ -49.271923, -25.408024, 0.0 ], [ -49.271408, -25.409672, 0.0 ], [ -49.271472, -25.410389, 0.0 ], [ -49.271815, -25.411668, 0.0 ], [ -49.271365, -25.413063, 0.0 ], [ -49.271215, -25.413935, 0.0 ], [ -49.271451, -25.416048, 0.0 ], [ -49.271429, -25.41694, 0.0 ], [ -49.271257, -25.418102, 0.0 ], [ -49.270528, -25.418471, 0.0 ], [ -49.270506, -25.418451, 0.0 ] ] ] } },
{ "type": "Feature", "properties": { "Name": "1113", "description": "descrição: <br>IDENTIFICA: 4401113<br>SETOR: 1113 - DIARIO NOTURNO - POSTO 12 - DOMICILIAR<br>APELIDO: 1113<br>MACROSETOR: POSTO 12 - DOMICILIAR<br>COR: 8388863.000<br>FREQUENCIA: DIARIO - NOTURNO<br>layer: 1113<br>path: G:/Drives compartilhados/J_NEGRAO_CCO/45 - Monitoramento/Paulo Lima/KMLKMZ Curitiba/Noturno/Seg-Qua-Sex/12/1113/1113 - DIARIO NOTURNO - POSTO 12 - DOMICILIAR/1113.shp", "timestamp": null, "begin": null, "end": null, "altitudeMode": null, "tessellate": -1, "extrude": 0, "visibility": -1, "drawOrder": null, "icon": null, "descri____o": "", "id": null, "IDENTIFICA": "4401113", "SETOR": "1113 - DIARIO NOTURNO - POSTO 12 - DOMICILIAR", "APELIDO": "1113", "MACROSETOR": "POSTO 12 - DOMICILIAR", "COR": "8388863.000", "FREQUENCIA": "DIARIO - NOTURNO", "layer": "1113", "path": "G:/Drives compartilhados/J_NEGRAO_CCO/45 - Monitoramento/Paulo Lima/KMLKMZ Curitiba/Noturno/Seg-Qua-Sex/12/1113/1113 - DIARIO NOTURNO - POSTO 12 - DOMICILIAR/1113.shp", "OBJECTID": null, "TURNO": null, "POSTO": null, "FreqTurno": null, "X_SEMANA": null, "TER": null, "QUI": null, "SAB": null, "SEG": null, "QUA": null, "SEX": null }, "geometry": { "type": "Polygon", "coordinates": [ [ [ -49.271204, -25.404845, 0.0 ], [ -49.271193, -25.404865, 0.0 ], [ -49.269959, -25.404962, 0.0 ], [ -49.268747, -25.405, 0.0 ], [ -49.268468, -25.404942, 0.0 ], [ -49.266998, -25.405088, 0.0 ], [ -49.267052, -25.40563, 0.0 ], [ -49.266333, -25.405698, 0.0 ], [ -49.260529, -25.406881, 0.0 ], [ -49.261323, -25.410079, 0.0 ], [ -49.25952, -25.410476, 0.0 ], [ -49.257492, -25.411891, 0.0 ], [ -49.256022, -25.410263, 0.0 ], [ -49.254789, -25.411241, 0.0 ], [ -49.25349, -25.410301, 0.0 ], [ -49.250411, -25.408082, 0.0 ], [ -49.251452, -25.406881, 0.0 ], [ -49.252857, -25.405272, 0.0 ], [ -49.254993, -25.402762, 0.0 ], [ -49.256334, -25.401773, 0.0 ], [ -49.256988, -25.40125, 0.0 ], [ -49.257557, -25.400135, 0.0 ], [ -49.258125, -25.400184, 0.0 ], [ -49.25922, -25.400009, 0.0 ], [ -49.261151, -25.399728, 0.0 ], [ -49.261816, -25.39937, 0.0 ], [ -49.262138, -25.39937, 0.0 ], [ -49.262342, -25.399554, 0.0 ], [ -49.262449, -25.399883, 0.0 ], [ -49.264509, -25.399767, 0.0 ], [ -49.266129, -25.399767, 0.0 ], [ -49.269852, -25.399767, 0.0 ], [ -49.271451, -25.399748, 0.0 ], [ -49.271375, -25.403479, 0.0 ], [ -49.271204, -25.404845, 0.0 ] ] ] } },
{ "type": "Feature", "properties": { "Name": "2114", "description": "descrição: <br>IDENTIFICA: 4402114<br>SETOR: 2114 - SEG/QUA/SEX - NOTURNO - POSTO 13 - DOMICILIAR<br>APELIDO: 2114<br>MACROSETOR: POSTO 13 - DOMICILIAR<br>COR: 16744576.000<br>FREQUENCIA: SEG/QUA/SEX - NOTURNO<br>layer: 2114<br>path: G:/Drives compartilhados/J_NEGRAO_CCO/45 - Monitoramento/Paulo Lima/KMLKMZ Curitiba/Noturno/Seg-Qua-Sex/13/2114/2114 - SEG/QUA/SEX - NOTURNO - POSTO 13 - DOMICILIAR/2114.shp", "timestamp": null, "begin": null, "end": null, "altitudeMode": null, "tessellate": -1, "extrude": 0, "visibility": -1, "drawOrder": null, "icon": null, "descri____o": "", "id": null, "IDENTIFICA": "4402114", "SETOR": "2114 - SEG/QUA/SEX - NOTURNO - POSTO 13 - DOMICILIAR", "APELIDO": "2114", "MACROSETOR": "POSTO 13 - DOMICILIAR", "COR": "16744576.000", "FREQUENCIA": "SEG/QUA/SEX - NOTURNO", "layer": "2114", "path": "G:/Drives compartilhados/J_NEGRAO_CCO/45 - Monitoramento/Paulo Lima/KMLKMZ Curitiba/Noturno/Seg-Qua-Sex/13/2114/2114 - SEG/QUA/SEX - NOTURNO - POSTO 13 - DOMICILIAR/2114.shp", "OBJECTID": null, "TURNO": null, "POSTO": null, "FreqTurno": null, "X_SEMANA": null, "TER": null, "QUI": null, "SAB": null, "SEG": null, "QUA": null, "SEX": null }, "geometry": { "type": "Polygon", "coordinates": [ [ [ -49.216283, -25.455036, 0.0 ], [ -49.209459, -25.452924, 0.0 ], [ -49.212957, -25.443527, 0.0 ], [ -49.21433, -25.443353, 0.0 ], [ -49.214877, -25.443178, 0.0 ], [ -49.215382, -25.442984, 0.0 ], [ -49.216304, -25.442578, 0.0 ], [ -49.216369, -25.442907, 0.0 ], [ -49.21594, -25.44376, 0.0 ], [ -49.216068, -25.444263, 0.0 ], [ -49.21727, -25.446492, 0.0 ], [ -49.218107, -25.446782, 0.0 ], [ -49.22066, -25.447538, 0.0 ], [ -49.217656, -25.455579, 0.0 ], [ -49.216283, -25.455055, 0.0 ], [ -49.216283, -25.455036, 0.0 ] ] ] } },
{ "type": "Feature", "properties": { "Name": "2115", "description": "descrição: <br>IDENTIFICA: 4402115<br>SETOR: 2115 - SEG/QUA/SEX - NOTURNO - POSTO 13 - DOMICILIAR<br>APELIDO: 2115<br>MACROSETOR: POSTO 13 - DOMICILIAR<br>COR: 8388863.000<br>FREQUENCIA: SEG/QUA/SEX - NOTURNO<br>layer: 2115<br>path: G:/Drives compartilhados/J_NEGRAO_CCO/45 - Monitoramento/Paulo Lima/KMLKMZ Curitiba/Noturno/Seg-Qua-Sex/13/2115/2115 - SEG/QUA/SEX - NOTURNO - POSTO 13 - DOMICILIAR/2115.shp", "timestamp": null, "begin": null, "end": null, "altitudeMode": null, "tessellate": -1, "extrude": 0, "visibility": -1, "drawOrder": null, "icon": null, "descri____o": "", "id": null, "IDENTIFICA": "4402115", "SETOR": "2115 - SEG/QUA/SEX - NOTURNO - POSTO 13 - DOMICILIAR", "APELIDO": "2115", "MACROSETOR": "POSTO 13 - DOMICILIAR", "COR": "8388863.000", "FREQUENCIA": "SEG/QUA/SEX - NOTURNO", "layer": "2115", "path": "G:/Drives compartilhados/J_NEGRAO_CCO/45 - Monitoramento/Paulo Lima/KMLKMZ Curitiba/Noturno/Seg-Qua-Sex/13/2115/2115 - SEG/QUA/SEX - NOTURNO - POSTO 13 - DOMICILIAR/2115.shp", "OBJECTID": null, "TURNO": null, "POSTO": null, "FreqTurno": null, "X_SEMANA": null, "TER": null, "QUI": null, "SAB": null, "SEG": null, "QUA": null, "SEX": null }, "geometry": { "type": "Polygon", "coordinates": [ [ [ -49.21345, -25.433838, 0.0 ], [ -49.213429, -25.433838, 0.0 ], [ -49.21345, -25.433819, 0.0 ], [ -49.216283, -25.439167, 0.0 ], [ -49.216798, -25.439904, 0.0 ], [ -49.217506, -25.441299, 0.0 ], [ -49.217828, -25.441919, 0.0 ], [ -49.215231, -25.443043, 0.0 ], [ -49.214137, -25.443401, 0.0 ], [ -49.209974, -25.443992, 0.0 ], [ -49.208687, -25.443992, 0.0 ], [ -49.205146, -25.437462, 0.0 ], [ -49.21345, -25.433838, 0.0 ] ] ] } },
{ "type": "Feature", "properties": { "Name": "2116", "description": "descrição: <br>IDENTIFICA: 4402116<br>SETOR: 2116 - SEG/QUA/SEX - NOTURNO - POSTO 13 - DOMICILIAR<br>APELIDO: 2116<br>MACROSETOR: POSTO 13 - DOMICILIAR<br>COR: 65535.000<br>FREQUENCIA: SEG/QUA/SEX - NOTURNO<br>layer: 2116<br>path: G:/Drives compartilhados/J_NEGRAO_CCO/45 - Monitoramento/Paulo Lima/KMLKMZ Curitiba/Noturno/Seg-Qua-Sex/13/2116/2116 - SEG/QUA/SEX - NOTURNO - POSTO 13 - DOMICILIAR/2116.shp", "timestamp": null, "begin": null, "end": null, "altitudeMode": null, "tessellate": -1, "extrude": 0, "visibility": -1, "drawOrder": null, "icon": null, "descri____o": "", "id": null, "IDENTIFICA": "4402116", "SETOR": "2116 - SEG/QUA/SEX - NOTURNO - POSTO 13 - DOMICILIAR", "APELIDO": "2116", "MACROSETOR": "POSTO 13 - DOMICILIAR", "COR": "65535.000", "FREQUENCIA": "SEG/QUA/SEX - NOTURNO", "layer": "2116", "path": "G:/Drives compartilhados/J_NEGRAO_CCO/45 - Monitoramento/Paulo Lima/KMLKMZ Curitiba/Noturno/Seg-Qua-Sex/13/2116/2116 - SEG/QUA/SEX - NOTURNO - POSTO 13 - DOMICILIAR/2116.shp", "OBJECTID": null, "TURNO": null, "POSTO": null, "FreqTurno": null, "X_SEMANA": null, "TER": null, "QUI": null, "SAB": null, "SEG": null, "QUA": null, "SEX": null }, "geometry": { "type": "Polygon", "coordinates": [ [ [ -49.203108, -25.431261, 0.0 ], [ -49.211605, -25.430312, 0.0 ], [ -49.211616, -25.430699, 0.0 ], [ -49.213493, -25.43409, 0.0 ], [ -49.211734, -25.434827, 0.0 ], [ -49.205618, -25.437559, 0.0 ], [ -49.2077, -25.441434, 0.0 ], [ -49.208859, -25.443682, 0.0 ], [ -49.208494, -25.443924, 0.0 ], [ -49.208172, -25.44405, 0.0 ], [ -49.207721, -25.443895, 0.0 ], [ -49.207689, -25.443614, 0.0 ], [ -49.20653, -25.443304, 0.0 ], [ -49.203258, -25.443479, 0.0 ], [ -49.200962, -25.443372, 0.0 ], [ -49.200404, -25.443294, 0.0 ], [ -49.200501, -25.442258, 0.0 ], [ -49.201488, -25.439942, 0.0 ], [ -49.202464, -25.43754, 0.0 ], [ -49.203408, -25.435253, 0.0 ], [ -49.203387, -25.43504, 0.0 ], [ -49.202732, -25.43409, 0.0 ], [ -49.202743, -25.43316, 0.0 ], [ -49.203043, -25.431871, 0.0 ], [ -49.203108, -25.431261, 0.0 ] ] ] } },
{ "type": "Feature", "properties": { "Name": "2117", "description": "descrição: <br>IDENTIFICA: 4402117<br>SETOR: 2117 - SEG/QUA/SEX - NOTURNO - POSTO 13 - DOMICILIAR<br>APELIDO: 2117<br>MACROSETOR: POSTO 13 - DOMICILIAR<br>COR: 65280.000<br>FREQUENCIA: SEG/QUA/SEX - NOTURNO<br>layer: 2117<br>path: G:/Drives compartilhados/J_NEGRAO_CCO/45 - Monitoramento/Paulo Lima/KMLKMZ Curitiba/Noturno/Seg-Qua-Sex/13/2117/2117 - SEG/QUA/SEX - NOTURNO - POSTO 13 - DOMICILIAR/2117.shp", "timestamp": null, "begin": null, "end": null, "altitudeMode": null, "tessellate": -1, "extrude": 0, "visibility": -1, "drawOrder": null, "icon": null, "descri____o": "", "id": null, "IDENTIFICA": "4402117", "SETOR": "2117 - SEG/QUA/SEX - NOTURNO - POSTO 13 - DOMICILIAR", "APELIDO": "2117", "MACROSETOR": "POSTO 13 - DOMICILIAR", "COR": "65280.000", "FREQUENCIA": "SEG/QUA/SEX - NOTURNO", "layer": "2117", "path": "G:/Drives compartilhados/J_NEGRAO_CCO/45 - Monitoramento/Paulo Lima/KMLKMZ Curitiba/Noturno/Seg-Qua-Sex/13/2117/2117 - SEG/QUA/SEX - NOTURNO - POSTO 13 - DOMICILIAR/2117.shp", "OBJECTID": null, "TURNO": null, "POSTO": null, "FreqTurno": null, "X_SEMANA": null, "TER": null, "QUI": null, "SAB": null, "SEG": null, "QUA": null, "SEX": null }, "geometry": { "type": "MultiPolygon", "coordinates": [ [ [ [ -49.2312942, -25.4557747, 0.0 ], [ -49.231293, -25.455772, 0.0 ], [ -49.231303, -25.455772, 0.0 ], [ -49.2312942, -25.4557747, 0.0 ] ] ], [ [ [ -49.2312942, -25.4557747, 0.0 ], [ -49.232827, -25.459192, 0.0 ], [ -49.234157, -25.46235, 0.0 ], [ -49.234425, -25.46326, 0.0 ], [ -49.234522, -25.464975, 0.0 ], [ -49.233503, -25.46636, 0.0 ], [ -49.230327, -25.464423, 0.0 ], [ -49.227849, -25.467677, 0.0 ], [ -49.225606, -25.470535, 0.0 ], [ -49.224802, -25.470205, 0.0 ], [ -49.2208, -25.468443, 0.0 ], [ -49.221819, -25.467077, 0.0 ], [ -49.222302, -25.465391, 0.0 ], [ -49.222699, -25.46358, 0.0 ], [ -49.223171, -25.462204, 0.0 ], [ -49.223857, -25.459512, 0.0 ], [ -49.224093, -25.458892, 0.0 ], [ -49.225274, -25.457129, 0.0 ], [ -49.225617, -25.457981, 0.0 ], [ -49.227462, -25.457225, 0.0 ], [ -49.229329, -25.456489, 0.0 ], [ -49.230187, -25.456121, 0.0 ], [ -49.2312942, -25.4557747, 0.0 ] ] ] ] } },
{ "type": "Feature", "properties": { "Name": "2118", "description": "descrição: <br>IDENTIFICA: 4402118<br>SETOR: 2118 - SEG/QUA/SEX - NOTURNO - POSTO 13 - DOMICILIAR<br>APELIDO: 2118<br>MACROSETOR: POSTO 13 - DOMICILIAR<br>COR: 16744576.000<br>FREQUENCIA: SEG/QUA/SEX - NOTURNO<br>layer: 2118<br>path: G:/Drives compartilhados/J_NEGRAO_CCO/45 - Monitoramento/Paulo Lima/KMLKMZ Curitiba/Noturno/Seg-Qua-Sex/13/2118/2118 - SEG/QUA/SEX - NOTURNO - POSTO 13 - DOMICILIAR/2118.shp", "timestamp": null, "begin": null, "end": null, "altitudeMode": null, "tessellate": -1, "extrude": 0, "visibility": -1, "drawOrder": null, "icon": null, "descri____o": "", "id": null, "IDENTIFICA": "4402118", "SETOR": "2118 - SEG/QUA/SEX - NOTURNO - POSTO 13 - DOMICILIAR", "APELIDO": "2118", "MACROSETOR": "POSTO 13 - DOMICILIAR", "COR": "16744576.000", "FREQUENCIA": "SEG/QUA/SEX - NOTURNO", "layer": "2118", "path": "G:/Drives compartilhados/J_NEGRAO_CCO/45 - Monitoramento/Paulo Lima/KMLKMZ Curitiba/Noturno/Seg-Qua-Sex/13/2118/2118 - SEG/QUA/SEX - NOTURNO - POSTO 13 - DOMICILIAR/2118.shp", "OBJECTID": null, "TURNO": null, "POSTO": null, "FreqTurno": null, "X_SEMANA": null, "TER": null, "QUI": null, "SAB": null, "SEG": null, "QUA": null, "SEX": null }, "geometry": { "type": "Polygon", "coordinates": [ [ [ -49.218418, -25.469711, 0.0 ], [ -49.217184, -25.469363, 0.0 ], [ -49.21727, -25.469159, 0.0 ], [ -49.214019, -25.468094, 0.0 ], [ -49.215063, -25.466756, 0.0 ], [ -49.217316, -25.464063, 0.0 ], [ -49.219738, -25.460936, 0.0 ], [ -49.223282, -25.456546, 0.0 ], [ -49.227423, -25.451392, 0.0 ], [ -49.228775, -25.449649, 0.0 ], [ -49.230177, -25.447867, 0.0 ], [ -49.230123, -25.448584, 0.0 ], [ -49.229651, -25.451045, 0.0 ], [ -49.230005, -25.452672, 0.0 ], [ -49.230402, -25.453922, 0.0 ], [ -49.231314, -25.455879, 0.0 ], [ -49.225435, -25.458165, 0.0 ], [ -49.22522, -25.457671, 0.0 ], [ -49.224442, -25.458848, 0.0 ], [ -49.224088, -25.45955, 0.0 ], [ -49.223257, -25.462708, 0.0 ], [ -49.222055, -25.467232, 0.0 ], [ -49.221733, -25.467997, 0.0 ], [ -49.22065, -25.469062, 0.0 ], [ -49.219233, -25.469973, 0.0 ], [ -49.217935, -25.470767, 0.0 ], [ -49.218429, -25.469692, 0.0 ], [ -49.218418, -25.469711, 0.0 ] ] ] } },
{ "type": "Feature", "properties": { "Name": "2119", "description": "descrição: <br>IDENTIFICA: 4402119<br>SETOR: 2119 - SEG/QUA/SEX - NOTURNO - POSTO 13 - DOMICILIAR<br>APELIDO: 2119<br>MACROSETOR: POSTO 13 - DOMICILIAR<br>COR: 16711680.000<br>FREQUENCIA: SEG/QUA/SEX - NOTURNO<br>layer: 2119<br>path: G:/Drives compartilhados/J_NEGRAO_CCO/45 - Monitoramento/Paulo Lima/KMLKMZ Curitiba/Noturno/Seg-Qua-Sex/13/2119/2119 - SEG/QUA/SEX - NOTURNO - POSTO 13 - DOMICILIAR/2119.shp", "timestamp": null, "begin": null, "end": null, "altitudeMode": null, "tessellate": -1, "extrude": 0, "visibility": -1, "drawOrder": null, "icon": null, "descri____o": "", "id": null, "IDENTIFICA": "4402119", "SETOR": "2119 - SEG/QUA/SEX - NOTURNO - POSTO 13 - DOMICILIAR", "APELIDO": "2119", "MACROSETOR": "POSTO 13 - DOMICILIAR", "COR": "16711680.000", "FREQUENCIA": "SEG/QUA/SEX - NOTURNO", "layer": "2119", "path": "G:/Drives compartilhados/J_NEGRAO_CCO/45 - Monitoramento/Paulo Lima/KMLKMZ Curitiba/Noturno/Seg-Qua-Sex/13/2119/2119 - SEG/QUA/SEX - NOTURNO - POSTO 13 - DOMICILIAR/2119.shp", "OBJECTID": null, "TURNO": null, "POSTO": null, "FreqTurno": null, "X_SEMANA": null, "TER": null, "QUI": null, "SAB": null, "SEG": null, "QUA": null, "SEX": null }, "geometry": { "type": "Polygon", "coordinates": [ [ [ -49.210682, -25.453186, 0.0 ], [ -49.210682, -25.45307, 0.0 ], [ -49.210693, -25.453089, 0.0 ], [ -49.215414, -25.454571, 0.0 ], [ -49.214792, -25.456199, 0.0 ], [ -49.213, -25.460936, 0.0 ], [ -49.212174, -25.463183, 0.0 ], [ -49.211884, -25.4639, 0.0 ], [ -49.21275, -25.464195, 0.0 ], [ -49.213983, -25.464597, 0.0 ], [ -49.215174, -25.464994, 0.0 ], [ -49.216304, -25.465304, 0.0 ], [ -49.215146, -25.466718, 0.0 ], [ -49.214209, -25.4679, 0.0 ], [ -49.21374, -25.468423, 0.0 ], [ -49.211391, -25.466205, 0.0 ], [ -49.209534, -25.465769, 0.0 ], [ -49.20962, -25.465275, 0.0 ], [ -49.20874, -25.465052, 0.0 ], [ -49.207732, -25.46482, 0.0 ], [ -49.206723, -25.464597, 0.0 ], [ -49.206423, -25.464452, 0.0 ], [ -49.206681, -25.463754, 0.0 ], [ -49.207185, -25.462485, 0.0 ], [ -49.208344, -25.459492, 0.0 ], [ -49.208923, -25.457865, 0.0 ], [ -49.210028, -25.454668, 0.0 ], [ -49.210682, -25.453186, 0.0 ] ] ] } },
{ "type": "Feature", "properties": { "Name": "2120", "description": "descrição: <br>IDENTIFICA: 4402120<br>SETOR: 2120 - SEG/QUA/SEX - NOTURNO - POSTO 13 - DOMICILIAR<br>APELIDO: 2120<br>MACROSETOR: POSTO 13 - DOMICILIAR<br>COR: 255.000<br>FREQUENCIA: SEG/QUA/SEX - NOTURNO<br>layer: 2120<br>path: G:/Drives compartilhados/J_NEGRAO_CCO/45 - Monitoramento/Paulo Lima/KMLKMZ Curitiba/Noturno/Seg-Qua-Sex/13/2120/2120 - SEG/QUA/SEX - NOTURNO - POSTO 13 - DOMICILIAR/2120.shp", "timestamp": null, "begin": null, "end": null, "altitudeMode": null, "tessellate": -1, "extrude": 0, "visibility": -1, "drawOrder": null, "icon": null, "descri____o": "", "id": null, "IDENTIFICA": "4402120", "SETOR": "2120 - SEG/QUA/SEX - NOTURNO - POSTO 13 - DOMICILIAR", "APELIDO": "2120", "MACROSETOR": "POSTO 13 - DOMICILIAR", "COR": "255.000", "FREQUENCIA": "SEG/QUA/SEX - NOTURNO", "layer": "2120", "path": "G:/Drives compartilhados/J_NEGRAO_CCO/45 - Monitoramento/Paulo Lima/KMLKMZ Curitiba/Noturno/Seg-Qua-Sex/13/2120/2120 - SEG/QUA/SEX - NOTURNO - POSTO 13 - DOMICILIAR/2120.shp", "OBJECTID": null, "TURNO": null, "POSTO": null, "FreqTurno": null, "X_SEMANA": null, "TER": null, "QUI": null, "SAB": null, "SEG": null, "QUA": null, "SEX": null }, "geometry": { "type": "Polygon", "coordinates": [ [ [ -49.216149, -25.465391, 0.0 ], [ -49.215199, -25.465169, 0.0 ], [ -49.211616, -25.464026, 0.0 ], [ -49.212817, -25.460926, 0.0 ], [ -49.214008, -25.457758, 0.0 ], [ -49.215221, -25.454532, 0.0 ], [ -49.217463, -25.455181, 0.0 ], [ -49.218622, -25.45211, 0.0 ], [ -49.225188, -25.454116, 0.0 ], [ -49.221529, -25.45864, 0.0 ], [ -49.216159, -25.465387, 0.0 ], [ -49.216143, -25.465411, 0.0 ], [ -49.216154, -25.465391, 0.0 ], [ -49.216143, -25.465396, 0.0 ], [ -49.216149, -25.465391, 0.0 ] ] ] } },
{ "type": "Feature", "properties": { "Name": "2121", "description": "descrição: <br>IDENTIFICA: 4402121<br>SETOR: 2121 - SEG/QUA/SEX - NOTURNO - POSTO 13 - DOMICILIAR<br>APELIDO: 2121<br>MACROSETOR: POSTO 13 - DOMICILIAR<br>COR: 8388863.000<br>FREQUENCIA: SEG/QUA/SEX - NOTURNO<br>layer: 2121<br>path: G:/Drives compartilhados/J_NEGRAO_CCO/45 - Monitoramento/Paulo Lima/KMLKMZ Curitiba/Noturno/Seg-Qua-Sex/13/2121/2121 - SEG/QUA/SEX - NOTURNO - POSTO 13 - DOMICILIAR/2121.shp", "timestamp": null, "begin": null, "end": null, "altitudeMode": null, "tessellate": -1, "extrude": 0, "visibility": -1, "drawOrder": null, "icon": null, "descri____o": "", "id": null, "IDENTIFICA": "4402121", "SETOR": "2121 - SEG/QUA/SEX - NOTURNO - POSTO 13 - DOMICILIAR", "APELIDO": "2121", "MACROSETOR": "POSTO 13 - DOMICILIAR", "COR": "8388863.000", "FREQUENCIA": "SEG/QUA/SEX - NOTURNO", "layer": "2121", "path": "G:/Drives compartilhados/J_NEGRAO_CCO/45 - Monitoramento/Paulo Lima/KMLKMZ Curitiba/Noturno/Seg-Qua-Sex/13/2121/2121 - SEG/QUA/SEX - NOTURNO - POSTO 13 - DOMICILIAR/2121.shp", "OBJECTID": null, "TURNO": null, "POSTO": null, "FreqTurno": null, "X_SEMANA": null, "TER": null, "QUI": null, "SAB": null, "SEG": null, "QUA": null, "SEX": null }, "geometry": { "type": "MultiPolygon", "coordinates": [ [ [ [ -49.218632, -25.452159, 0.0 ], [ -49.218632, -25.45214, 0.0 ], [ -49.2186363, -25.4521474, 0.0 ], [ -49.218632, -25.452159, 0.0 ] ] ], [ [ [ -49.2186363, -25.4521474, 0.0 ], [ -49.220349, -25.447499, 0.0 ], [ -49.221401, -25.447887, 0.0 ], [ -49.221561, -25.448071, 0.0 ], [ -49.224147, -25.44684, 0.0 ], [ -49.230778, -25.443992, 0.0 ], [ -49.2317, -25.44529, 0.0 ], [ -49.232162, -25.445503, 0.0 ], [ -49.229705, -25.44839, 0.0 ], [ -49.229715, -25.44841, 0.0 ], [ -49.229694, -25.448409, 0.0 ], [ -49.225038, -25.45429, 0.0 ], [ -49.218579, -25.452275, 0.0 ], [ -49.218643, -25.452159, 0.0 ], [ -49.2186363, -25.4521474, 0.0 ] ] ] ] } },
{ "type": "Feature", "properties": { "Name": "2122", "description": "descrição: <br>IDENTIFICA: 4402122<br>SETOR: 2122 - SEG/QUA/SEX - NOTURNO - POSTO 13 - DOMICILIAR<br>APELIDO: 2122<br>MACROSETOR: POSTO 13 - DOMICILIAR<br>COR: 16776960.000<br>FREQUENCIA: SEG/QUA/SEX - NOTURNO<br>layer: 2122<br>path: G:/Drives compartilhados/J_NEGRAO_CCO/45 - Monitoramento/Paulo Lima/KMLKMZ Curitiba/Noturno/Seg-Qua-Sex/13/2122/2122 - SEG/QUA/SEX - NOTURNO - POSTO 13 - DOMICILIAR/2122.shp", "timestamp": null, "begin": null, "end": null, "altitudeMode": null, "tessellate": -1, "extrude": 0, "visibility": -1, "drawOrder": null, "icon": null, "descri____o": "", "id": null, "IDENTIFICA": "4402122", "SETOR": "2122 - SEG/QUA/SEX - NOTURNO - POSTO 13 - DOMICILIAR", "APELIDO": "2122", "MACROSETOR": "POSTO 13 - DOMICILIAR", "COR": "16776960.000", "FREQUENCIA": "SEG/QUA/SEX - NOTURNO", "layer": "2122", "path": "G:/Drives compartilhados/J_NEGRAO_CCO/45 - Monitoramento/Paulo Lima/KMLKMZ Curitiba/Noturno/Seg-Qua-Sex/13/2122/2122 - SEG/QUA/SEX - NOTURNO - POSTO 13 - DOMICILIAR/2122.shp", "OBJECTID": null, "TURNO": null, "POSTO": null, "FreqTurno": null, "X_SEMANA": null, "TER": null, "QUI": null, "SAB": null, "SEG": null, "QUA": null, "SEX": null }, "geometry": { "type": "Polygon", "coordinates": [ [ [ -49.233771, -25.443556, 0.0 ], [ -49.233181, -25.444089, 0.0 ], [ -49.232129, -25.445532, 0.0 ], [ -49.231711, -25.445581, 0.0 ], [ -49.231303, -25.445252, 0.0 ], [ -49.230638, -25.444244, 0.0 ], [ -49.22611, -25.446278, 0.0 ], [ -49.222742, -25.447732, 0.0 ], [ -49.221497, -25.448468, 0.0 ], [ -49.221175, -25.448061, 0.0 ], [ -49.220853, -25.447984, 0.0 ], [ -49.220489, -25.447867, 0.0 ], [ -49.220231, -25.44777, 0.0 ], [ -49.216927, -25.446705, 0.0 ], [ -49.215661, -25.444108, 0.0 ], [ -49.215553, -25.443682, 0.0 ], [ -49.215768, -25.443043, 0.0 ], [ -49.216015, -25.442733, 0.0 ], [ -49.222208, -25.439905, 0.0 ], [ -49.224169, -25.43907, 0.0 ], [ -49.224726, -25.438906, 0.0 ], [ -49.225241, -25.438877, 0.0 ], [ -49.225928, -25.438944, 0.0 ], [ -49.226649, -25.439226, 0.0 ], [ -49.228889, -25.441144, 0.0 ], [ -49.229372, -25.44158, 0.0 ], [ -49.230166, -25.44189, 0.0 ], [ -49.230767, -25.441958, 0.0 ], [ -49.233739, -25.441967, 0.0 ], [ -49.233771, -25.443556, 0.0 ] ] ] } },
{ "type": "Feature", "properties": { "Name": "2123", "description": "descrição: <br>IDENTIFICA: 4402123<br>SETOR: 2123 - SEG/QUA/SEX - NOTURNO - POSTO 13 - DOMICILIAR<br>APELIDO: 2123<br>MACROSETOR: POSTO 13 - DOMICILIAR<br>COR: 32896.000<br>FREQUENCIA: SEG/QUA/SEX - NOTURNO<br>layer: 2123<br>path: G:/Drives compartilhados/J_NEGRAO_CCO/45 - Monitoramento/Paulo Lima/KMLKMZ Curitiba/Noturno/Seg-Qua-Sex/13/2123/2123 - SEG/QUA/SEX - NOTURNO - POSTO 13 - DOMICILIAR/2123.shp", "timestamp": null, "begin": null, "end": null, "altitudeMode": null, "tessellate": -1, "extrude": 0, "visibility": -1, "drawOrder": null, "icon": null, "descri____o": "", "id": null, "IDENTIFICA": "4402123", "SETOR": "2123 - SEG/QUA/SEX - NOTURNO - POSTO 13 - DOMICILIAR", "APELIDO": "2123", "MACROSETOR": "POSTO 13 - DOMICILIAR", "COR": "32896.000", "FREQUENCIA": "SEG/QUA/SEX - NOTURNO", "layer": "2123", "path": "G:/Drives compartilhados/J_NEGRAO_CCO/45 - Monitoramento/Paulo Lima/KMLKMZ Curitiba/Noturno/Seg-Qua-Sex/13/2123/2123 - SEG/QUA/SEX - NOTURNO - POSTO 13 - DOMICILIAR/2123.shp", "OBJECTID": null, "TURNO": null, "POSTO": null, "FreqTurno": null, "X_SEMANA": null, "TER": null, "QUI": null, "SAB": null, "SEG": null, "QUA": null, "SEX": null }, "geometry": { "type": "Polygon", "coordinates": [ [ [ -49.2176135, -25.4419868, 0.0 ], [ -49.216433, -25.439836, 0.0 ], [ -49.215961, -25.439167, 0.0 ], [ -49.211133, -25.430176, 0.0 ], [ -49.219845, -25.429226, 0.0 ], [ -49.223729, -25.4288, 0.0 ], [ -49.224372, -25.434497, 0.0 ], [ -49.225016, -25.436241, 0.0 ], [ -49.225789, -25.436222, 0.0 ], [ -49.226604, -25.436551, 0.0 ], [ -49.226304, -25.437656, 0.0 ], [ -49.226175, -25.438179, 0.0 ], [ -49.226068, -25.438935, 0.0 ], [ -49.225268, -25.438857, 0.0 ], [ -49.224769, -25.438886, 0.0 ], [ -49.22427, -25.439027, 0.0 ], [ -49.222425, -25.439836, 0.0 ], [ -49.221656, -25.440182, 0.0 ], [ -49.220371, -25.440766, 0.0 ], [ -49.2176135, -25.4419868, 0.0 ] ] ] } },
{ "type": "Feature", "properties": { "Name": "2124", "description": "descrição: <br>IDENTIFICA: 4402124<br>SETOR: 2124 - SEG/QUA/SEX - NOTURNO - POSTO 13 - DOMICILIAR<br>APELIDO: 2124<br>MACROSETOR: POSTO 13 - DOMICILIAR<br>COR: 65408.000<br>FREQUENCIA: SEG/QUA/SEX - NOTURNO<br>layer: 2124<br>path: G:/Drives compartilhados/J_NEGRAO_CCO/45 - Monitoramento/Paulo Lima/KMLKMZ Curitiba/Noturno/Seg-Qua-Sex/13/2124/2124 - SEG/QUA/SEX - NOTURNO - POSTO 13 - DOMICILIAR/2124.shp", "timestamp": null, "begin": null, "end": null, "altitudeMode": null, "tessellate": -1, "extrude": 0, "visibility": -1, "drawOrder": null, "icon": null, "descri____o": "", "id": null, "IDENTIFICA": "4402124", "SETOR": "2124 - SEG/QUA/SEX - NOTURNO - POSTO 13 - DOMICILIAR", "APELIDO": "2124", "MACROSETOR": "POSTO 13 - DOMICILIAR", "COR": "65408.000", "FREQUENCIA": "SEG/QUA/SEX - NOTURNO", "layer": "2124", "path": "G:/Drives compartilhados/J_NEGRAO_CCO/45 - Monitoramento/Paulo Lima/KMLKMZ Curitiba/Noturno/Seg-Qua-Sex/13/2124/2124 - SEG/QUA/SEX - NOTURNO - POSTO 13 - DOMICILIAR/2124.shp", "OBJECTID": null, "TURNO": null, "POSTO": null, "FreqTurno": null, "X_SEMANA": null, "TER": null, "QUI": null, "SAB": null, "SEG": null, "QUA": null, "SEX": null }, "geometry": { "type": "Polygon", "coordinates": [ [ [ -49.24259, -25.453002, 0.0 ], [ -49.240122, -25.452265, 0.0 ], [ -49.238449, -25.451684, 0.0 ], [ -49.237311, -25.450948, 0.0 ], [ -49.236432, -25.449902, 0.0 ], [ -49.235337, -25.448216, 0.0 ], [ -49.234166, -25.444893, 0.0 ], [ -49.233792, -25.443546, 0.0 ], [ -49.233771, -25.441958, 0.0 ], [ -49.235176, -25.441958, 0.0 ], [ -49.235882, -25.441754, 0.0 ], [ -49.236505, -25.441133, 0.0 ], [ -49.23818, -25.438983, 0.0 ], [ -49.238889, -25.438179, 0.0 ], [ -49.239564, -25.437733, 0.0 ], [ -49.242182, -25.437501, 0.0 ], [ -49.245208, -25.436949, 0.0 ], [ -49.247268, -25.436338, 0.0 ], [ -49.24981, -25.435776, 0.0 ], [ -49.253555, -25.435815, 0.0 ], [ -49.260228, -25.435776, 0.0 ], [ -49.2604, -25.437423, 0.0 ], [ -49.25908, -25.43846, 0.0 ], [ -49.258662, -25.438828, 0.0 ], [ -49.258168, -25.439477, 0.0 ], [ -49.257546, -25.440252, 0.0 ], [ -49.256956, -25.440659, 0.0 ], [ -49.256248, -25.440911, 0.0 ], [ -49.255368, -25.44094, 0.0 ], [ -49.254177, -25.441241, 0.0 ], [ -49.253694, -25.441396, 0.0 ], [ -49.25319, -25.44158, 0.0 ], [ -49.252235, -25.442171, 0.0 ], [ -49.250969, -25.442471, 0.0 ], [ -49.247075, -25.447615, 0.0 ], [ -49.243062, -25.453234, 0.0 ], [ -49.242547, -25.453021, 0.0 ], [ -49.24259, -25.453002, 0.0 ] ] ] } },
{ "type": "Feature", "properties": { "Name": "2125", "description": "descrição: <br>IDENTIFICA: 4402125<br>SETOR: 2125 - SEG/QUA/SEX - NOTURNO - POSTO 13 - DOMICILIAR<br>APELIDO: 2125<br>MACROSETOR: POSTO 13 - DOMICILIAR<br>COR: 8388863.000<br>FREQUENCIA: SEG/QUA/SEX - NOTURNO<br>layer: 2125<br>path: G:/Drives compartilhados/J_NEGRAO_CCO/45 - Monitoramento/Paulo Lima/KMLKMZ Curitiba/Noturno/Seg-Qua-Sex/13/2125/2125 - SEG/QUA/SEX - NOTURNO - POSTO 13 - DOMICILIAR/2125.shp", "timestamp": null, "begin": null, "end": null, "altitudeMode": null, "tessellate": -1, "extrude": 0, "visibility": -1, "drawOrder": null, "icon": null, "descri____o": "", "id": null, "IDENTIFICA": "4402125", "SETOR": "2125 - SEG/QUA/SEX - NOTURNO - POSTO 13 - DOMICILIAR", "APELIDO": "2125", "MACROSETOR": "POSTO 13 - DOMICILIAR", "COR": "8388863.000", "FREQUENCIA": "SEG/QUA/SEX - NOTURNO", "layer": "2125", "path": "G:/Drives compartilhados/J_NEGRAO_CCO/45 - Monitoramento/Paulo Lima/KMLKMZ Curitiba/Noturno/Seg-Qua-Sex/13/2125/2125 - SEG/QUA/SEX - NOTURNO - POSTO 13 - DOMICILIAR/2125.shp", "OBJECTID": null, "TURNO": null, "POSTO": null, "FreqTurno": null, "X_SEMANA": null, "TER": null, "QUI": null, "SAB": null, "SEG": null, "QUA": null, "SEX": null }, "geometry": { "type": "Polygon", "coordinates": [ [ [ -49.24318, -25.453118, 0.0 ], [ -49.247171, -25.454435, 0.0 ], [ -49.247826, -25.454891, 0.0 ], [ -49.248308, -25.455395, 0.0 ], [ -49.248823, -25.456431, 0.0 ], [ -49.249553, -25.458146, 0.0 ], [ -49.249982, -25.459347, 0.0 ], [ -49.249177, -25.459802, 0.0 ], [ -49.249113, -25.460325, 0.0 ], [ -49.248684, -25.460945, 0.0 ], [ -49.247225, -25.462224, 0.0 ], [ -49.244435, -25.465052, 0.0 ], [ -49.242762, -25.463754, 0.0 ], [ -49.238942, -25.461275, 0.0 ], [ -49.240101, -25.459899, 0.0 ], [ -49.238792, -25.459124, 0.0 ], [ -49.234597, -25.464907, 0.0 ], [ -49.234425, -25.463396, 0.0 ], [ -49.234189, -25.462514, 0.0 ], [ -49.232752, -25.459027, 0.0 ], [ -49.231228, -25.455714, 0.0 ], [ -49.230198, -25.453399, 0.0 ], [ -49.229737, -25.451481, 0.0 ], [ -49.229715, -25.45059, 0.0 ], [ -49.229973, -25.449088, 0.0 ], [ -49.229662, -25.448952, 0.0 ], [ -49.22919, -25.449098, 0.0 ], [ -49.230048, -25.448061, 0.0 ], [ -49.231998, -25.445522, 0.0 ], [ -49.233395, -25.443866, 0.0 ], [ -49.233846, -25.443643, 0.0 ], [ -49.234221, -25.444883, 0.0 ], [ -49.235294, -25.448109, 0.0 ], [ -49.23571, -25.448835, 0.0 ], [ -49.237234, -25.45085, 0.0 ], [ -49.237923, -25.451423, 0.0 ], [ -49.238824, -25.45181, 0.0 ], [ -49.242472, -25.452905, 0.0 ], [ -49.24318, -25.453118, 0.0 ] ] ] } },
{ "type": "Feature", "properties": { "Name": "2126", "description": "descrição: <br>IDENTIFICA: 4402126<br>SETOR: 2126 - SEG/QUA/SEX - NOTURNO - POSTO 13 - DOMICILIAR<br>APELIDO: 2126<br>MACROSETOR: POSTO 13 - DOMICILIAR<br>COR: 65535.000<br>FREQUENCIA: SEG/QUA/SEX - NOTURNO<br>layer: 2126<br>path: G:/Drives compartilhados/J_NEGRAO_CCO/45 - Monitoramento/Paulo Lima/KMLKMZ Curitiba/Noturno/Seg-Qua-Sex/13/2126/2126 - SEG/QUA/SEX - NOTURNO - POSTO 13 - DOMICILIAR/2126.shp", "timestamp": null, "begin": null, "end": null, "altitudeMode": null, "tessellate": -1, "extrude": 0, "visibility": -1, "drawOrder": null, "icon": null, "descri____o": "", "id": null, "IDENTIFICA": "4402126", "SETOR": "2126 - SEG/QUA/SEX - NOTURNO - POSTO 13 - DOMICILIAR", "APELIDO": "2126", "MACROSETOR": "POSTO 13 - DOMICILIAR", "COR": "65535.000", "FREQUENCIA": "SEG/QUA/SEX - NOTURNO", "layer": "2126", "path": "G:/Drives compartilhados/J_NEGRAO_CCO/45 - Monitoramento/Paulo Lima/KMLKMZ Curitiba/Noturno/Seg-Qua-Sex/13/2126/2126 - SEG/QUA/SEX - NOTURNO - POSTO 13 - DOMICILIAR/2126.shp", "OBJECTID": null, "TURNO": null, "POSTO": null, "FreqTurno": null, "X_SEMANA": null, "TER": null, "QUI": null, "SAB": null, "SEG": null, "QUA": null, "SEX": null }, "geometry": { "type": "Polygon", "coordinates": [ [ [ -49.243985, -25.465275, 0.0 ], [ -49.242193, -25.466408, 0.0 ], [ -49.24156, -25.466941, 0.0 ], [ -49.240187, -25.468297, 0.0 ], [ -49.240026, -25.468743, 0.0 ], [ -49.240015, -25.469944, 0.0 ], [ -49.239489, -25.470554, 0.0 ], [ -49.237665, -25.47221, 0.0 ], [ -49.23715, -25.472511, 0.0 ], [ -49.236539, -25.472637, 0.0 ], [ -49.23597, -25.472685, 0.0 ], [ -49.235294, -25.472269, 0.0 ], [ -49.231067, -25.469702, 0.0 ], [ -49.227859, -25.47408, 0.0 ], [ -49.227226, -25.473731, 0.0 ], [ -49.225499, -25.47316, 0.0 ], [ -49.22301, -25.472453, 0.0 ], [ -49.219029, -25.469896, 0.0 ], [ -49.220317, -25.468975, 0.0 ], [ -49.220928, -25.468365, 0.0 ], [ -49.222645, -25.469111, 0.0 ], [ -49.224834, -25.470099, 0.0 ], [ -49.22551, -25.470399, 0.0 ], [ -49.227816, -25.467551, 0.0 ], [ -49.230284, -25.464297, 0.0 ], [ -49.233578, -25.466224, 0.0 ], [ -49.234707, -25.464699, 0.0 ], [ -49.238931, -25.458882, 0.0 ], [ -49.240412, -25.459744, 0.0 ], [ -49.239328, -25.461236, 0.0 ], [ -49.24186, -25.462805, 0.0 ], [ -49.244596, -25.464771, 0.0 ], [ -49.243974, -25.465265, 0.0 ], [ -49.243974, -25.465275, 0.0 ], [ -49.243985, -25.465275, 0.0 ] ] ] } },
{ "type": "Feature", "properties": { "Name": "2127", "description": "descrição: <br>IDENTIFICA: 4402127<br>SETOR: 2127 - SEG/QUA/SEX - NOTURNO - POSTO 13 - DOMICILIAR<br>APELIDO: 2127<br>MACROSETOR: POSTO 13 - DOMICILIAR<br>COR: 33023.000<br>FREQUENCIA: SEG/QUA/SEX - NOTURNO<br>layer: 2127<br>path: G:/Drives compartilhados/J_NEGRAO_CCO/45 - Monitoramento/Paulo Lima/KMLKMZ Curitiba/Noturno/Seg-Qua-Sex/13/2127/2127 - SEG/QUA/SEX - NOTURNO - POSTO 13 - DOMICILIAR/2127.shp", "timestamp": null, "begin": null, "end": null, "altitudeMode": null, "tessellate": -1, "extrude": 0, "visibility": -1, "drawOrder": null, "icon": null, "descri____o": "", "id": null, "IDENTIFICA": "4402127", "SETOR": "2127 - SEG/QUA/SEX - NOTURNO - POSTO 13 - DOMICILIAR", "APELIDO": "2127", "MACROSETOR": "POSTO 13 - DOMICILIAR", "COR": "33023.000", "FREQUENCIA": "SEG/QUA/SEX - NOTURNO", "layer": "2127", "path": "G:/Drives compartilhados/J_NEGRAO_CCO/45 - Monitoramento/Paulo Lima/KMLKMZ Curitiba/Noturno/Seg-Qua-Sex/13/2127/2127 - SEG/QUA/SEX - NOTURNO - POSTO 13 - DOMICILIAR/2127.shp", "OBJECTID": null, "TURNO": null, "POSTO": null, "FreqTurno": null, "X_SEMANA": null, "TER": null, "QUI": null, "SAB": null, "SEG": null, "QUA": null, "SEX": null }, "geometry": { "type": "Polygon", "coordinates": [ [ [ -49.213729, -25.468472, 0.0 ], [ -49.211097, -25.471736, 0.0 ], [ -49.208901, -25.474467, 0.0 ], [ -49.20785, -25.475465, 0.0 ], [ -49.206681, -25.476337, 0.0 ], [ -49.204535, -25.477392, 0.0 ], [ -49.200855, -25.472143, 0.0 ], [ -49.200115, -25.472956, 0.0 ], [ -49.199492, -25.468423, 0.0 ], [ -49.199878, -25.467474, 0.0 ], [ -49.205436, -25.468859, 0.0 ], [ -49.206723, -25.464345, 0.0 ], [ -49.210017, -25.465159, 0.0 ], [ -49.210833, -25.465333, 0.0 ], [ -49.210693, -25.465953, 0.0 ], [ -49.21153, -25.466157, 0.0 ], [ -49.213729, -25.468336, 0.0 ], [ -49.213751, -25.468462, 0.0 ], [ -49.213729, -25.468472, 0.0 ] ] ] } },
{ "type": "Feature", "properties": { "Name": "3114", "description": "descrição: <br>IDENTIFICA: 4403114<br>SETOR: 3114 - TER/QUI/SAB - NOTURNO - POSTO 13 - DOMICILIAR<br>APELIDO: 3114<br>MACROSETOR: POSTO 13 - DOMICILIAR<br>COR: 12615808.000<br>FREQUENCIA: TER/QUI/SAB - NOTURNO<br>layer: 3114<br>path: G:/Drives compartilhados/J_NEGRAO_CCO/45 - Monitoramento/Paulo Lima/KMLKMZ Curitiba/Noturno/Ter-Qui-Sab/13/3114/3114 - TER/QUI/SAB - NOTURNO - POSTO 13 - DOMICILIAR/3114.shp", "timestamp": null, "begin": null, "end": null, "altitudeMode": null, "tessellate": -1, "extrude": 0, "visibility": -1, "drawOrder": null, "icon": null, "descri____o": "", "id": null, "IDENTIFICA": "4403114", "SETOR": "3114 - TER/QUI/SAB - NOTURNO - POSTO 13 - DOMICILIAR", "APELIDO": "3114", "MACROSETOR": "POSTO 13 - DOMICILIAR", "COR": "12615808.000", "FREQUENCIA": "TER/QUI/SAB - NOTURNO", "layer": "3114", "path": "G:/Drives compartilhados/J_NEGRAO_CCO/45 - Monitoramento/Paulo Lima/KMLKMZ Curitiba/Noturno/Ter-Qui-Sab/13/3114/3114 - TER/QUI/SAB - NOTURNO - POSTO 13 - DOMICILIAR/3114.shp", "OBJECTID": null, "TURNO": null, "POSTO": null, "FreqTurno": null, "X_SEMANA": null, "TER": null, "QUI": null, "SAB": null, "SEG": null, "QUA": null, "SEX": null }, "geometry": { "type": "Polygon", "coordinates": [ [ [ -49.3181, -25.497904, 0.0 ], [ -49.314795, -25.50354, 0.0 ], [ -49.312907, -25.506813, 0.0 ], [ -49.310053, -25.511752, 0.0 ], [ -49.309811, -25.512158, 0.0 ], [ -49.308658, -25.512086, 0.0 ], [ -49.308358, -25.511558, 0.0 ], [ -49.3081, -25.511364, 0.0 ], [ -49.306453, -25.508711, 0.0 ], [ -49.306276, -25.506949, 0.0 ], [ -49.306341, -25.504412, 0.0 ], [ -49.300826, -25.504354, 0.0 ], [ -49.30089, -25.501391, 0.0 ], [ -49.304474, -25.501526, 0.0 ], [ -49.304517, -25.497459, 0.0 ], [ -49.306105, -25.497633, 0.0 ], [ -49.307478, -25.497556, 0.0 ], [ -49.307843, -25.49742, 0.0 ], [ -49.308401, -25.497033, 0.0 ], [ -49.308787, -25.496587, 0.0 ], [ -49.309752, -25.494709, 0.0 ], [ -49.311083, -25.493779, 0.0 ], [ -49.312284, -25.49314, 0.0 ], [ -49.313014, -25.492578, 0.0 ], [ -49.314859, -25.490932, 0.0 ], [ -49.315739, -25.492985, 0.0 ], [ -49.317198, -25.492481, 0.0 ], [ -49.320417, -25.49407, 0.0 ], [ -49.3181, -25.497885, 0.0 ], [ -49.3181, -25.497904, 0.0 ] ] ] } },
{ "type": "Feature", "properties": { "Name": "3115", "description": "descrição: <br>IDENTIFICA: 4403115<br>SETOR: 3115 - TER/QUI/SAB - NOTURNO - POSTO 13 - DOMICILIAR<br>APELIDO: 3115<br>MACROSETOR: POSTO 13 - DOMICILIAR<br>COR: 65280.000<br>FREQUENCIA: TER/QUI/SAB - NOTURNO<br>layer: 3115<br>path: G:/Drives compartilhados/J_NEGRAO_CCO/45 - Monitoramento/Paulo Lima/KMLKMZ Curitiba/Noturno/Ter-Qui-Sab/13/3115/3115 - TER/QUI/SAB - NOTURNO - POSTO 13 - DOMICILIAR/3115.shp", "timestamp": null, "begin": null, "end": null, "altitudeMode": null, "tessellate": -1, "extrude": 0, "visibility": -1, "drawOrder": null, "icon": null, "descri____o": "", "id": null, "IDENTIFICA": "4403115", "SETOR": "3115 - TER/QUI/SAB - NOTURNO - POSTO 13 - DOMICILIAR", "APELIDO": "3115", "MACROSETOR": "POSTO 13 - DOMICILIAR", "COR": "65280.000", "FREQUENCIA": "TER/QUI/SAB - NOTURNO", "layer": "3115", "path": "G:/Drives compartilhados/J_NEGRAO_CCO/45 - Monitoramento/Paulo Lima/KMLKMZ Curitiba/Noturno/Ter-Qui-Sab/13/3115/3115 - TER/QUI/SAB - NOTURNO - POSTO 13 - DOMICILIAR/3115.shp", "OBJECTID": null, "TURNO": null, "POSTO": null, "FreqTurno": null, "X_SEMANA": null, "TER": null, "QUI": null, "SAB": null, "SEG": null, "QUA": null, "SEX": null }, "geometry": { "type": "MultiPolygon", "coordinates": [ [ [ [ -49.2929253, -25.4821569, 0.0 ], [ -49.292919, -25.482157, 0.0 ], [ -49.292919, -25.482138, 0.0 ], [ -49.2929253, -25.4821569, 0.0 ] ] ], [ [ [ -49.2929253, -25.4821569, 0.0 ], [ -49.296803, -25.482119, 0.0 ], [ -49.297286, -25.482409, 0.0 ], [ -49.298423, -25.482506, 0.0 ], [ -49.300311, -25.482661, 0.0 ], [ -49.300998, -25.482564, 0.0 ], [ -49.302049, -25.482206, 0.0 ], [ -49.3028, -25.482041, 0.0 ], [ -49.303433, -25.481983, 0.0 ], [ -49.304935, -25.482448, 0.0 ], [ -49.305289, -25.482739, 0.0 ], [ -49.305268, -25.487223, 0.0 ], [ -49.30942, -25.4873, 0.0 ], [ -49.309388, -25.489295, 0.0 ], [ -49.303723, -25.489121, 0.0 ], [ -49.295344, -25.489131, 0.0 ], [ -49.294045, -25.489092, 0.0 ], [ -49.294372, -25.486954, 0.0 ], [ -49.294029, -25.485462, 0.0 ], [ -49.2929253, -25.4821569, 0.0 ] ] ] ] } },
{ "type": "Feature", "properties": { "Name": "3116", "description": "descrição: <br>IDENTIFICA: 4403116<br>SETOR: 3116 - TER/QUI/SAB - NOTURNO - POSTO 13 - DOMICILIAR<br>APELIDO: 3116<br>MACROSETOR: POSTO 13 - DOMICILIAR<br>COR: 128.000<br>FREQUENCIA: TER/QUI/SAB - NOTURNO<br>layer: 3116<br>path: G:/Drives compartilhados/J_NEGRAO_CCO/45 - Monitoramento/Paulo Lima/KMLKMZ Curitiba/Noturno/Ter-Qui-Sab/13/3116/3116 - TER/QUI/SAB - NOTURNO - POSTO 13 - DOMICILIAR/3116.shp", "timestamp": null, "begin": null, "end": null, "altitudeMode": null, "tessellate": -1, "extrude": 0, "visibility": -1, "drawOrder": null, "icon": null, "descri____o": "", "id": null, "IDENTIFICA": "4403116", "SETOR": "3116 - TER/QUI/SAB - NOTURNO - POSTO 13 - DOMICILIAR", "APELIDO": "3116", "MACROSETOR": "POSTO 13 - DOMICILIAR", "COR": "128.000", "FREQUENCIA": "TER/QUI/SAB - NOTURNO", "layer": "3116", "path": "G:/Drives compartilhados/J_NEGRAO_CCO/45 - Monitoramento/Paulo Lima/KMLKMZ Curitiba/Noturno/Ter-Qui-Sab/13/3116/3116 - TER/QUI/SAB - NOTURNO - POSTO 13 - DOMICILIAR/3116.shp", "OBJECTID": null, "TURNO": null, "POSTO": null, "FreqTurno": null, "X_SEMANA": null, "TER": null, "QUI": null, "SAB": null, "SEG": null, "QUA": null, "SEX": null }, "geometry": { "type": "Polygon", "coordinates": [ [ [ -49.309431, -25.489053, 0.0 ], [ -49.309474, -25.495755, 0.0 ], [ -49.301792, -25.495619, 0.0 ], [ -49.299367, -25.495619, 0.0 ], [ -49.299346, -25.494573, 0.0 ], [ -49.296814, -25.494515, 0.0 ], [ -49.293917, -25.494476, 0.0 ], [ -49.293662, -25.49256, 0.0 ], [ -49.293833, -25.491476, 0.0 ], [ -49.294067, -25.48884, 0.0 ], [ -49.30265, -25.488801, 0.0 ], [ -49.309409, -25.489053, 0.0 ], [ -49.309431, -25.489053, 0.0 ] ] ] } },
{ "type": "Feature", "properties": { "Name": "3117", "description": "descrição: <br>IDENTIFICA: 4403117<br>SETOR: 3117 - TER/QUI/SAB - NOTURNO - POSTO 13 - DOMICILIAR<br>APELIDO: 3117<br>MACROSETOR: POSTO 13 - DOMICILIAR<br>COR: 8388863.000<br>FREQUENCIA: TER/QUI/SAB - NOTURNO<br>layer: 3117<br>path: G:/Drives compartilhados/J_NEGRAO_CCO/45 - Monitoramento/Paulo Lima/KMLKMZ Curitiba/Noturno/Ter-Qui-Sab/13/3117/3117 - TER/QUI/SAB - NOTURNO - POSTO 13 - DOMICILIAR/3117.shp", "timestamp": null, "begin": null, "end": null, "altitudeMode": null, "tessellate": -1, "extrude": 0, "visibility": -1, "drawOrder": null, "icon": null, "descri____o": "", "id": null, "IDENTIFICA": "4403117", "SETOR": "3117 - TER/QUI/SAB - NOTURNO - POSTO 13 - DOMICILIAR", "APELIDO": "3117", "MACROSETOR": "POSTO 13 - DOMICILIAR", "COR": "8388863.000", "FREQUENCIA": "TER/QUI/SAB - NOTURNO", "layer": "3117", "path": "G:/Drives compartilhados/J_NEGRAO_CCO/45 - Monitoramento/Paulo Lima/KMLKMZ Curitiba/Noturno/Ter-Qui-Sab/13/3117/3117 - TER/QUI/SAB - NOTURNO - POSTO 13 - DOMICILIAR/3117.shp", "OBJECTID": null, "TURNO": null, "POSTO": null, "FreqTurno": null, "X_SEMANA": null, "TER": null, "QUI": null, "SAB": null, "SEG": null, "QUA": null, "SEX": null }, "geometry": { "type": "Polygon", "coordinates": [ [ [ -49.293927, -25.494321, 0.0 ], [ -49.293917, -25.494244, 0.0 ], [ -49.299796, -25.494244, 0.0 ], [ -49.299689, -25.495329, 0.0 ], [ -49.309838, -25.495445, 0.0 ], [ -49.309152, -25.496878, 0.0 ], [ -49.307972, -25.497788, 0.0 ], [ -49.307392, -25.497982, 0.0 ], [ -49.306212, -25.498059, 0.0 ], [ -49.304688, -25.497682, 0.0 ], [ -49.304646, -25.501604, 0.0 ], [ -49.301191, -25.501623, 0.0 ], [ -49.301169, -25.505167, 0.0 ], [ -49.301084, -25.508692, 0.0 ], [ -49.295848, -25.508653, 0.0 ], [ -49.295902, -25.505913, 0.0 ], [ -49.296095, -25.500684, 0.0 ], [ -49.29603, -25.499483, 0.0 ], [ -49.295848, -25.498282, 0.0 ], [ -49.294786, -25.496219, 0.0 ], [ -49.294088, -25.494941, 0.0 ], [ -49.293927, -25.494321, 0.0 ] ] ] } },
{ "type": "Feature", "properties": { "Name": "3118", "description": "descrição: <br>IDENTIFICA: 4403118<br>SETOR: 3118 - TER/QUI/SAB - NOTURNO - POSTO 13 - DOMICILIAR<br>APELIDO: 3118<br>MACROSETOR: POSTO 13 - DOMICILIAR<br>COR: 65280.000<br>FREQUENCIA: TER/QUI/SAB - NOTURNO<br>layer: 3118<br>path: G:/Drives compartilhados/J_NEGRAO_CCO/45 - Monitoramento/Paulo Lima/KMLKMZ Curitiba/Noturno/Ter-Qui-Sab/13/3118/3118 - TER/QUI/SAB - NOTURNO - POSTO 13 - DOMICILIAR/3118.shp", "timestamp": null, "begin": null, "end": null, "altitudeMode": null, "tessellate": -1, "extrude": 0, "visibility": -1, "drawOrder": null, "icon": null, "descri____o": "", "id": null, "IDENTIFICA": "4403118", "SETOR": "3118 - TER/QUI/SAB - NOTURNO - POSTO 13 - DOMICILIAR", "APELIDO": "3118", "MACROSETOR": "POSTO 13 - DOMICILIAR", "COR": "65280.000", "FREQUENCIA": "TER/QUI/SAB - NOTURNO", "layer": "3118", "path": "G:/Drives compartilhados/J_NEGRAO_CCO/45 - Monitoramento/Paulo Lima/KMLKMZ Curitiba/Noturno/Ter-Qui-Sab/13/3118/3118 - TER/QUI/SAB - NOTURNO - POSTO 13 - DOMICILIAR/3118.shp", "OBJECTID": null, "TURNO": null, "POSTO": null, "FreqTurno": null, "X_SEMANA": null, "TER": null, "QUI": null, "SAB": null, "SEG": null, "QUA": null, "SEX": null }, "geometry": { "type": "MultiPolygon", "coordinates": [ [ [ [ -49.3008559, -25.5084497, 0.0 ], [ -49.300848, -25.50844, 0.0 ], [ -49.300848, -25.508421, 0.0 ], [ -49.300869, -25.508421, 0.0 ], [ -49.30088, -25.50845, 0.0 ], [ -49.3008559, -25.5084497, 0.0 ] ] ], [ [ [ -49.3008559, -25.5084497, 0.0 ], [ -49.30088, -25.508479, 0.0 ], [ -49.300912, -25.504131, 0.0 ], [ -49.307424, -25.504179, 0.0 ], [ -49.307424, -25.504915, 0.0 ], [ -49.306995, -25.506155, 0.0 ], [ -49.306437, -25.506145, 0.0 ], [ -49.306427, -25.508585, 0.0 ], [ -49.30677, -25.509273, 0.0 ], [ -49.307542, -25.510415, 0.0 ], [ -49.308057, -25.512023, 0.0 ], [ -49.308626, -25.512032, 0.0 ], [ -49.309935, -25.512013, 0.0 ], [ -49.312115, -25.513277, 0.0 ], [ -49.31192, -25.514037, 0.0 ], [ -49.309838, -25.51394, 0.0 ], [ -49.304367, -25.513882, 0.0 ], [ -49.295741, -25.513727, 0.0 ], [ -49.294153, -25.513727, 0.0 ], [ -49.294196, -25.511635, 0.0 ], [ -49.295719, -25.511713, 0.0 ], [ -49.295826, -25.508382, 0.0 ], [ -49.3008559, -25.5084497, 0.0 ] ] ] ] } },
{ "type": "Feature", "properties": { "Name": "3119", "description": "descrição: <br>IDENTIFICA: 4403119<br>SETOR: 3119 - TER/QUI/SAB - NOTURNO - POSTO 13 - DOMICILIAR<br>APELIDO: 3119<br>MACROSETOR: POSTO 13 - DOMICILIAR<br>COR: 16776960.000<br>FREQUENCIA: TER/QUI/SAB - NOTURNO<br>layer: 3119<br>path: G:/Drives compartilhados/J_NEGRAO_CCO/45 - Monitoramento/Paulo Lima/KMLKMZ Curitiba/Noturno/Ter-Qui-Sab/13/3119/3119 - TER/QUI/SAB - NOTURNO - POSTO 13 - DOMICILIAR/3119.shp", "timestamp": null, "begin": null, "end": null, "altitudeMode": null, "tessellate": -1, "extrude": 0, "visibility": -1, "drawOrder": null, "icon": null, "descri____o": "", "id": null, "IDENTIFICA": "4403119", "SETOR": "3119 - TER/QUI/SAB - NOTURNO - POSTO 13 - DOMICILIAR", "APELIDO": "3119", "MACROSETOR": "POSTO 13 - DOMICILIAR", "COR": "16776960.000", "FREQUENCIA": "TER/QUI/SAB - NOTURNO", "layer": "3119", "path": "G:/Drives compartilhados/J_NEGRAO_CCO/45 - Monitoramento/Paulo Lima/KMLKMZ Curitiba/Noturno/Ter-Qui-Sab/13/3119/3119 - TER/QUI/SAB - NOTURNO - POSTO 13 - DOMICILIAR/3119.shp", "OBJECTID": null, "TURNO": null, "POSTO": null, "FreqTurno": null, "X_SEMANA": null, "TER": null, "QUI": null, "SAB": null, "SEG": null, "QUA": null, "SEX": null }, "geometry": { "type": "Polygon", "coordinates": [ [ [ -49.311877, -25.513785, 0.0 ], [ -49.311898, -25.513766, 0.0 ], [ -49.31192, -25.513862, 0.0 ], [ -49.313499, -25.515571, 0.0 ], [ -49.314023, -25.517116, 0.0 ], [ -49.317198, -25.518626, 0.0 ], [ -49.31767, -25.519943, 0.0 ], [ -49.318679, -25.521473, 0.0 ], [ -49.318078, -25.522228, 0.0 ], [ -49.316018, -25.526236, 0.0 ], [ -49.315181, -25.527107, 0.0 ], [ -49.313143, -25.52856, 0.0 ], [ -49.311619, -25.53007, 0.0 ], [ -49.304581, -25.523622, 0.0 ], [ -49.302564, -25.520156, 0.0 ], [ -49.302328, -25.519691, 0.0 ], [ -49.302457, -25.518026, 0.0 ], [ -49.298809, -25.51791, 0.0 ], [ -49.298895, -25.513456, 0.0 ], [ -49.309752, -25.513688, 0.0 ], [ -49.311877, -25.513785, 0.0 ] ] ] } },
{ "type": "Feature", "properties": { "Name": "3120", "description": "descrição: <br>IDENTIFICA: 4403120<br>SETOR: 3120 - TER/QUI/SAB - NOTURNO - POSTO 13 - DOMICILIAR<br>APELIDO: 3120<br>MACROSETOR: POSTO 13 - DOMICILIAR<br>COR: 16744448.000<br>FREQUENCIA: TER/QUI/SAB - NOTURNO<br>layer: 3120<br>path: G:/Drives compartilhados/J_NEGRAO_CCO/45 - Monitoramento/Paulo Lima/KMLKMZ Curitiba/Noturno/Ter-Qui-Sab/13/3120/3120 - TER/QUI/SAB - NOTURNO - POSTO 13 - DOMICILIAR/3120.shp", "timestamp": null, "begin": null, "end": null, "altitudeMode": null, "tessellate": -1, "extrude": 0, "visibility": -1, "drawOrder": null, "icon": null, "descri____o": "", "id": null, "IDENTIFICA": "4403120", "SETOR": "3120 - TER/QUI/SAB - NOTURNO - POSTO 13 - DOMICILIAR", "APELIDO": "3120", "MACROSETOR": "POSTO 13 - DOMICILIAR", "COR": "16744448.000", "FREQUENCIA": "TER/QUI/SAB - NOTURNO", "layer": "3120", "path": "G:/Drives compartilhados/J_NEGRAO_CCO/45 - Monitoramento/Paulo Lima/KMLKMZ Curitiba/Noturno/Ter-Qui-Sab/13/3120/3120 - TER/QUI/SAB - NOTURNO - POSTO 13 - DOMICILIAR/3120.shp", "OBJECTID": null, "TURNO": null, "POSTO": null, "FreqTurno": null, "X_SEMANA": null, "TER": null, "QUI": null, "SAB": null, "SEG": null, "QUA": null, "SEX": null }, "geometry": { "type": "MultiPolygon", "coordinates": [ [ [ [ -49.2991089, -25.5134355, 0.0 ], [ -49.299109, -25.513417, 0.0 ], [ -49.299152, -25.513417, 0.0 ], [ -49.299174, -25.513417, 0.0 ], [ -49.299131, -25.513436, 0.0 ], [ -49.2991089, -25.5134355, 0.0 ] ] ], [ [ [ -49.2991089, -25.5134355, 0.0 ], [ -49.299088, -25.517716, 0.0 ], [ -49.30265, -25.517716, 0.0 ], [ -49.302629, -25.519556, 0.0 ], [ -49.302907, -25.519885, 0.0 ], [ -49.304882, -25.52339, 0.0 ], [ -49.311598, -25.530186, 0.0 ], [ -49.309967, -25.531377, 0.0 ], [ -49.30869, -25.532219, 0.0 ], [ -49.307553, -25.533594, 0.0 ], [ -49.307049, -25.534, 0.0 ], [ -49.306427, -25.534301, 0.0 ], [ -49.30324, -25.534978, 0.0 ], [ -49.302521, -25.53493, 0.0 ], [ -49.301019, -25.534639, 0.0 ], [ -49.298938, -25.530128, 0.0 ], [ -49.297565, -25.532548, 0.0 ], [ -49.291664, -25.527824, 0.0 ], [ -49.293273, -25.526604, 0.0 ], [ -49.293638, -25.526178, 0.0 ], [ -49.293659, -25.524977, 0.0 ], [ -49.293616, -25.524435, 0.0 ], [ -49.293144, -25.523738, 0.0 ], [ -49.294925, -25.522325, 0.0 ], [ -49.295226, -25.521821, 0.0 ], [ -49.295526, -25.520872, 0.0 ], [ -49.295741, -25.513359, 0.0 ], [ -49.2991089, -25.5134355, 0.0 ] ] ] ] } },
{ "type": "Feature", "properties": { "Name": "3121", "description": "descrição: <br>IDENTIFICA: 4403121<br>SETOR: 3121 - TER/QUI/SAB - NOTURNO - POSTO 13 - DOMICILIAR<br>APELIDO: 3121<br>MACROSETOR: POSTO 13 - DOMICILIAR<br>COR: 4194432.000<br>FREQUENCIA: TER/QUI/SAB - NOTURNO<br>layer: 3121<br>path: G:/Drives compartilhados/J_NEGRAO_CCO/45 - Monitoramento/Paulo Lima/KMLKMZ Curitiba/Noturno/Ter-Qui-Sab/13/3121/3121 - TER/QUI/SAB - NOTURNO - POSTO 13 - DOMICILIAR/3121.shp", "timestamp": null, "begin": null, "end": null, "altitudeMode": null, "tessellate": -1, "extrude": 0, "visibility": -1, "drawOrder": null, "icon": null, "descri____o": "", "id": null, "IDENTIFICA": "4403121", "SETOR": "3121 - TER/QUI/SAB - NOTURNO - POSTO 13 - DOMICILIAR", "APELIDO": "3121", "MACROSETOR": "POSTO 13 - DOMICILIAR", "COR": "4194432.000", "FREQUENCIA": "TER/QUI/SAB - NOTURNO", "layer": "3121", "path": "G:/Drives compartilhados/J_NEGRAO_CCO/45 - Monitoramento/Paulo Lima/KMLKMZ Curitiba/Noturno/Ter-Qui-Sab/13/3121/3121 - TER/QUI/SAB - NOTURNO - POSTO 13 - DOMICILIAR/3121.shp", "OBJECTID": null, "TURNO": null, "POSTO": null, "FreqTurno": null, "X_SEMANA": null, "TER": null, "QUI": null, "SAB": null, "SEG": null, "QUA": null, "SEX": null }, "geometry": { "type": "Polygon", "coordinates": [ [ [ -49.294088, -25.494631, 0.0 ], [ -49.295537, -25.497401, 0.0 ], [ -49.295837, -25.498185, 0.0 ], [ -49.296052, -25.499405, 0.0 ], [ -49.296076, -25.500589, 0.0 ], [ -49.296033, -25.501306, 0.0 ], [ -49.295912, -25.505922, 0.0 ], [ -49.295848, -25.508808, 0.0 ], [ -49.295762, -25.511926, 0.0 ], [ -49.294496, -25.511868, 0.0 ], [ -49.294453, -25.513456, 0.0 ], [ -49.29544, -25.513475, 0.0 ], [ -49.295784, -25.513417, 0.0 ], [ -49.295548, -25.521841, 0.0 ], [ -49.295086, -25.522363, 0.0 ], [ -49.293305, -25.519459, 0.0 ], [ -49.28926, -25.512884, 0.0 ], [ -49.287265, -25.510348, 0.0 ], [ -49.284647, -25.507278, 0.0 ], [ -49.287222, -25.505593, 0.0 ], [ -49.288381, -25.504877, 0.0 ], [ -49.287866, -25.504199, 0.0 ], [ -49.288767, -25.503521, 0.0 ], [ -49.289239, -25.503482, 0.0 ], [ -49.290183, -25.502572, 0.0 ], [ -49.290548, -25.502204, 0.0 ], [ -49.290677, -25.502107, 0.0 ], [ -49.290634, -25.501468, 0.0 ], [ -49.290612, -25.500616, 0.0 ], [ -49.293767, -25.497788, 0.0 ], [ -49.294024, -25.497401, 0.0 ], [ -49.293294, -25.496665, 0.0 ], [ -49.292694, -25.495871, 0.0 ], [ -49.292071, -25.494902, 0.0 ], [ -49.294131, -25.494031, 0.0 ], [ -49.29411, -25.494631, 0.0 ], [ -49.294088, -25.494631, 0.0 ] ] ] } },
{ "type": "Feature", "properties": { "Name": "3122", "description": "descrição: <br>IDENTIFICA: 4403122<br>SETOR: 3122 - TER/QUI/SAB - NOTURNO - POSTO 13 - DOMICILIAR<br>APELIDO: 3122<br>MACROSETOR: POSTO 13 - DOMICILIAR<br>COR: 65280.000<br>FREQUENCIA: TER/QUI/SAB - NOTURNO<br>layer: 3122<br>path: G:/Drives compartilhados/J_NEGRAO_CCO/45 - Monitoramento/Paulo Lima/KMLKMZ Curitiba/Noturno/Ter-Qui-Sab/13/3122/3122 - TER/QUI/SAB - NOTURNO - POSTO 13 - DOMICILIAR/3122.shp", "timestamp": null, "begin": null, "end": null, "altitudeMode": null, "tessellate": -1, "extrude": 0, "visibility": -1, "drawOrder": null, "icon": null, "descri____o": "", "id": null, "IDENTIFICA": "4403122", "SETOR": "3122 - TER/QUI/SAB - NOTURNO - POSTO 13 - DOMICILIAR", "APELIDO": "3122", "MACROSETOR": "POSTO 13 - DOMICILIAR", "COR": "65280.000", "FREQUENCIA": "TER/QUI/SAB - NOTURNO", "layer": "3122", "path": "G:/Drives compartilhados/J_NEGRAO_CCO/45 - Monitoramento/Paulo Lima/KMLKMZ Curitiba/Noturno/Ter-Qui-Sab/13/3122/3122 - TER/QUI/SAB - NOTURNO - POSTO 13 - DOMICILIAR/3122.shp", "OBJECTID": null, "TURNO": null, "POSTO": null, "FreqTurno": null, "X_SEMANA": null, "TER": null, "QUI": null, "SAB": null, "SEG": null, "QUA": null, "SEX": null }, "geometry": { "type": "Polygon", "coordinates": [ [ [ -49.293885, -25.494234, 0.0 ], [ -49.292479, -25.495038, 0.0 ], [ -49.293702, -25.496491, 0.0 ], [ -49.294539, -25.497401, 0.0 ], [ -49.293981, -25.498059, 0.0 ], [ -49.291041, -25.500771, 0.0 ], [ -49.29102, -25.501526, 0.0 ], [ -49.291127, -25.502378, 0.0 ], [ -49.290655, -25.502591, 0.0 ], [ -49.290269, -25.502998, 0.0 ], [ -49.289518, -25.503831, 0.0 ], [ -49.288917, -25.503908, 0.0 ], [ -49.288381, -25.504276, 0.0 ], [ -49.288767, -25.504954, 0.0 ], [ -49.288788, -25.504973, 0.0 ], [ -49.284969, -25.507569, 0.0 ], [ -49.281214, -25.502901, 0.0 ], [ -49.286106, -25.498602, 0.0 ], [ -49.286514, -25.496568, 0.0 ], [ -49.286986, -25.494864, 0.0 ], [ -49.287522, -25.494689, 0.0 ], [ -49.288896, -25.493372, 0.0 ], [ -49.289561, -25.492326, 0.0 ], [ -49.290698, -25.48946, 0.0 ], [ -49.291599, -25.48853, 0.0 ], [ -49.291964, -25.487813, 0.0 ], [ -49.292329, -25.486903, 0.0 ], [ -49.291878, -25.484308, 0.0 ], [ -49.292436, -25.482526, 0.0 ], [ -49.292908, -25.481983, 0.0 ], [ -49.293294, -25.483203, 0.0 ], [ -49.293874, -25.48486, 0.0 ], [ -49.294078, -25.485499, 0.0 ], [ -49.294367, -25.487058, 0.0 ], [ -49.294131, -25.488859, 0.0 ], [ -49.293745, -25.491658, 0.0 ], [ -49.293618, -25.492624, 0.0 ], [ -49.29382, -25.493673, 0.0 ], [ -49.293906, -25.494244, 0.0 ], [ -49.293885, -25.494234, 0.0 ] ] ] } },
{ "type": "Feature", "properties": { "Name": "3123", "description": "descrição: <br>IDENTIFICA: 4403123<br>SETOR: 3123 - TER/QUI/SAB - NOTURNO - POSTO 13 - DOMICILIAR<br>APELIDO: 3123<br>MACROSETOR: POSTO 13 - DOMICILIAR<br>COR: 32768.000<br>FREQUENCIA: TER/QUI/SAB - NOTURNO<br>layer: 3123<br>path: G:/Drives compartilhados/J_NEGRAO_CCO/45 - Monitoramento/Paulo Lima/KMLKMZ Curitiba/Noturno/Ter-Qui-Sab/13/3123/3123 - TER/QUI/SAB - NOTURNO - POSTO 13 - DOMICILIAR/3123.shp", "timestamp": null, "begin": null, "end": null, "altitudeMode": null, "tessellate": -1, "extrude": 0, "visibility": -1, "drawOrder": null, "icon": null, "descri____o": "", "id": null, "IDENTIFICA": "4403123", "SETOR": "3123 - TER/QUI/SAB - NOTURNO - POSTO 13 - DOMICILIAR", "APELIDO": "3123", "MACROSETOR": "POSTO 13 - DOMICILIAR", "COR": "32768.000", "FREQUENCIA": "TER/QUI/SAB - NOTURNO", "layer": "3123", "path": "G:/Drives compartilhados/J_NEGRAO_CCO/45 - Monitoramento/Paulo Lima/KMLKMZ Curitiba/Noturno/Ter-Qui-Sab/13/3123/3123 - TER/QUI/SAB - NOTURNO - POSTO 13 - DOMICILIAR/3123.shp", "OBJECTID": null, "TURNO": null, "POSTO": null, "FreqTurno": null, "X_SEMANA": null, "TER": null, "QUI": null, "SAB": null, "SEG": null, "QUA": null, "SEX": null }, "geometry": { "type": "Polygon", "coordinates": [ [ [ -49.287265, -25.4956, 0.0 ], [ -49.286449, -25.498892, 0.0 ], [ -49.284411, -25.500616, 0.0 ], [ -49.281557, -25.503308, 0.0 ], [ -49.277724, -25.498551, 0.0 ], [ -49.275871, -25.4962, 0.0 ], [ -49.274036, -25.494157, 0.0 ], [ -49.268039, -25.486709, 0.0 ], [ -49.26718, -25.485547, 0.0 ], [ -49.2707, -25.483184, 0.0 ], [ -49.275206, -25.488608, 0.0 ], [ -49.27984, -25.494418, 0.0 ], [ -49.281192, -25.494244, 0.0 ], [ -49.28293, -25.49436, 0.0 ], [ -49.284776, -25.494496, 0.0 ], [ -49.286235, -25.494515, 0.0 ], [ -49.287029, -25.494825, 0.0 ], [ -49.287243, -25.495154, 0.0 ], [ -49.287351, -25.495387, 0.0 ], [ -49.287265, -25.4956, 0.0 ] ] ] } },
{ "type": "Feature", "properties": { "Name": "3124", "description": "descrição: <br>IDENTIFICA: 4403124<br>SETOR: 3124 - TER/QUI/SAB - NOTURNO - POSTO 13 - DOMICILIAR<br>APELIDO: 3124<br>MACROSETOR: POSTO 13 - DOMICILIAR<br>COR: 33023.000<br>FREQUENCIA: TER/QUI/SAB - NOTURNO<br>layer: 3124<br>path: G:/Drives compartilhados/J_NEGRAO_CCO/45 - Monitoramento/Paulo Lima/KMLKMZ Curitiba/Noturno/Ter-Qui-Sab/13/3124/3124 - TER/QUI/SAB - NOTURNO - POSTO 13 - DOMICILIAR/3124.shp", "timestamp": null, "begin": null, "end": null, "altitudeMode": null, "tessellate": -1, "extrude": 0, "visibility": -1, "drawOrder": null, "icon": null, "descri____o": "", "id": null, "IDENTIFICA": "4403124", "SETOR": "3124 - TER/QUI/SAB - NOTURNO - POSTO 13 - DOMICILIAR", "APELIDO": "3124", "MACROSETOR": "POSTO 13 - DOMICILIAR", "COR": "33023.000", "FREQUENCIA": "TER/QUI/SAB - NOTURNO", "layer": "3124", "path": "G:/Drives compartilhados/J_NEGRAO_CCO/45 - Monitoramento/Paulo Lima/KMLKMZ Curitiba/Noturno/Ter-Qui-Sab/13/3124/3124 - TER/QUI/SAB - NOTURNO - POSTO 13 - DOMICILIAR/3124.shp", "OBJECTID": null, "TURNO": null, "POSTO": null, "FreqTurno": null, "X_SEMANA": null, "TER": null, "QUI": null, "SAB": null, "SEG": null, "QUA": null, "SEX": null }, "geometry": { "type": "Polygon", "coordinates": [ [ [ -49.279969, -25.494709, 0.0 ], [ -49.279948, -25.494728, 0.0 ], [ -49.279626, -25.494689, 0.0 ], [ -49.277759, -25.492404, 0.0 ], [ -49.27454, -25.488375, 0.0 ], [ -49.270592, -25.483397, 0.0 ], [ -49.274294, -25.480937, 0.0 ], [ -49.275957, -25.482429, 0.0 ], [ -49.277413, -25.48402, 0.0 ], [ -49.278821, -25.485489, 0.0 ], [ -49.281192, -25.485915, 0.0 ], [ -49.281493, -25.486264, 0.0 ], [ -49.282287, -25.487271, 0.0 ], [ -49.283639, -25.488937, 0.0 ], [ -49.284282, -25.48975, 0.0 ], [ -49.283767, -25.49008, 0.0 ], [ -49.283875, -25.490486, 0.0 ], [ -49.284068, -25.490796, 0.0 ], [ -49.284239, -25.490893, 0.0 ], [ -49.284947, -25.491765, 0.0 ], [ -49.285591, -25.492462, 0.0 ], [ -49.286471, -25.493547, 0.0 ], [ -49.2869, -25.494225, 0.0 ], [ -49.2872, -25.495193, 0.0 ], [ -49.286728, -25.495193, 0.0 ], [ -49.286149, -25.494922, 0.0 ], [ -49.284733, -25.494883, 0.0 ], [ -49.281793, -25.494651, 0.0 ], [ -49.280828, -25.494612, 0.0 ], [ -49.279969, -25.494709, 0.0 ] ] ] } },
{ "type": "Feature", "properties": { "Name": "3125", "description": "descrição: <br>IDENTIFICA: 4403125<br>SETOR: 3125 - TER/QUI/SAB - NOTURNO - POSTO 13 - DOMICILIAR<br>APELIDO: 3125<br>MACROSETOR: POSTO 13 - DOMICILIAR<br>COR: 8421631.000<br>FREQUENCIA: TER/QUI/SAB - NOTURNO<br>layer: 3125<br>path: G:/Drives compartilhados/J_NEGRAO_CCO/45 - Monitoramento/Paulo Lima/KMLKMZ Curitiba/Noturno/Ter-Qui-Sab/13/3125/3125 - TER/QUI/SAB - NOTURNO - POSTO 13 - DOMICILIAR/3125.shp", "timestamp": null, "begin": null, "end": null, "altitudeMode": null, "tessellate": -1, "extrude": 0, "visibility": -1, "drawOrder": null, "icon": null, "descri____o": "", "id": null, "IDENTIFICA": "4403125", "SETOR": "3125 - TER/QUI/SAB - NOTURNO - POSTO 13 - DOMICILIAR", "APELIDO": "3125", "MACROSETOR": "POSTO 13 - DOMICILIAR", "COR": "8421631.000", "FREQUENCIA": "TER/QUI/SAB - NOTURNO", "layer": "3125", "path": "G:/Drives compartilhados/J_NEGRAO_CCO/45 - Monitoramento/Paulo Lima/KMLKMZ Curitiba/Noturno/Ter-Qui-Sab/13/3125/3125 - TER/QUI/SAB - NOTURNO - POSTO 13 - DOMICILIAR/3125.shp", "OBJECTID": null, "TURNO": null, "POSTO": null, "FreqTurno": null, "X_SEMANA": null, "TER": null, "QUI": null, "SAB": null, "SEG": null, "QUA": null, "SEX": null }, "geometry": { "type": "MultiPolygon", "coordinates": [ [ [ [ -49.29234, -25.485208, 0.0 ], [ -49.29235, -25.485208, 0.0 ], [ -49.2923407, -25.4852124, 0.0 ], [ -49.29234, -25.485208, 0.0 ] ] ], [ [ [ -49.29234, -25.485208, 0.0 ], [ -49.292329, -25.485218, 0.0 ], [ -49.2923407, -25.4852124, 0.0 ], [ -49.292597, -25.486777, 0.0 ], [ -49.292404, -25.487571, 0.0 ], [ -49.291868, -25.488695, 0.0 ], [ -49.290998, -25.489654, 0.0 ], [ -49.289926, -25.492356, 0.0 ], [ -49.289239, -25.493527, 0.0 ], [ -49.287855, -25.494825, 0.0 ], [ -49.28719, -25.495358, 0.0 ], [ -49.28704, -25.495203, 0.0 ], [ -49.286117, -25.493537, 0.0 ], [ -49.283993, -25.491, 0.0 ], [ -49.283821, -25.490893, 0.0 ], [ -49.28352, -25.49038, 0.0 ], [ -49.283435, -25.489963, 0.0 ], [ -49.283971, -25.489644, 0.0 ], [ -49.283199, -25.488811, 0.0 ], [ -49.281203, -25.486215, 0.0 ], [ -49.279275, -25.485623, 0.0 ], [ -49.278757, -25.485479, 0.0 ], [ -49.275356, -25.481838, 0.0 ], [ -49.275635, -25.481605, 0.0 ], [ -49.282609, -25.48332, 0.0 ], [ -49.285183, -25.485199, 0.0 ], [ -49.29234, -25.485208, 0.0 ] ] ] ] } },
{ "type": "Feature", "properties": { "Name": "3126", "description": "descrição: <br>IDENTIFICA: 4403126<br>SETOR: 3126 - TER/QUI/SAB - NOTURNO - POSTO 13 - DOMICILIAR<br>APELIDO: 3126<br>MACROSETOR: POSTO 13 - DOMICILIAR<br>COR: 8454016.000<br>FREQUENCIA: TER/QUI/SAB - NOTURNO<br>layer: 3126<br>path: G:/Drives compartilhados/J_NEGRAO_CCO/45 - Monitoramento/Paulo Lima/KMLKMZ Curitiba/Noturno/Ter-Qui-Sab/13/3126/3126 - TER/QUI/SAB - NOTURNO - POSTO 13 - DOMICILIAR/3126.shp", "timestamp": null, "begin": null, "end": null, "altitudeMode": null, "tessellate": -1, "extrude": 0, "visibility": -1, "drawOrder": null, "icon": null, "descri____o": "", "id": null, "IDENTIFICA": "4403126", "SETOR": "3126 - TER/QUI/SAB - NOTURNO - POSTO 13 - DOMICILIAR", "APELIDO": "3126", "MACROSETOR": "POSTO 13 - DOMICILIAR", "COR": "8454016.000", "FREQUENCIA": "TER/QUI/SAB - NOTURNO", "layer": "3126", "path": "G:/Drives compartilhados/J_NEGRAO_CCO/45 - Monitoramento/Paulo Lima/KMLKMZ Curitiba/Noturno/Ter-Qui-Sab/13/3126/3126 - TER/QUI/SAB - NOTURNO - POSTO 13 - DOMICILIAR/3126.shp", "OBJECTID": null, "TURNO": null, "POSTO": null, "FreqTurno": null, "X_SEMANA": null, "TER": null, "QUI": null, "SAB": null, "SEG": null, "QUA": null, "SEX": null }, "geometry": { "type": "Polygon", "coordinates": [ [ [ -49.292747, -25.482806, 0.0 ], [ -49.292189, -25.484463, 0.0 ], [ -49.292275, -25.484637, 0.0 ], [ -49.292393, -25.485383, 0.0 ], [ -49.285001, -25.485354, 0.0 ], [ -49.282555, -25.483446, 0.0 ], [ -49.275871, -25.481838, 0.0 ], [ -49.275613, -25.482128, 0.0 ], [ -49.274176, -25.480966, 0.0 ], [ -49.275296, -25.480359, 0.0 ], [ -49.278493, -25.479681, 0.0 ], [ -49.280462, -25.479232, 0.0 ], [ -49.283252, -25.478603, 0.0 ], [ -49.283606, -25.47747, 0.0 ], [ -49.283413, -25.476947, 0.0 ], [ -49.284132, -25.475155, 0.0 ], [ -49.285516, -25.476056, 0.0 ], [ -49.286117, -25.476356, 0.0 ], [ -49.286879, -25.476617, 0.0 ], [ -49.287072, -25.476404, 0.0 ], [ -49.289121, -25.476811, 0.0 ], [ -49.289132, -25.476956, 0.0 ], [ -49.291074, -25.476821, 0.0 ], [ -49.292114, -25.47774, 0.0 ], [ -49.292232, -25.47962, 0.0 ], [ -49.292511, -25.480666, 0.0 ], [ -49.292661, -25.481828, 0.0 ], [ -49.292833, -25.482671, 0.0 ], [ -49.292747, -25.482855, 0.0 ], [ -49.292747, -25.482835, 0.0 ], [ -49.292747, -25.482806, 0.0 ] ] ] } },
{ "type": "Feature", "properties": { "Name": "3127", "description": "descrição: <br>IDENTIFICA: 4403127<br>SETOR: 3127 - TER/QUI/SAB - NOTURNO - POSTO 13 - DOMICILIAR<br>APELIDO: 3127<br>MACROSETOR: POSTO 13 - DOMICILIAR<br>COR: 33023.000<br>FREQUENCIA: TER/QUI/SAB - NOTURNO<br>layer: 3127<br>path: G:/Drives compartilhados/J_NEGRAO_CCO/45 - Monitoramento/Paulo Lima/KMLKMZ Curitiba/Noturno/Ter-Qui-Sab/13/3127/3127 - TER/QUI/SAB - NOTURNO - POSTO 13 - DOMICILIAR/3127.shp", "timestamp": null, "begin": null, "end": null, "altitudeMode": null, "tessellate": -1, "extrude": 0, "visibility": -1, "drawOrder": null, "icon": null, "descri____o": "", "id": null, "IDENTIFICA": "4403127", "SETOR": "3127 - TER/QUI/SAB - NOTURNO - POSTO 13 - DOMICILIAR", "APELIDO": "3127", "MACROSETOR": "POSTO 13 - DOMICILIAR", "COR": "33023.000", "FREQUENCIA": "TER/QUI/SAB - NOTURNO", "layer": "3127", "path": "G:/Drives compartilhados/J_NEGRAO_CCO/45 - Monitoramento/Paulo Lima/KMLKMZ Curitiba/Noturno/Ter-Qui-Sab/13/3127/3127 - TER/QUI/SAB - NOTURNO - POSTO 13 - DOMICILIAR/3127.shp", "OBJECTID": null, "TURNO": null, "POSTO": null, "FreqTurno": null, "X_SEMANA": null, "TER": null, "QUI": null, "SAB": null, "SEG": null, "QUA": null, "SEX": null }, "geometry": { "type": "Polygon", "coordinates": [ [ [ -49.2742226, -25.4809613, 0.0 ], [ -49.271193, -25.478729, 0.0 ], [ -49.264672, -25.4739, 0.0 ], [ -49.262505, -25.47233, 0.0 ], [ -49.262492, -25.472085, 0.0 ], [ -49.263749, -25.472382, 0.0 ], [ -49.266601, -25.473082, 0.0 ], [ -49.269069, -25.473702, 0.0 ], [ -49.270238, -25.470748, 0.0 ], [ -49.270936, -25.471387, 0.0 ], [ -49.271526, -25.471775, 0.0 ], [ -49.272191, -25.472104, 0.0 ], [ -49.273232, -25.472317, 0.0 ], [ -49.274347, -25.472656, 0.0 ], [ -49.274734, -25.47285, 0.0 ], [ -49.275195, -25.473634, 0.0 ], [ -49.275592, -25.473944, 0.0 ], [ -49.276096, -25.47408, 0.0 ], [ -49.277351, -25.474225, 0.0 ], [ -49.278617, -25.474777, 0.0 ], [ -49.280034, -25.475281, 0.0 ], [ -49.28071, -25.475416, 0.0 ], [ -49.2813, -25.475416, 0.0 ], [ -49.281943, -25.475261, 0.0 ], [ -49.283242, -25.474961, 0.0 ], [ -49.283885, -25.474961, 0.0 ], [ -49.285709, -25.476114, 0.0 ], [ -49.285076, -25.477518, 0.0 ], [ -49.283703, -25.47716, 0.0 ], [ -49.283767, -25.477344, 0.0 ], [ -49.286492, -25.477983, 0.0 ], [ -49.284658, -25.478371, 0.0 ], [ -49.283499, -25.478622, 0.0 ], [ -49.275227, -25.480366, 0.0 ], [ -49.274251, -25.480995, 0.0 ], [ -49.2742226, -25.4809613, 0.0 ] ] ] } },
{ "type": "Feature", "properties": { "Name": "1115", "description": "descrição: <br>IDENTIFICA: 4401115<br>SETOR: 1115 - DIARIO NOTURNO - POSTO 14 - DOMICILIAR<br>APELIDO: 1115<br>MACROSETOR: POSTO 14 - DOMICILIAR<br>COR: 4227072.000<br>FREQUENCIA: DIARIO - NOTURNO<br>layer: 1115<br>path: G:/Drives compartilhados/J_NEGRAO_CCO/45 - Monitoramento/Paulo Lima/KMLKMZ Curitiba/Noturno/Seg-Qua-Sex/14/1115/1115 - DIARIO NOTURNO - POSTO 14 - DOMICILIAR/1115.shp", "timestamp": null, "begin": null, "end": null, "altitudeMode": null, "tessellate": -1, "extrude": 0, "visibility": -1, "drawOrder": null, "icon": null, "descri____o": "", "id": null, "IDENTIFICA": "4401115", "SETOR": "1115 - DIARIO NOTURNO - POSTO 14 - DOMICILIAR", "APELIDO": "1115", "MACROSETOR": "POSTO 14 - DOMICILIAR", "COR": "4227072.000", "FREQUENCIA": "DIARIO - NOTURNO", "layer": "1115", "path": "G:/Drives compartilhados/J_NEGRAO_CCO/45 - Monitoramento/Paulo Lima/KMLKMZ Curitiba/Noturno/Seg-Qua-Sex/14/1115/1115 - DIARIO NOTURNO - POSTO 14 - DOMICILIAR/1115.shp", "OBJECTID": null, "TURNO": null, "POSTO": null, "FreqTurno": null, "X_SEMANA": null, "TER": null, "QUI": null, "SAB": null, "SEG": null, "QUA": null, "SEX": null }, "geometry": { "type": "MultiPolygon", "coordinates": [ [ [ [ -49.292126, -25.4776807, 0.0 ], [ -49.292146, -25.477693, 0.0 ], [ -49.292125, -25.477683, 0.0 ], [ -49.292126, -25.4776807, 0.0 ] ] ], [ [ [ -49.292126, -25.4776807, 0.0 ], [ -49.291846, -25.477509, 0.0 ], [ -49.291181, -25.476947, 0.0 ], [ -49.290331, -25.475993, 0.0 ], [ -49.287522, -25.473547, 0.0 ], [ -49.285023, -25.471252, 0.0 ], [ -49.281664, -25.468268, 0.0 ], [ -49.282576, -25.466331, 0.0 ], [ -49.283488, -25.464336, 0.0 ], [ -49.285237, -25.463667, 0.0 ], [ -49.287404, -25.462853, 0.0 ], [ -49.290087, -25.461836, 0.0 ], [ -49.290623, -25.463125, 0.0 ], [ -49.291363, -25.465014, 0.0 ], [ -49.291771, -25.465905, 0.0 ], [ -49.293252, -25.467697, 0.0 ], [ -49.293788, -25.468501, 0.0 ], [ -49.294335, -25.47007, 0.0 ], [ -49.294367, -25.471038, 0.0 ], [ -49.294432, -25.47315, 0.0 ], [ -49.293713, -25.47407, 0.0 ], [ -49.293294, -25.474903, 0.0 ], [ -49.292651, -25.476424, 0.0 ], [ -49.292126, -25.4776807, 0.0 ] ] ] ] } },
{ "type": "Feature", "properties": { "Name": "1116", "description": "descrição: <br>IDENTIFICA: 4401116<br>SETOR: 1116 - DIARIO NOTURNO - POSTO 14 - DOMICILIAR<br>APELIDO: 1116<br>MACROSETOR: POSTO 14 - DOMICILIAR<br>COR: 8388736.000<br>FREQUENCIA: DIARIO - NOTURNO<br>layer: 1116<br>path: G:/Drives compartilhados/J_NEGRAO_CCO/45 - Monitoramento/Paulo Lima/KMLKMZ Curitiba/Noturno/Seg-Qua-Sex/14/1116/1116 - DIARIO NOTURNO - POSTO 14 - DOMICILIAR/1116.shp", "timestamp": null, "begin": null, "end": null, "altitudeMode": null, "tessellate": -1, "extrude": 0, "visibility": -1, "drawOrder": null, "icon": null, "descri____o": "", "id": null, "IDENTIFICA": "4401116", "SETOR": "1116 - DIARIO NOTURNO - POSTO 14 - DOMICILIAR", "APELIDO": "1116", "MACROSETOR": "POSTO 14 - DOMICILIAR", "COR": "8388736.000", "FREQUENCIA": "DIARIO - NOTURNO", "layer": "1116", "path": "G:/Drives compartilhados/J_NEGRAO_CCO/45 - Monitoramento/Paulo Lima/KMLKMZ Curitiba/Noturno/Seg-Qua-Sex/14/1116/1116 - DIARIO NOTURNO - POSTO 14 - DOMICILIAR/1116.shp", "OBJECTID": null, "TURNO": null, "POSTO": null, "FreqTurno": null, "X_SEMANA": null, "TER": null, "QUI": null, "SAB": null, "SEG": null, "QUA": null, "SEX": null }, "geometry": { "type": "Polygon", "coordinates": [ [ [ -49.278607, -25.451645, 0.0 ], [ -49.278607, -25.451655, 0.0 ], [ -49.278285, -25.452372, 0.0 ], [ -49.277963, -25.453089, 0.0 ], [ -49.280398, -25.458746, 0.0 ], [ -49.280956, -25.459977, 0.0 ], [ -49.282415, -25.463348, 0.0 ], [ -49.28351, -25.464345, 0.0 ], [ -49.281686, -25.468268, 0.0 ], [ -49.274304, -25.461546, 0.0 ], [ -49.269262, -25.457012, 0.0 ], [ -49.267052, -25.455055, 0.0 ], [ -49.268017, -25.453079, 0.0 ], [ -49.268661, -25.451781, 0.0 ], [ -49.269369, -25.450328, 0.0 ], [ -49.269841, -25.44932, 0.0 ], [ -49.270292, -25.448468, 0.0 ], [ -49.270592, -25.447732, 0.0 ], [ -49.271408, -25.448003, 0.0 ], [ -49.273038, -25.448642, 0.0 ], [ -49.2763, -25.449863, 0.0 ], [ -49.278982, -25.45088, 0.0 ], [ -49.278832, -25.451142, 0.0 ], [ -49.278607, -25.451645, 0.0 ] ] ] } },
{ "type": "Feature", "properties": { "Name": "1117", "description": "descrição: <br>IDENTIFICA: 4401117<br>SETOR: 1117 - DIARIO NOTURNO - POSTO 14 - DOMICILIAR<br>APELIDO: 1117<br>MACROSETOR: POSTO 14 - DOMICILIAR<br>COR: 4227327.000<br>FREQUENCIA: DIARIO - NOTURNO<br>layer: 1117<br>path: G:/Drives compartilhados/J_NEGRAO_CCO/45 - Monitoramento/Paulo Lima/KMLKMZ Curitiba/Noturno/Seg-Qua-Sex/14/1117/1117 - DIARIO NOTURNO - POSTO 14 - DOMICILIAR/1117.shp", "timestamp": null, "begin": null, "end": null, "altitudeMode": null, "tessellate": -1, "extrude": 0, "visibility": -1, "drawOrder": null, "icon": null, "descri____o": "", "id": null, "IDENTIFICA": "4401117", "SETOR": "1117 - DIARIO NOTURNO - POSTO 14 - DOMICILIAR", "APELIDO": "1117", "MACROSETOR": "POSTO 14 - DOMICILIAR", "COR": "4227327.000", "FREQUENCIA": "DIARIO - NOTURNO", "layer": "1117", "path": "G:/Drives compartilhados/J_NEGRAO_CCO/45 - Monitoramento/Paulo Lima/KMLKMZ Curitiba/Noturno/Seg-Qua-Sex/14/1117/1117 - DIARIO NOTURNO - POSTO 14 - DOMICILIAR/1117.shp", "OBJECTID": null, "TURNO": null, "POSTO": null, "FreqTurno": null, "X_SEMANA": null, "TER": null, "QUI": null, "SAB": null, "SEG": null, "QUA": null, "SEX": null }, "geometry": { "type": "Polygon", "coordinates": [ [ [ -49.257954, -25.439458, 0.0 ], [ -49.258254, -25.439613, 0.0 ], [ -49.25922, -25.439904, 0.0 ], [ -49.260142, -25.440485, 0.0 ], [ -49.266215, -25.44281, 0.0 ], [ -49.271901, -25.44498, 0.0 ], [ -49.268618, -25.451897, 0.0 ], [ -49.267073, -25.455075, 0.0 ], [ -49.262288, -25.450812, 0.0 ], [ -49.259992, -25.449844, 0.0 ], [ -49.258705, -25.452672, 0.0 ], [ -49.258469, -25.452944, 0.0 ], [ -49.258104, -25.452575, 0.0 ], [ -49.257482, -25.452517, 0.0 ], [ -49.254188, -25.452246, 0.0 ], [ -49.254606, -25.448303, 0.0 ], [ -49.256559, -25.443953, 0.0 ], [ -49.257825, -25.441182, 0.0 ], [ -49.25643, -25.440698, 0.0 ], [ -49.257138, -25.440388, 0.0 ], [ -49.257567, -25.439942, 0.0 ], [ -49.257932, -25.439419, 0.0 ], [ -49.257954, -25.439458, 0.0 ] ] ] } },
{ "type": "Feature", "properties": { "Name": "1118", "description": "descrição: <br>IDENTIFICA: 4401118<br>SETOR: 1118 - DIARIO NOTURNO - POSTO 14 - DOMICILIAR<br>APELIDO: 1118<br>MACROSETOR: POSTO 14 - DOMICILIAR<br>COR: 16744576.000<br>FREQUENCIA: DIARIO - NOTURNO<br>layer: 1118<br>path: G:/Drives compartilhados/J_NEGRAO_CCO/45 - Monitoramento/Paulo Lima/KMLKMZ Curitiba/Noturno/Seg-Qua-Sex/14/1118/1118 - DIARIO NOTURNO - POSTO 14 - DOMICILIAR/1118.shp", "timestamp": null, "begin": null, "end": null, "altitudeMode": null, "tessellate": -1, "extrude": 0, "visibility": -1, "drawOrder": null, "icon": null, "descri____o": "", "id": null, "IDENTIFICA": "4401118", "SETOR": "1118 - DIARIO NOTURNO - POSTO 14 - DOMICILIAR", "APELIDO": "1118", "MACROSETOR": "POSTO 14 - DOMICILIAR", "COR": "16744576.000", "FREQUENCIA": "DIARIO - NOTURNO", "layer": "1118", "path": "G:/Drives compartilhados/J_NEGRAO_CCO/45 - Monitoramento/Paulo Lima/KMLKMZ Curitiba/Noturno/Seg-Qua-Sex/14/1118/1118 - DIARIO NOTURNO - POSTO 14 - DOMICILIAR/1118.shp", "OBJECTID": null, "TURNO": null, "POSTO": null, "FreqTurno": null, "X_SEMANA": null, "TER": null, "QUI": null, "SAB": null, "SEG": null, "QUA": null, "SEX": null }, "geometry": { "type": "Polygon", "coordinates": [ [ [ -49.289303, -25.462146, 0.0 ], [ -49.289293, -25.462156, 0.0 ], [ -49.288488, -25.462466, 0.0 ], [ -49.28763, -25.462766, 0.0 ], [ -49.287394, -25.462853, 0.0 ], [ -49.286868, -25.463067, 0.0 ], [ -49.286331, -25.46327, 0.0 ], [ -49.285001, -25.463774, 0.0 ], [ -49.283478, -25.464345, 0.0 ], [ -49.28233, -25.463289, 0.0 ], [ -49.280956, -25.459899, 0.0 ], [ -49.277909, -25.452982, 0.0 ], [ -49.28027, -25.448216, 0.0 ], [ -49.286063, -25.450405, 0.0 ], [ -49.288016, -25.4512, 0.0 ], [ -49.28778, -25.453215, 0.0 ], [ -49.289067, -25.459453, 0.0 ], [ -49.290097, -25.461817, 0.0 ], [ -49.289636, -25.462011, 0.0 ], [ -49.289303, -25.462146, 0.0 ] ] ] } },
{ "type": "Feature", "properties": { "Name": "1119", "description": "descrição: <br>IDENTIFICA: 4401119<br>SETOR: 1119 - DIARIO NOTURNO - POSTO 14 - DOMICILIAR<br>APELIDO: 1119<br>MACROSETOR: POSTO 14 - DOMICILIAR<br>COR: 8453888.000<br>FREQUENCIA: DIARIO - NOTURNO<br>layer: 1119<br>path: G:/Drives compartilhados/J_NEGRAO_CCO/45 - Monitoramento/Paulo Lima/KMLKMZ Curitiba/Noturno/Seg-Qua-Sex/14/1119/1119 - DIARIO NOTURNO - POSTO 14 - DOMICILIAR/1119.shp", "timestamp": null, "begin": null, "end": null, "altitudeMode": null, "tessellate": -1, "extrude": 0, "visibility": -1, "drawOrder": null, "icon": null, "descri____o": "", "id": null, "IDENTIFICA": "4401119", "SETOR": "1119 - DIARIO NOTURNO - POSTO 14 - DOMICILIAR", "APELIDO": "1119", "MACROSETOR": "POSTO 14 - DOMICILIAR", "COR": "8453888.000", "FREQUENCIA": "DIARIO - NOTURNO", "layer": "1119", "path": "G:/Drives compartilhados/J_NEGRAO_CCO/45 - Monitoramento/Paulo Lima/KMLKMZ Curitiba/Noturno/Seg-Qua-Sex/14/1119/1119 - DIARIO NOTURNO - POSTO 14 - DOMICILIAR/1119.shp", "OBJECTID": null, "TURNO": null, "POSTO": null, "FreqTurno": null, "X_SEMANA": null, "TER": null, "QUI": null, "SAB": null, "SEG": null, "QUA": null, "SEX": null }, "geometry": { "type": "Polygon", "coordinates": [ [ [ -49.298863, -25.460519, 0.0 ], [ -49.298916, -25.460519, 0.0 ], [ -49.301084, -25.460112, 0.0 ], [ -49.302114, -25.459918, 0.0 ], [ -49.301706, -25.460887, 0.0 ], [ -49.301341, -25.462359, 0.0 ], [ -49.300998, -25.463057, 0.0 ], [ -49.300848, -25.46358, 0.0 ], [ -49.300783, -25.465169, 0.0 ], [ -49.300418, -25.466253, 0.0 ], [ -49.300161, -25.466583, 0.0 ], [ -49.298788, -25.467474, 0.0 ], [ -49.296878, -25.46852, 0.0 ], [ -49.296277, -25.469082, 0.0 ], [ -49.295505, -25.470109, 0.0 ], [ -49.295311, -25.470535, 0.0 ], [ -49.295204, -25.470942, 0.0 ], [ -49.29529, -25.47222, 0.0 ], [ -49.295462, -25.472937, 0.0 ], [ -49.295805, -25.47377, 0.0 ], [ -49.29559, -25.480666, 0.0 ], [ -49.292114, -25.47838, 0.0 ], [ -49.292136, -25.47776, 0.0 ], [ -49.292436, -25.476676, 0.0 ], [ -49.293724, -25.473964, 0.0 ], [ -49.294367, -25.473208, 0.0 ], [ -49.294389, -25.470632, 0.0 ], [ -49.294303, -25.469992, 0.0 ], [ -49.293788, -25.468481, 0.0 ], [ -49.291728, -25.465769, 0.0 ], [ -49.290226, -25.462146, 0.0 ], [ -49.290162, -25.462069, 0.0 ], [ -49.28969, -25.460916, 0.0 ], [ -49.291242, -25.460674, 0.0 ], [ -49.292926, -25.460342, 0.0 ], [ -49.298645, -25.459296, 0.0 ], [ -49.298863, -25.460519, 0.0 ] ] ] } },
{ "type": "Feature", "properties": { "Name": "1120", "description": "descrição: <br>IDENTIFICA: 4401120<br>SETOR: 1120 - DIARIO NOTURNO - POSTO 14 - DOMICILIAR<br>APELIDO: 1120<br>MACROSETOR: POSTO 14 - DOMICILIAR<br>COR: 32896.000<br>FREQUENCIA: DIARIO - NOTURNO<br>layer: 1120<br>path: G:/Drives compartilhados/J_NEGRAO_CCO/45 - Monitoramento/Paulo Lima/KMLKMZ Curitiba/Noturno/Seg-Qua-Sex/14/1120/1120 - DIARIO NOTURNO - POSTO 14 - DOMICILIAR/1120.shp", "timestamp": null, "begin": null, "end": null, "altitudeMode": null, "tessellate": -1, "extrude": 0, "visibility": -1, "drawOrder": null, "icon": null, "descri____o": "", "id": null, "IDENTIFICA": "4401120", "SETOR": "1120 - DIARIO NOTURNO - POSTO 14 - DOMICILIAR", "APELIDO": "1120", "MACROSETOR": "POSTO 14 - DOMICILIAR", "COR": "32896.000", "FREQUENCIA": "DIARIO - NOTURNO", "layer": "1120", "path": "G:/Drives compartilhados/J_NEGRAO_CCO/45 - Monitoramento/Paulo Lima/KMLKMZ Curitiba/Noturno/Seg-Qua-Sex/14/1120/1120 - DIARIO NOTURNO - POSTO 14 - DOMICILIAR/1120.shp", "OBJECTID": null, "TURNO": null, "POSTO": null, "FreqTurno": null, "X_SEMANA": null, "TER": null, "QUI": null, "SAB": null, "SEG": null, "QUA": null, "SEX": null }, "geometry": { "type": "Polygon", "coordinates": [ [ [ -49.305311, -25.455462, 0.0 ], [ -49.302414, -25.463716, 0.0 ], [ -49.301298, -25.467048, 0.0 ], [ -49.299871, -25.466534, 0.0 ], [ -49.300408, -25.465043, 0.0 ], [ -49.300461, -25.463483, 0.0 ], [ -49.30059, -25.463057, 0.0 ], [ -49.301298, -25.461827, 0.0 ], [ -49.30147, -25.460267, 0.0 ], [ -49.29882, -25.460674, 0.0 ], [ -49.29853, -25.459482, 0.0 ], [ -49.289722, -25.461013, 0.0 ], [ -49.289024, -25.459434, 0.0 ], [ -49.28778, -25.453157, 0.0 ], [ -49.287909, -25.451955, 0.0 ], [ -49.288005, -25.451161, 0.0 ], [ -49.300257, -25.45585, 0.0 ], [ -49.303197, -25.456935, 0.0 ], [ -49.303862, -25.454988, 0.0 ], [ -49.305289, -25.455424, 0.0 ], [ -49.305311, -25.455462, 0.0 ] ] ] } },
{ "type": "Feature", "properties": { "Name": "1121", "description": "descrição: <br>IDENTIFICA: 4401121<br>SETOR: 1121 - DIARIO NOTURNO - POSTO 14 - DOMICILIAR<br>APELIDO: 1121<br>MACROSETOR: POSTO 14 - DOMICILIAR<br>COR: 8421631.000<br>FREQUENCIA: DIARIO - NOTURNO<br>layer: 1121<br>path: G:/Drives compartilhados/J_NEGRAO_CCO/45 - Monitoramento/Paulo Lima/KMLKMZ Curitiba/Noturno/Seg-Qua-Sex/14/1121/1121 - DIARIO NOTURNO - POSTO 14 - DOMICILIAR/1121.shp", "timestamp": null, "begin": null, "end": null, "altitudeMode": null, "tessellate": -1, "extrude": 0, "visibility": -1, "drawOrder": null, "icon": null, "descri____o": "", "id": null, "IDENTIFICA": "4401121", "SETOR": "1121 - DIARIO NOTURNO - POSTO 14 - DOMICILIAR", "APELIDO": "1121", "MACROSETOR": "POSTO 14 - DOMICILIAR", "COR": "8421631.000", "FREQUENCIA": "DIARIO - NOTURNO", "layer": "1121", "path": "G:/Drives compartilhados/J_NEGRAO_CCO/45 - Monitoramento/Paulo Lima/KMLKMZ Curitiba/Noturno/Seg-Qua-Sex/14/1121/1121 - DIARIO NOTURNO - POSTO 14 - DOMICILIAR/1121.shp", "OBJECTID": null, "TURNO": null, "POSTO": null, "FreqTurno": null, "X_SEMANA": null, "TER": null, "QUI": null, "SAB": null, "SEG": null, "QUA": null, "SEX": null }, "geometry": { "type": "Polygon", "coordinates": [ [ [ -49.303079, -25.456896, 0.0 ], [ -49.303079, -25.456915, 0.0 ], [ -49.295998, -25.454203, 0.0 ], [ -49.288145, -25.45118, 0.0 ], [ -49.29102, -25.445542, 0.0 ], [ -49.288059, -25.444457, 0.0 ], [ -49.288917, -25.443004, 0.0 ], [ -49.291814, -25.444283, 0.0 ], [ -49.293681, -25.444825, 0.0 ], [ -49.294453, -25.445058, 0.0 ], [ -49.297092, -25.44684, 0.0 ], [ -49.298273, -25.448778, 0.0 ], [ -49.300139, -25.449417, 0.0 ], [ -49.304646, -25.449379, 0.0 ], [ -49.304624, -25.450483, 0.0 ], [ -49.304624, -25.452188, 0.0 ], [ -49.304088, -25.454242, 0.0 ], [ -49.303079, -25.456896, 0.0 ] ] ] } },
{ "type": "Feature", "properties": { "Name": "1122", "description": "descrição: <br>IDENTIFICA: 4401122<br>SETOR: 1122 - DIARIO NOTURNO - POSTO 14 - DOMICILIAR<br>APELIDO: 1122<br>MACROSETOR: POSTO 14 - DOMICILIAR<br>COR: 255.000<br>FREQUENCIA: DIARIO - NOTURNO<br>layer: 1122<br>path: G:/Drives compartilhados/J_NEGRAO_CCO/45 - Monitoramento/Paulo Lima/KMLKMZ Curitiba/Noturno/Seg-Qua-Sex/14/1122/1122 - DIARIO NOTURNO - POSTO 14 - DOMICILIAR/1122.shp", "timestamp": null, "begin": null, "end": null, "altitudeMode": null, "tessellate": -1, "extrude": 0, "visibility": -1, "drawOrder": null, "icon": null, "descri____o": "", "id": null, "IDENTIFICA": "4401122", "SETOR": "1122 - DIARIO NOTURNO - POSTO 14 - DOMICILIAR", "APELIDO": "1122", "MACROSETOR": "POSTO 14 - DOMICILIAR", "COR": "255.000", "FREQUENCIA": "DIARIO - NOTURNO", "layer": "1122", "path": "G:/Drives compartilhados/J_NEGRAO_CCO/45 - Monitoramento/Paulo Lima/KMLKMZ Curitiba/Noturno/Seg-Qua-Sex/14/1122/1122 - DIARIO NOTURNO - POSTO 14 - DOMICILIAR/1122.shp", "OBJECTID": null, "TURNO": null, "POSTO": null, "FreqTurno": null, "X_SEMANA": null, "TER": null, "QUI": null, "SAB": null, "SEG": null, "QUA": null, "SEX": null }, "geometry": { "type": "Polygon", "coordinates": [ [ [ -49.302736, -25.449475, 0.0 ], [ -49.300182, -25.449495, 0.0 ], [ -49.298208, -25.448739, 0.0 ], [ -49.297457, -25.447344, 0.0 ], [ -49.296964, -25.446802, 0.0 ], [ -49.294603, -25.445155, 0.0 ], [ -49.294088, -25.444922, 0.0 ], [ -49.291814, -25.444321, 0.0 ], [ -49.288939, -25.442965, 0.0 ], [ -49.294861, -25.432424, 0.0 ], [ -49.307886, -25.437462, 0.0 ], [ -49.30707, -25.439535, 0.0 ], [ -49.305289, -25.442636, 0.0 ], [ -49.304882, -25.443682, 0.0 ], [ -49.304817, -25.445038, 0.0 ], [ -49.304581, -25.449417, 0.0 ], [ -49.302714, -25.449475, 0.0 ], [ -49.302736, -25.449475, 0.0 ] ] ] } },
{ "type": "Feature", "properties": { "Name": "1123", "description": "descrição: <br>IDENTIFICA: 4401123<br>SETOR: 1123 - DIARIO NOTURNO - POSTO 14 - DOMICILIAR<br>APELIDO: 1123<br>MACROSETOR: POSTO 14 - DOMICILIAR<br>COR: 4210816.000<br>FREQUENCIA: DIARIO - NOTURNO<br>layer: 1123<br>path: G:/Drives compartilhados/J_NEGRAO_CCO/45 - Monitoramento/Paulo Lima/KMLKMZ Curitiba/Noturno/Seg-Qua-Sex/14/1123/1123 - DIARIO NOTURNO - POSTO 14 - DOMICILIAR/1123.shp", "timestamp": null, "begin": null, "end": null, "altitudeMode": null, "tessellate": -1, "extrude": 0, "visibility": -1, "drawOrder": null, "icon": null, "descri____o": "", "id": null, "IDENTIFICA": "4401123", "SETOR": "1123 - DIARIO NOTURNO - POSTO 14 - DOMICILIAR", "APELIDO": "1123", "MACROSETOR": "POSTO 14 - DOMICILIAR", "COR": "4210816.000", "FREQUENCIA": "DIARIO - NOTURNO", "layer": "1123", "path": "G:/Drives compartilhados/J_NEGRAO_CCO/45 - Monitoramento/Paulo Lima/KMLKMZ Curitiba/Noturno/Seg-Qua-Sex/14/1123/1123 - DIARIO NOTURNO - POSTO 14 - DOMICILIAR/1123.shp", "OBJECTID": null, "TURNO": null, "POSTO": null, "FreqTurno": null, "X_SEMANA": null, "TER": null, "QUI": null, "SAB": null, "SEG": null, "QUA": null, "SEX": null }, "geometry": { "type": "Polygon", "coordinates": [ [ [ -49.294904, -25.432424, 0.0 ], [ -49.297661, -25.427521, 0.0 ], [ -49.298916, -25.426833, 0.0 ], [ -49.2997, -25.426087, 0.0 ], [ -49.300579, -25.426445, 0.0 ], [ -49.300268, -25.42694, 0.0 ], [ -49.300354, -25.427347, 0.0 ], [ -49.300869, -25.428829, 0.0 ], [ -49.30118, -25.429275, 0.0 ], [ -49.30177, -25.429682, 0.0 ], [ -49.302725, -25.430418, 0.0 ], [ -49.303111, -25.430612, 0.0 ], [ -49.304066, -25.430728, 0.0 ], [ -49.305354, -25.431048, 0.0 ], [ -49.305944, -25.431377, 0.0 ], [ -49.306555, -25.431406, 0.0 ], [ -49.307242, -25.431668, 0.0 ], [ -49.307489, -25.431658, 0.0 ], [ -49.308894, -25.431445, 0.0 ], [ -49.309581, -25.431271, 0.0 ], [ -49.309924, -25.431397, 0.0 ], [ -49.311051, -25.431833, 0.0 ], [ -49.312563, -25.431949, 0.0 ], [ -49.313754, -25.431968, 0.0 ], [ -49.312671, -25.432492, 0.0 ], [ -49.310107, -25.43441, 0.0 ], [ -49.309656, -25.434739, 0.0 ], [ -49.309001, -25.435466, 0.0 ], [ -49.30854, -25.436067, 0.0 ], [ -49.307918, -25.437491, 0.0 ], [ -49.301245, -25.434894, 0.0 ], [ -49.294925, -25.432414, 0.0 ], [ -49.294904, -25.432424, 0.0 ] ] ] } },
{ "type": "Feature", "properties": { "Name": "1124", "description": "descrição: <br>IDENTIFICA: 4401124<br>SETOR: 1124 - DIARIO NOTURNO - POSTO 14 - DOMICILIAR<br>APELIDO: 1124<br>MACROSETOR: POSTO 14 - DOMICILIAR<br>COR: 65535.000<br>FREQUENCIA: DIARIO - NOTURNO<br>layer: 1124<br>path: G:/Drives compartilhados/J_NEGRAO_CCO/45 - Monitoramento/Paulo Lima/KMLKMZ Curitiba/Noturno/Seg-Qua-Sex/14/1124/1124 - DIARIO NOTURNO - POSTO 14 - DOMICILIAR/1124.shp", "timestamp": null, "begin": null, "end": null, "altitudeMode": null, "tessellate": -1, "extrude": 0, "visibility": -1, "drawOrder": null, "icon": null, "descri____o": "", "id": null, "IDENTIFICA": "4401124", "SETOR": "1124 - DIARIO NOTURNO - POSTO 14 - DOMICILIAR", "APELIDO": "1124", "MACROSETOR": "POSTO 14 - DOMICILIAR", "COR": "65535.000", "FREQUENCIA": "DIARIO - NOTURNO", "layer": "1124", "path": "G:/Drives compartilhados/J_NEGRAO_CCO/45 - Monitoramento/Paulo Lima/KMLKMZ Curitiba/Noturno/Seg-Qua-Sex/14/1124/1124 - DIARIO NOTURNO - POSTO 14 - DOMICILIAR/1124.shp", "OBJECTID": null, "TURNO": null, "POSTO": null, "FreqTurno": null, "X_SEMANA": null, "TER": null, "QUI": null, "SAB": null, "SEG": null, "QUA": null, "SEX": null }, "geometry": { "type": "Polygon", "coordinates": [ [ [ -49.287844, -25.451093, 0.0 ], [ -49.278907, -25.447664, 0.0 ], [ -49.281589, -25.44188, 0.0 ], [ -49.290998, -25.44561, 0.0 ], [ -49.288134, -25.45119, 0.0 ], [ -49.287866, -25.451093, 0.0 ], [ -49.287844, -25.451093, 0.0 ] ] ] } },
{ "type": "Feature", "properties": { "Name": "1125", "description": "descrição: <br>IDENTIFICA: 4401125<br>SETOR: 1125 - DIARIO NOTURNO - POSTO 14 - DOMICILIAR<br>APELIDO: 1125<br>MACROSETOR: POSTO 14 - DOMICILIAR<br>COR: 16711808.000<br>FREQUENCIA: DIARIO - NOTURNO<br>layer: 1125<br>path: G:/Drives compartilhados/J_NEGRAO_CCO/45 - Monitoramento/Paulo Lima/KMLKMZ Curitiba/Noturno/Seg-Qua-Sex/14/1125/1125 - DIARIO NOTURNO - POSTO 14 - DOMICILIAR/1125.shp", "timestamp": null, "begin": null, "end": null, "altitudeMode": null, "tessellate": -1, "extrude": 0, "visibility": -1, "drawOrder": null, "icon": null, "descri____o": "", "id": null, "IDENTIFICA": "4401125", "SETOR": "1125 - DIARIO NOTURNO - POSTO 14 - DOMICILIAR", "APELIDO": "1125", "MACROSETOR": "POSTO 14 - DOMICILIAR", "COR": "16711808.000", "FREQUENCIA": "DIARIO - NOTURNO", "layer": "1125", "path": "G:/Drives compartilhados/J_NEGRAO_CCO/45 - Monitoramento/Paulo Lima/KMLKMZ Curitiba/Noturno/Seg-Qua-Sex/14/1125/1125 - DIARIO NOTURNO - POSTO 14 - DOMICILIAR/1125.shp", "OBJECTID": null, "TURNO": null, "POSTO": null, "FreqTurno": null, "X_SEMANA": null, "TER": null, "QUI": null, "SAB": null, "SEG": null, "QUA": null, "SEX": null }, "geometry": { "type": "Polygon", "coordinates": [ [ [ -49.280184, -25.448468, 0.0 ], [ -49.278982, -25.45087, 0.0 ], [ -49.270614, -25.447674, 0.0 ], [ -49.271901, -25.444961, 0.0 ], [ -49.266129, -25.44281, 0.0 ], [ -49.268296, -25.438276, 0.0 ], [ -49.281021, -25.44312, 0.0 ], [ -49.278918, -25.447615, 0.0 ], [ -49.280334, -25.448197, 0.0 ], [ -49.280205, -25.448449, 0.0 ], [ -49.280184, -25.448468, 0.0 ] ] ] } },
{ "type": "Feature", "properties": { "Name": "2141", "description": "descrição: <br>IDENTIFICA: 4402141<br>SETOR: 2141 - SEG/QUA/SEX - NOTURNO - POSTO 14 - DOMICILIAR<br>APELIDO: 2141<br>MACROSETOR: POSTO 14 - DOMICILIAR<br>COR: 9982546.000<br>FREQUENCIA: SEG/QUA/SEX - NOTURNO<br>layer: 2141<br>path: G:/Drives compartilhados/J_NEGRAO_CCO/45 - Monitoramento/Paulo Lima/KMLKMZ Curitiba/Noturno/Seg-Qua-Sex/14/2141/2141 - SEG/QUA/SEX - NOTURNO - POSTO 14 - DOMICILIAR/2141.shp", "timestamp": null, "begin": null, "end": null, "altitudeMode": null, "tessellate": -1, "extrude": 0, "visibility": -1, "drawOrder": null, "icon": null, "descri____o": "", "id": null, "IDENTIFICA": "4402141", "SETOR": "2141 - SEG/QUA/SEX - NOTURNO - POSTO 14 - DOMICILIAR", "APELIDO": "2141", "MACROSETOR": "POSTO 14 - DOMICILIAR", "COR": "9982546.000", "FREQUENCIA": "SEG/QUA/SEX - NOTURNO", "layer": "2141", "path": "G:/Drives compartilhados/J_NEGRAO_CCO/45 - Monitoramento/Paulo Lima/KMLKMZ Curitiba/Noturno/Seg-Qua-Sex/14/2141/2141 - SEG/QUA/SEX - NOTURNO - POSTO 14 - DOMICILIAR/2141.shp", "OBJECTID": null, "TURNO": null, "POSTO": null, "FreqTurno": null, "X_SEMANA": null, "TER": null, "QUI": null, "SAB": null, "SEG": null, "QUA": null, "SEX": null }, "geometry": { "type": "Polygon", "coordinates": [ [ [ -49.27719, -25.464181, 0.0 ], [ -49.277201, -25.464171, 0.0 ], [ -49.27719, -25.464142, 0.0 ], [ -49.277791, -25.464694, 0.0 ], [ -49.278274, -25.465091, 0.0 ], [ -49.286986, -25.473014, 0.0 ], [ -49.291374, -25.477063, 0.0 ], [ -49.290473, -25.477121, 0.0 ], [ -49.289786, -25.477179, 0.0 ], [ -49.28896, -25.477373, 0.0 ], [ -49.288906, -25.477179, 0.0 ], [ -49.288874, -25.477024, 0.0 ], [ -49.287233, -25.476637, 0.0 ], [ -49.286986, -25.476782, 0.0 ], [ -49.285838, -25.476482, 0.0 ], [ -49.2841, -25.475349, 0.0 ], [ -49.283842, -25.475203, 0.0 ], [ -49.283542, -25.475126, 0.0 ], [ -49.283274, -25.475136, 0.0 ], [ -49.281375, -25.47562, 0.0 ], [ -49.280763, -25.475649, 0.0 ], [ -49.28028, -25.475571, 0.0 ], [ -49.27969, -25.475387, 0.0 ], [ -49.277308, -25.474496, 0.0 ], [ -49.276976, -25.474419, 0.0 ], [ -49.276794, -25.474438, 0.0 ], [ -49.276042, -25.474332, 0.0 ], [ -49.275613, -25.474235, 0.0 ], [ -49.27527, -25.474041, 0.0 ], [ -49.274916, -25.473605, 0.0 ], [ -49.274498, -25.472908, 0.0 ], [ -49.27336, -25.47252, 0.0 ], [ -49.275356, -25.468084, 0.0 ], [ -49.27719, -25.464181, 0.0 ] ] ] } },
{ "type": "Feature", "properties": { "Name": "2142", "description": "descrição: <br>IDENTIFICA: 4402142<br>SETOR: 2142 - SEG/QUA/SEX - NOTURNO - POSTO 14 - DOMICILIAR<br>APELIDO: 2142<br>MACROSETOR: POSTO 14 - DOMICILIAR<br>COR: 7625152.000<br>FREQUENCIA: SEG/QUA/SEX - NOTURNO<br>layer: 2142<br>path: G:/Drives compartilhados/J_NEGRAO_CCO/45 - Monitoramento/Paulo Lima/KMLKMZ Curitiba/Noturno/Seg-Qua-Sex/14/2142/2142 - SEG/QUA/SEX - NOTURNO - POSTO 14 - DOMICILIAR/2142.shp", "timestamp": null, "begin": null, "end": null, "altitudeMode": null, "tessellate": -1, "extrude": 0, "visibility": -1, "drawOrder": null, "icon": null, "descri____o": "", "id": null, "IDENTIFICA": "4402142", "SETOR": "2142 - SEG/QUA/SEX - NOTURNO - POSTO 14 - DOMICILIAR", "APELIDO": "2142", "MACROSETOR": "POSTO 14 - DOMICILIAR", "COR": "7625152.000", "FREQUENCIA": "SEG/QUA/SEX - NOTURNO", "layer": "2142", "path": "G:/Drives compartilhados/J_NEGRAO_CCO/45 - Monitoramento/Paulo Lima/KMLKMZ Curitiba/Noturno/Seg-Qua-Sex/14/2142/2142 - SEG/QUA/SEX - NOTURNO - POSTO 14 - DOMICILIAR/2142.shp", "OBJECTID": null, "TURNO": null, "POSTO": null, "FreqTurno": null, "X_SEMANA": null, "TER": null, "QUI": null, "SAB": null, "SEG": null, "QUA": null, "SEX": null }, "geometry": { "type": "MultiPolygon", "coordinates": [ [ [ [ -49.277373, -25.464297, 0.0 ], [ -49.277351, -25.464297, 0.0 ], [ -49.277373, -25.464336, 0.0 ], [ -49.275077, -25.469295, 0.0 ], [ -49.273532, -25.472666, 0.0 ], [ -49.272674, -25.472453, 0.0 ], [ -49.271901, -25.472201, 0.0 ], [ -49.271257, -25.47191, 0.0 ], [ -49.270249, -25.471058, 0.0 ], [ -49.270056, -25.470787, 0.0 ], [ -49.269519, -25.470535, 0.0 ], [ -49.271472, -25.466137, 0.0 ], [ -49.270292, -25.465188, 0.0 ], [ -49.272738, -25.460132, 0.0 ], [ -49.277373, -25.464297, 0.0 ] ] ], [ [ [ -49.267631, -25.456741, 0.0 ], [ -49.262589, -25.467067, 0.0 ], [ -49.261408, -25.466563, 0.0 ], [ -49.260915, -25.467513, 0.0 ], [ -49.258769, -25.466641, 0.0 ], [ -49.260593, -25.462747, 0.0 ], [ -49.260808, -25.462805, 0.0 ], [ -49.262975, -25.458233, 0.0 ], [ -49.265206, -25.453486, 0.0 ], [ -49.268082, -25.455908, 0.0 ], [ -49.267653, -25.456741, 0.0 ], [ -49.267674, -25.456799, 0.0 ], [ -49.267631, -25.456741, 0.0 ] ] ] ] } },
{ "type": "Feature", "properties": { "Name": "2143", "description": "descrição: <br>IDENTIFICA: 4402143<br>SETOR: 2143 - SEG/QUA/SEX - NOTURNO - POSTO 14 - DOMICILIAR<br>APELIDO: 2143<br>MACROSETOR: POSTO 14 - DOMICILIAR<br>COR: 4568417.000<br>FREQUENCIA: SEG/QUA/SEX - NOTURNO<br>layer: 2143<br>path: G:/Drives compartilhados/J_NEGRAO_CCO/45 - Monitoramento/Paulo Lima/KMLKMZ Curitiba/Noturno/Seg-Qua-Sex/14/2143/2143 - SEG/QUA/SEX - NOTURNO - POSTO 14 - DOMICILIAR/2143.shp", "timestamp": null, "begin": null, "end": null, "altitudeMode": null, "tessellate": -1, "extrude": 0, "visibility": -1, "drawOrder": null, "icon": null, "descri____o": "", "id": null, "IDENTIFICA": "4402143", "SETOR": "2143 - SEG/QUA/SEX - NOTURNO - POSTO 14 - DOMICILIAR", "APELIDO": "2143", "MACROSETOR": "POSTO 14 - DOMICILIAR", "COR": "4568417.000", "FREQUENCIA": "SEG/QUA/SEX - NOTURNO", "layer": "2143", "path": "G:/Drives compartilhados/J_NEGRAO_CCO/45 - Monitoramento/Paulo Lima/KMLKMZ Curitiba/Noturno/Seg-Qua-Sex/14/2143/2143 - SEG/QUA/SEX - NOTURNO - POSTO 14 - DOMICILIAR/2143.shp", "OBJECTID": null, "TURNO": null, "POSTO": null, "FreqTurno": null, "X_SEMANA": null, "TER": null, "QUI": null, "SAB": null, "SEG": null, "QUA": null, "SEX": null }, "geometry": { "type": "MultiPolygon", "coordinates": [ [ [ [ -49.261151, -25.463193, 0.0 ], [ -49.261086, -25.463212, 0.0 ], [ -49.2611023, -25.463178, 0.0 ], [ -49.261151, -25.463193, 0.0 ] ] ], [ [ [ -49.2611023, -25.463178, 0.0 ], [ -49.261086, -25.463173, 0.0 ], [ -49.260743, -25.462941, 0.0 ], [ -49.259391, -25.465905, 0.0 ], [ -49.258962, -25.466815, 0.0 ], [ -49.255207, -25.465246, 0.0 ], [ -49.25348, -25.468665, 0.0 ], [ -49.250358, -25.460674, 0.0 ], [ -49.249349, -25.458117, 0.0 ], [ -49.250765, -25.455869, 0.0 ], [ -49.25231, -25.453079, 0.0 ], [ -49.252739, -25.451955, 0.0 ], [ -49.258318, -25.452459, 0.0 ], [ -49.259863, -25.44963, 0.0 ], [ -49.262395, -25.450754, 0.0 ], [ -49.265657, -25.453738, 0.0 ], [ -49.263082, -25.459047, 0.0 ], [ -49.2611023, -25.463178, 0.0 ] ] ] ] } },
{ "type": "Feature", "properties": { "Name": "3141", "description": "descrição: <br>IDENTIFICA: 4403141<br>SETOR: 3141 - TER/QUI/SAB - NOTURNO - POSTO 14 - DOMICILIAR<br>APELIDO: 3141<br>MACROSETOR: POSTO 14 - DOMICILIAR<br>COR: 7096982.000<br>FREQUENCIA: TER/QUI/SAB - NOTURNO<br>layer: 3141<br>path: G:/Drives compartilhados/J_NEGRAO_CCO/45 - Monitoramento/Paulo Lima/KMLKMZ Curitiba/Noturno/Ter-Qui-Sab/14/3141/3141 - TER/QUI/SAB - NOTURNO - POSTO 14 - DOMICILIAR/3141.shp", "timestamp": null, "begin": null, "end": null, "altitudeMode": null, "tessellate": -1, "extrude": 0, "visibility": -1, "drawOrder": null, "icon": null, "descri____o": "", "id": null, "IDENTIFICA": "4403141", "SETOR": "3141 - TER/QUI/SAB - NOTURNO - POSTO 14 - DOMICILIAR", "APELIDO": "3141", "MACROSETOR": "POSTO 14 - DOMICILIAR", "COR": "7096982.000", "FREQUENCIA": "TER/QUI/SAB - NOTURNO", "layer": "3141", "path": "G:/Drives compartilhados/J_NEGRAO_CCO/45 - Monitoramento/Paulo Lima/KMLKMZ Curitiba/Noturno/Ter-Qui-Sab/14/3141/3141 - TER/QUI/SAB - NOTURNO - POSTO 14 - DOMICILIAR/3141.shp", "OBJECTID": null, "TURNO": null, "POSTO": null, "FreqTurno": null, "X_SEMANA": null, "TER": null, "QUI": null, "SAB": null, "SEG": null, "QUA": null, "SEX": null }, "geometry": { "type": "Polygon", "coordinates": [ [ [ -49.301609, -25.46575, 0.0 ], [ -49.302092, -25.464471, 0.0 ], [ -49.30235, -25.463735, 0.0 ], [ -49.302779, -25.462553, 0.0 ], [ -49.303562, -25.460325, 0.0 ], [ -49.3053, -25.455414, 0.0 ], [ -49.303777, -25.455007, 0.0 ], [ -49.304356, -25.453234, 0.0 ], [ -49.304656, -25.45214, 0.0 ], [ -49.30456, -25.449999, 0.0 ], [ -49.304635, -25.449408, 0.0 ], [ -49.306373, -25.449233, 0.0 ], [ -49.30692, -25.449078, 0.0 ], [ -49.307735, -25.448206, 0.0 ], [ -49.308486, -25.447683, 0.0 ], [ -49.30928, -25.447344, 0.0 ], [ -49.309742, -25.447228, 0.0 ], [ -49.310493, -25.447489, 0.0 ], [ -49.31163, -25.447887, 0.0 ], [ -49.31207, -25.44809, 0.0 ], [ -49.312639, -25.449146, 0.0 ], [ -49.313658, -25.449989, 0.0 ], [ -49.315106, -25.450754, 0.0 ], [ -49.315407, -25.450909, 0.0 ], [ -49.315793, -25.451461, 0.0 ], [ -49.315804, -25.451752, 0.0 ], [ -49.315396, -25.452324, 0.0 ], [ -49.314001, -25.452924, 0.0 ], [ -49.313422, -25.453447, 0.0 ], [ -49.313669, -25.454765, 0.0 ], [ -49.309838, -25.453612, 0.0 ], [ -49.308068, -25.458465, 0.0 ], [ -49.312885, -25.45988, 0.0 ], [ -49.312156, -25.461701, 0.0 ], [ -49.311126, -25.464742, 0.0 ], [ -49.309774, -25.464742, 0.0 ], [ -49.308551, -25.468481, 0.0 ], [ -49.301352, -25.466341, 0.0 ], [ -49.301384, -25.466234, 0.0 ], [ -49.301459, -25.46606, 0.0 ], [ -49.301545, -25.465895, 0.0 ], [ -49.301609, -25.46575, 0.0 ] ] ] } },
{ "type": "Feature", "properties": { "Name": "3142", "description": "descrição: <br>IDENTIFICA: 4403142<br>SETOR: 3142 - TER/QUI/SAB - NOTURNO - POSTO 14 - DOMICILIAR<br>APELIDO: 3142<br>MACROSETOR: POSTO 14 - DOMICILIAR<br>COR: 8362936.000<br>FREQUENCIA: TER/QUI/SAB - NOTURNO<br>layer: 3142<br>path: G:/Drives compartilhados/J_NEGRAO_CCO/45 - Monitoramento/Paulo Lima/KMLKMZ Curitiba/Noturno/Ter-Qui-Sab/14/3142/3142 - TER/QUI/SAB - NOTURNO - POSTO 14 - DOMICILIAR/3142.shp", "timestamp": null, "begin": null, "end": null, "altitudeMode": null, "tessellate": -1, "extrude": 0, "visibility": -1, "drawOrder": null, "icon": null, "descri____o": "", "id": null, "IDENTIFICA": "4403142", "SETOR": "3142 - TER/QUI/SAB - NOTURNO - POSTO 14 - DOMICILIAR", "APELIDO": "3142", "MACROSETOR": "POSTO 14 - DOMICILIAR", "COR": "8362936.000", "FREQUENCIA": "TER/QUI/SAB - NOTURNO", "layer": "3142", "path": "G:/Drives compartilhados/J_NEGRAO_CCO/45 - Monitoramento/Paulo Lima/KMLKMZ Curitiba/Noturno/Ter-Qui-Sab/14/3142/3142 - TER/QUI/SAB - NOTURNO - POSTO 14 - DOMICILIAR/3142.shp", "OBJECTID": null, "TURNO": null, "POSTO": null, "FreqTurno": null, "X_SEMANA": null, "TER": null, "QUI": null, "SAB": null, "SEG": null, "QUA": null, "SEX": null }, "geometry": { "type": "Polygon", "coordinates": [ [ [ -49.301202, -25.466253, 0.0 ], [ -49.30633, -25.467813, 0.0 ], [ -49.308486, -25.468472, 0.0 ], [ -49.308132, -25.469498, 0.0 ], [ -49.308583, -25.469682, 0.0 ], [ -49.3106, -25.472763, 0.0 ], [ -49.309474, -25.473014, 0.0 ], [ -49.303798, -25.475639, 0.0 ], [ -49.30059, -25.474903, 0.0 ], [ -49.298273, -25.475281, 0.0 ], [ -49.2972, -25.475271, 0.0 ], [ -49.295816, -25.47468, 0.0 ], [ -49.295816, -25.473741, 0.0 ], [ -49.295376, -25.472821, 0.0 ], [ -49.295226, -25.472104, 0.0 ], [ -49.295161, -25.470932, 0.0 ], [ -49.295354, -25.470273, 0.0 ], [ -49.296256, -25.469101, 0.0 ], [ -49.296781, -25.468617, 0.0 ], [ -49.297586, -25.468084, 0.0 ], [ -49.298863, -25.467493, 0.0 ], [ -49.300215, -25.466612, 0.0 ], [ -49.301191, -25.466253, 0.0 ], [ -49.301202, -25.466253, 0.0 ] ] ] } },
{ "type": "Feature", "properties": { "Name": "3143", "description": "descrição: <br>IDENTIFICA: 4403143<br>SETOR: 3143 - TER/QUI/SAB - NOTURNO - POSTO 14 - DOMICILIAR<br>APELIDO: 3143<br>MACROSETOR: POSTO 14 - DOMICILIAR<br>COR: 2478617.000<br>FREQUENCIA: TER/QUI/SAB - NOTURNO<br>layer: 3143<br>path: G:/Drives compartilhados/J_NEGRAO_CCO/45 - Monitoramento/Paulo Lima/KMLKMZ Curitiba/Noturno/Ter-Qui-Sab/14/3143/3143 - TER/QUI/SAB - NOTURNO - POSTO 14 - DOMICILIAR/3143.shp", "timestamp": null, "begin": null, "end": null, "altitudeMode": null, "tessellate": -1, "extrude": 0, "visibility": -1, "drawOrder": null, "icon": null, "descri____o": "", "id": null, "IDENTIFICA": "4403143", "SETOR": "3143 - TER/QUI/SAB - NOTURNO - POSTO 14 - DOMICILIAR", "APELIDO": "3143", "MACROSETOR": "POSTO 14 - DOMICILIAR", "COR": "2478617.000", "FREQUENCIA": "TER/QUI/SAB - NOTURNO", "layer": "3143", "path": "G:/Drives compartilhados/J_NEGRAO_CCO/45 - Monitoramento/Paulo Lima/KMLKMZ Curitiba/Noturno/Ter-Qui-Sab/14/3143/3143 - TER/QUI/SAB - NOTURNO - POSTO 14 - DOMICILIAR/3143.shp", "OBJECTID": null, "TURNO": null, "POSTO": null, "FreqTurno": null, "X_SEMANA": null, "TER": null, "QUI": null, "SAB": null, "SEG": null, "QUA": null, "SEX": null }, "geometry": { "type": "Polygon", "coordinates": [ [ [ -49.308041, -25.483276, 0.0 ], [ -49.307939, -25.48362, 0.0 ], [ -49.307424, -25.483295, 0.0 ], [ -49.306003, -25.48286, 0.0 ], [ -49.30538, -25.482622, 0.0 ], [ -49.305128, -25.482647, 0.0 ], [ -49.304973, -25.48255, 0.0 ], [ -49.303798, -25.482216, 0.0 ], [ -49.303546, -25.482133, 0.0 ], [ -49.303294, -25.482104, 0.0 ], [ -49.302875, -25.482128, 0.0 ], [ -49.302183, -25.482298, 0.0 ], [ -49.301287, -25.482564, 0.0 ], [ -49.301089, -25.482642, 0.0 ], [ -49.300418, -25.482734, 0.0 ], [ -49.298321, -25.482588, 0.0 ], [ -49.298358, -25.482865, 0.0 ], [ -49.295633, -25.482923, 0.0 ], [ -49.293166, -25.483029, 0.0 ], [ -49.292694, -25.481857, 0.0 ], [ -49.292458, -25.480831, 0.0 ], [ -49.292232, -25.479697, 0.0 ], [ -49.291986, -25.477605, 0.0 ], [ -49.293241, -25.478613, 0.0 ], [ -49.294507, -25.479465, 0.0 ], [ -49.295666, -25.480288, 0.0 ], [ -49.295805, -25.474613, 0.0 ], [ -49.2972, -25.475261, 0.0 ], [ -49.298369, -25.475242, 0.0 ], [ -49.300622, -25.474913, 0.0 ], [ -49.30383, -25.475707, 0.0 ], [ -49.304281, -25.475436, 0.0 ], [ -49.308218, -25.473566, 0.0 ], [ -49.30809, -25.478438, 0.0 ], [ -49.308041, -25.483276, 0.0 ] ] ] } },
{ "type": "Feature", "properties": { "Name": "2128", "description": "descrição: <br>IDENTIFICA: 4402128<br>SETOR: 2128 - SEG/QUA/SEX - NOTURNO - POSTO 15 - DOMICILIAR<br>APELIDO: 2128<br>MACROSETOR: POSTO 15 - DOMICILIAR<br>COR: 4210816.000<br>FREQUENCIA: SEG/QUA/SEX - NOTURNO<br>layer: 2128<br>path: G:/Drives compartilhados/J_NEGRAO_CCO/45 - Monitoramento/Paulo Lima/KMLKMZ Curitiba/Noturno/Seg-Qua-Sex/15/2128/2128 - SEG/QUA/SEX - NOTURNO - POSTO 15 - DOMICILIAR/2128.shp", "timestamp": null, "begin": null, "end": null, "altitudeMode": null, "tessellate": -1, "extrude": 0, "visibility": -1, "drawOrder": null, "icon": null, "descri____o": "", "id": null, "IDENTIFICA": "4402128", "SETOR": "2128 - SEG/QUA/SEX - NOTURNO - POSTO 15 - DOMICILIAR", "APELIDO": "2128", "MACROSETOR": "POSTO 15 - DOMICILIAR", "COR": "4210816.000", "FREQUENCIA": "SEG/QUA/SEX - NOTURNO", "layer": "2128", "path": "G:/Drives compartilhados/J_NEGRAO_CCO/45 - Monitoramento/Paulo Lima/KMLKMZ Curitiba/Noturno/Seg-Qua-Sex/15/2128/2128 - SEG/QUA/SEX - NOTURNO - POSTO 15 - DOMICILIAR/2128.shp", "OBJECTID": null, "TURNO": null, "POSTO": null, "FreqTurno": null, "X_SEMANA": null, "TER": null, "QUI": null, "SAB": null, "SEG": null, "QUA": null, "SEX": null }, "geometry": { "type": "Polygon", "coordinates": [ [ [ -49.223342, -25.429033, 0.0 ], [ -49.2286, -25.428509, 0.0 ], [ -49.230091, -25.431765, 0.0 ], [ -49.230617, -25.432443, 0.0 ], [ -49.231418, -25.433073, 0.0 ], [ -49.233513, -25.434798, 0.0 ], [ -49.233857, -25.435495, 0.0 ], [ -49.2342, -25.436144, 0.0 ], [ -49.23553, -25.436357, 0.0 ], [ -49.238298, -25.438838, 0.0 ], [ -49.236893, -25.44064, 0.0 ], [ -49.236142, -25.441541, 0.0 ], [ -49.235648, -25.44187, 0.0 ], [ -49.23494, -25.441958, 0.0 ], [ -49.233628, -25.441928, 0.0 ], [ -49.232022, -25.441977, 0.0 ], [ -49.230574, -25.441948, 0.0 ], [ -49.229844, -25.441802, 0.0 ], [ -49.229297, -25.441502, 0.0 ], [ -49.228757, -25.441018, 0.0 ], [ -49.226668, -25.439245, 0.0 ], [ -49.22566, -25.438896, 0.0 ], [ -49.226175, -25.436706, 0.0 ], [ -49.225531, -25.436532, 0.0 ], [ -49.224844, -25.43659, 0.0 ], [ -49.224394, -25.435466, 0.0 ], [ -49.224008, -25.434458, 0.0 ], [ -49.223342, -25.429033, 0.0 ] ] ] } },
{ "type": "Feature", "properties": { "Name": "2129", "description": "descrição: <br>IDENTIFICA: 4402129<br>SETOR: 2129 - SEG/QUA/SEX - NOTURNO - POSTO 15 - DOMICILIAR<br>APELIDO: 2129<br>MACROSETOR: POSTO 15 - DOMICILIAR<br>COR: 16711680.000<br>FREQUENCIA: SEG/QUA/SEX - NOTURNO<br>layer: 2129<br>path: G:/Drives compartilhados/J_NEGRAO_CCO/45 - Monitoramento/Paulo Lima/KMLKMZ Curitiba/Noturno/Seg-Qua-Sex/15/2129/2129 - SEG/QUA/SEX - NOTURNO - POSTO 15 - DOMICILIAR/2129.shp", "timestamp": null, "begin": null, "end": null, "altitudeMode": null, "tessellate": -1, "extrude": 0, "visibility": -1, "drawOrder": null, "icon": null, "descri____o": "", "id": null, "IDENTIFICA": "4402129", "SETOR": "2129 - SEG/QUA/SEX - NOTURNO - POSTO 15 - DOMICILIAR", "APELIDO": "2129", "MACROSETOR": "POSTO 15 - DOMICILIAR", "COR": "16711680.000", "FREQUENCIA": "SEG/QUA/SEX - NOTURNO", "layer": "2129", "path": "G:/Drives compartilhados/J_NEGRAO_CCO/45 - Monitoramento/Paulo Lima/KMLKMZ Curitiba/Noturno/Seg-Qua-Sex/15/2129/2129 - SEG/QUA/SEX - NOTURNO - POSTO 15 - DOMICILIAR/2129.shp", "OBJECTID": null, "TURNO": null, "POSTO": null, "FreqTurno": null, "X_SEMANA": null, "TER": null, "QUI": null, "SAB": null, "SEG": null, "QUA": null, "SEX": null }, "geometry": { "type": "Polygon", "coordinates": [ [ [ -49.2286, -25.4285, 0.0 ], [ -49.228535, -25.428471, 0.0 ], [ -49.228557, -25.428471, 0.0 ], [ -49.232054, -25.428102, 0.0 ], [ -49.239243, -25.427337, 0.0 ], [ -49.239979, -25.427366, 0.0 ], [ -49.241009, -25.427831, 0.0 ], [ -49.241288, -25.428393, 0.0 ], [ -49.24038, -25.430486, 0.0 ], [ -49.239672, -25.431629, 0.0 ], [ -49.239371, -25.432075, 0.0 ], [ -49.237955, -25.433276, 0.0 ], [ -49.242161, -25.435127, 0.0 ], [ -49.244403, -25.435185, 0.0 ], [ -49.245766, -25.435224, 0.0 ], [ -49.248244, -25.435524, 0.0 ], [ -49.248802, -25.435912, 0.0 ], [ -49.24583, -25.436784, 0.0 ], [ -49.243609, -25.437423, 0.0 ], [ -49.241721, -25.43752, 0.0 ], [ -49.239876, -25.437656, 0.0 ], [ -49.23925, -25.437849, 0.0 ], [ -49.238019, -25.439041, 0.0 ], [ -49.235166, -25.436551, 0.0 ], [ -49.233975, -25.436222, 0.0 ], [ -49.233964, -25.436241, 0.0 ], [ -49.233857, -25.435515, 0.0 ], [ -49.233492, -25.434836, 0.0 ], [ -49.233095, -25.434439, 0.0 ], [ -49.230263, -25.432162, 0.0 ], [ -49.229394, -25.430321, 0.0 ], [ -49.2286, -25.4285, 0.0 ] ] ] } },
{ "type": "Feature", "properties": { "Name": "2130", "description": "descrição: <br>IDENTIFICA: 4402130<br>SETOR: 2130 - SEG/QUA/SEX - NOTURNO - POSTO 15 - DOMICILIAR<br>APELIDO: 2130<br>MACROSETOR: POSTO 15 - DOMICILIAR<br>COR: 33023.000<br>FREQUENCIA: SEG/QUA/SEX - NOTURNO<br>layer: 2130<br>path: G:/Drives compartilhados/J_NEGRAO_CCO/45 - Monitoramento/Paulo Lima/KMLKMZ Curitiba/Noturno/Seg-Qua-Sex/15/2130/2130 - SEG/QUA/SEX - NOTURNO - POSTO 15 - DOMICILIAR/2130.shp", "timestamp": null, "begin": null, "end": null, "altitudeMode": null, "tessellate": -1, "extrude": 0, "visibility": -1, "drawOrder": null, "icon": null, "descri____o": "", "id": null, "IDENTIFICA": "4402130", "SETOR": "2130 - SEG/QUA/SEX - NOTURNO - POSTO 15 - DOMICILIAR", "APELIDO": "2130", "MACROSETOR": "POSTO 15 - DOMICILIAR", "COR": "33023.000", "FREQUENCIA": "SEG/QUA/SEX - NOTURNO", "layer": "2130", "path": "G:/Drives compartilhados/J_NEGRAO_CCO/45 - Monitoramento/Paulo Lima/KMLKMZ Curitiba/Noturno/Seg-Qua-Sex/15/2130/2130 - SEG/QUA/SEX - NOTURNO - POSTO 15 - DOMICILIAR/2130.shp", "OBJECTID": null, "TURNO": null, "POSTO": null, "FreqTurno": null, "X_SEMANA": null, "TER": null, "QUI": null, "SAB": null, "SEG": null, "QUA": null, "SEX": null }, "geometry": { "type": "Polygon", "coordinates": [ [ [ -49.2286, -25.428548, 0.0 ], [ -49.228578, -25.428529, 0.0 ], [ -49.22699, -25.424944, 0.0 ], [ -49.223669, -25.417464, 0.0 ], [ -49.221116, -25.411825, 0.0 ], [ -49.219802, -25.409032, 0.0 ], [ -49.221712, -25.409865, 0.0 ], [ -49.228535, -25.412559, 0.0 ], [ -49.239886, -25.417405, 0.0 ], [ -49.239092, -25.419071, 0.0 ], [ -49.237676, -25.41849, 0.0 ], [ -49.23714, -25.419769, 0.0 ], [ -49.234458, -25.425506, 0.0 ], [ -49.233706, -25.427172, 0.0 ], [ -49.233127, -25.427347, 0.0 ], [ -49.233241, -25.427984, 0.0 ], [ -49.2286, -25.428548, 0.0 ] ] ] } },
{ "type": "Feature", "properties": { "Name": "2131", "description": "descrição: <br>IDENTIFICA: 4402131<br>SETOR: 2131 - SEG/QUA/SEX - NOTURNO - POSTO 15 - DOMICILIAR<br>APELIDO: 2131<br>MACROSETOR: POSTO 15 - DOMICILIAR<br>COR: 16711935.000<br>FREQUENCIA: SEG/QUA/SEX - NOTURNO<br>layer: 2131<br>path: G:/Drives compartilhados/J_NEGRAO_CCO/45 - Monitoramento/Paulo Lima/KMLKMZ Curitiba/Noturno/Seg-Qua-Sex/15/2131/2131 - SEG/QUA/SEX - NOTURNO - POSTO 15 - DOMICILIAR/2131.shp", "timestamp": null, "begin": null, "end": null, "altitudeMode": null, "tessellate": -1, "extrude": 0, "visibility": -1, "drawOrder": null, "icon": null, "descri____o": "", "id": null, "IDENTIFICA": "4402131", "SETOR": "2131 - SEG/QUA/SEX - NOTURNO - POSTO 15 - DOMICILIAR", "APELIDO": "2131", "MACROSETOR": "POSTO 15 - DOMICILIAR", "COR": "16711935.000", "FREQUENCIA": "SEG/QUA/SEX - NOTURNO", "layer": "2131", "path": "G:/Drives compartilhados/J_NEGRAO_CCO/45 - Monitoramento/Paulo Lima/KMLKMZ Curitiba/Noturno/Seg-Qua-Sex/15/2131/2131 - SEG/QUA/SEX - NOTURNO - POSTO 15 - DOMICILIAR/2131.shp", "OBJECTID": null, "TURNO": null, "POSTO": null, "FreqTurno": null, "X_SEMANA": null, "TER": null, "QUI": null, "SAB": null, "SEG": null, "QUA": null, "SEX": null }, "geometry": { "type": "Polygon", "coordinates": [ [ [ -49.228557, -25.42849, 0.0 ], [ -49.223235, -25.429052, 0.0 ], [ -49.210403, -25.430447, 0.0 ], [ -49.203623, -25.431203, 0.0 ], [ -49.202507, -25.430021, 0.0 ], [ -49.200818, -25.428317, 0.0 ], [ -49.198264, -25.425933, 0.0 ], [ -49.197765, -25.424614, 0.0 ], [ -49.198022, -25.421746, 0.0 ], [ -49.202464, -25.42349, 0.0 ], [ -49.204438, -25.424246, 0.0 ], [ -49.205554, -25.42192, 0.0 ], [ -49.20697, -25.419033, 0.0 ], [ -49.211798, -25.420874, 0.0 ], [ -49.212528, -25.420622, 0.0 ], [ -49.213794, -25.41787, 0.0 ], [ -49.215489, -25.417773, 0.0 ], [ -49.217399, -25.417366, 0.0 ], [ -49.218171, -25.416862, 0.0 ], [ -49.218944, -25.41723, 0.0 ], [ -49.224566, -25.41942, 0.0 ], [ -49.228578, -25.428451, 0.0 ], [ -49.228557, -25.42849, 0.0 ] ] ] } },
{ "type": "Feature", "properties": { "Name": "2132", "description": "descrição: <br>IDENTIFICA: 4402132<br>SETOR: 2132 - SEG/QUA/SEX - NOTURNO - POSTO 15 - DOMICILIAR<br>APELIDO: 2132<br>MACROSETOR: POSTO 15 - DOMICILIAR<br>COR: 4227072.000<br>FREQUENCIA: SEG/QUA/SEX - NOTURNO<br>layer: 2132<br>path: G:/Drives compartilhados/J_NEGRAO_CCO/45 - Monitoramento/Paulo Lima/KMLKMZ Curitiba/Noturno/Seg-Qua-Sex/15/2132/2132 - SEG/QUA/SEX - NOTURNO - POSTO 15 - DOMICILIAR/2132.shp", "timestamp": null, "begin": null, "end": null, "altitudeMode": null, "tessellate": -1, "extrude": 0, "visibility": -1, "drawOrder": null, "icon": null, "descri____o": "", "id": null, "IDENTIFICA": "4402132", "SETOR": "2132 - SEG/QUA/SEX - NOTURNO - POSTO 15 - DOMICILIAR", "APELIDO": "2132", "MACROSETOR": "POSTO 15 - DOMICILIAR", "COR": "4227072.000", "FREQUENCIA": "SEG/QUA/SEX - NOTURNO", "layer": "2132", "path": "G:/Drives compartilhados/J_NEGRAO_CCO/45 - Monitoramento/Paulo Lima/KMLKMZ Curitiba/Noturno/Seg-Qua-Sex/15/2132/2132 - SEG/QUA/SEX - NOTURNO - POSTO 15 - DOMICILIAR/2132.shp", "OBJECTID": null, "TURNO": null, "POSTO": null, "FreqTurno": null, "X_SEMANA": null, "TER": null, "QUI": null, "SAB": null, "SEG": null, "QUA": null, "SEX": null }, "geometry": { "type": "Polygon", "coordinates": [ [ [ -49.198258, -25.42224, 0.0 ], [ -49.198258, -25.422279, 0.0 ], [ -49.198237, -25.422259, 0.0 ], [ -49.198065, -25.422075, 0.0 ], [ -49.19828, -25.41975, 0.0 ], [ -49.197974, -25.417876, 0.0 ], [ -49.197357, -25.416978, 0.0 ], [ -49.197164, -25.416639, 0.0 ], [ -49.197057, -25.415612, 0.0 ], [ -49.197335, -25.41504, 0.0 ], [ -49.198344, -25.413209, 0.0 ], [ -49.19843, -25.412114, 0.0 ], [ -49.197583, -25.41065, 0.0 ], [ -49.201928, -25.412288, 0.0 ], [ -49.207807, -25.414624, 0.0 ], [ -49.207893, -25.414459, 0.0 ], [ -49.209127, -25.414934, 0.0 ], [ -49.208762, -25.415748, 0.0 ], [ -49.20712, -25.419246, 0.0 ], [ -49.204588, -25.424624, 0.0 ], [ -49.202185, -25.423742, 0.0 ], [ -49.198258, -25.42224, 0.0 ] ] ] } },
{ "type": "Feature", "properties": { "Name": "2133", "description": "descrição: <br>IDENTIFICA: 4402133<br>SETOR: 2133 - SEG/QUA/SEX - NOTURNO - POSTO 15 - DOMICILIAR<br>APELIDO: 2133<br>MACROSETOR: POSTO 15 - DOMICILIAR<br>COR: 16711680.000<br>FREQUENCIA: SEG/QUA/SEX - NOTURNO<br>layer: 2133<br>path: G:/Drives compartilhados/J_NEGRAO_CCO/45 - Monitoramento/Paulo Lima/KMLKMZ Curitiba/Noturno/Seg-Qua-Sex/15/2133/2133 - SEG/QUA/SEX - NOTURNO - POSTO 15 - DOMICILIAR/2133.shp", "timestamp": null, "begin": null, "end": null, "altitudeMode": null, "tessellate": -1, "extrude": 0, "visibility": -1, "drawOrder": null, "icon": null, "descri____o": "", "id": null, "IDENTIFICA": "4402133", "SETOR": "2133 - SEG/QUA/SEX - NOTURNO - POSTO 15 - DOMICILIAR", "APELIDO": "2133", "MACROSETOR": "POSTO 15 - DOMICILIAR", "COR": "16711680.000", "FREQUENCIA": "SEG/QUA/SEX - NOTURNO", "layer": "2133", "path": "G:/Drives compartilhados/J_NEGRAO_CCO/45 - Monitoramento/Paulo Lima/KMLKMZ Curitiba/Noturno/Seg-Qua-Sex/15/2133/2133 - SEG/QUA/SEX - NOTURNO - POSTO 15 - DOMICILIAR/2133.shp", "OBJECTID": null, "TURNO": null, "POSTO": null, "FreqTurno": null, "X_SEMANA": null, "TER": null, "QUI": null, "SAB": null, "SEG": null, "QUA": null, "SEX": null }, "geometry": { "type": "Polygon", "coordinates": [ [ [ -49.197593, -25.410805, 0.0 ], [ -49.197218, -25.41036, 0.0 ], [ -49.196338, -25.409042, 0.0 ], [ -49.19489, -25.406745, 0.0 ], [ -49.194621, -25.405621, 0.0 ], [ -49.194707, -25.405311, 0.0 ], [ -49.194621, -25.403072, 0.0 ], [ -49.194557, -25.401977, 0.0 ], [ -49.195329, -25.401889, 0.0 ], [ -49.196767, -25.402452, 0.0 ], [ -49.198988, -25.403343, 0.0 ], [ -49.208859, -25.407181, 0.0 ], [ -49.212217, -25.408392, 0.0 ], [ -49.210682, -25.411726, 0.0 ], [ -49.209577, -25.411241, 0.0 ], [ -49.208698, -25.413044, 0.0 ], [ -49.209813, -25.413509, 0.0 ], [ -49.209052, -25.415011, 0.0 ], [ -49.208032, -25.414614, 0.0 ], [ -49.207904, -25.414808, 0.0 ], [ -49.202282, -25.412608, 0.0 ], [ -49.197615, -25.410786, 0.0 ], [ -49.197615, -25.410796, 0.0 ], [ -49.197593, -25.410805, 0.0 ] ] ] } },
{ "type": "Feature", "properties": { "Name": "2134", "description": "descrição: <br>IDENTIFICA: 4402134<br>SETOR: 2134 - SEG/QUA/SEX - NOTURNO - POSTO 15 - DOMICILIAR<br>APELIDO: 2134<br>MACROSETOR: POSTO 15 - DOMICILIAR<br>COR: 8421631.000<br>FREQUENCIA: SEG/QUA/SEX - NOTURNO<br>layer: 2134<br>path: G:/Drives compartilhados/J_NEGRAO_CCO/45 - Monitoramento/Paulo Lima/KMLKMZ Curitiba/Noturno/Seg-Qua-Sex/15/2134/2134 - SEG/QUA/SEX - NOTURNO - POSTO 15 - DOMICILIAR/2134.shp", "timestamp": null, "begin": null, "end": null, "altitudeMode": null, "tessellate": -1, "extrude": 0, "visibility": -1, "drawOrder": null, "icon": null, "descri____o": "", "id": null, "IDENTIFICA": "4402134", "SETOR": "2134 - SEG/QUA/SEX - NOTURNO - POSTO 15 - DOMICILIAR", "APELIDO": "2134", "MACROSETOR": "POSTO 15 - DOMICILIAR", "COR": "8421631.000", "FREQUENCIA": "SEG/QUA/SEX - NOTURNO", "layer": "2134", "path": "G:/Drives compartilhados/J_NEGRAO_CCO/45 - Monitoramento/Paulo Lima/KMLKMZ Curitiba/Noturno/Seg-Qua-Sex/15/2134/2134 - SEG/QUA/SEX - NOTURNO - POSTO 15 - DOMICILIAR/2134.shp", "OBJECTID": null, "TURNO": null, "POSTO": null, "FreqTurno": null, "X_SEMANA": null, "TER": null, "QUI": null, "SAB": null, "SEG": null, "QUA": null, "SEX": null }, "geometry": { "type": "Polygon", "coordinates": [ [ [ -49.206884, -25.419226, 0.0 ], [ -49.206841, -25.419207, 0.0 ], [ -49.206863, -25.419207, 0.0 ], [ -49.20888, -25.41504, 0.0 ], [ -49.209481, -25.413703, 0.0 ], [ -49.208472, -25.413141, 0.0 ], [ -49.209052, -25.411842, 0.0 ], [ -49.208344, -25.411523, 0.0 ], [ -49.208483, -25.411309, 0.0 ], [ -49.209148, -25.41159, 0.0 ], [ -49.209352, -25.411125, 0.0 ], [ -49.210393, -25.411726, 0.0 ], [ -49.211959, -25.40848, 0.0 ], [ -49.213, -25.40597, 0.0 ], [ -49.210983, -25.405078, 0.0 ], [ -49.212249, -25.401793, 0.0 ], [ -49.216986, -25.402657, 0.0 ], [ -49.220252, -25.409865, 0.0 ], [ -49.224759, -25.419944, 0.0 ], [ -49.2183, -25.417385, 0.0 ], [ -49.215274, -25.417792, 0.0 ], [ -49.213858, -25.41785, 0.0 ], [ -49.213343, -25.418587, 0.0 ], [ -49.212378, -25.420893, 0.0 ], [ -49.211455, -25.421048, 0.0 ], [ -49.206884, -25.419226, 0.0 ] ] ] } },
{ "type": "Feature", "properties": { "Name": "2135", "description": "descrição: <br>IDENTIFICA: 4402135<br>SETOR: 2135 - SEG/QUA/SEX - NOTURNO - POSTO 15 - DOMICILIAR<br>APELIDO: 2135<br>MACROSETOR: POSTO 15 - DOMICILIAR<br>COR: 9323263.000<br>FREQUENCIA: SEG/QUA/SEX - NOTURNO<br>layer: 2135<br>path: G:/Drives compartilhados/J_NEGRAO_CCO/45 - Monitoramento/Paulo Lima/KMLKMZ Curitiba/Noturno/Seg-Qua-Sex/15/2135/2135 - SEG/QUA/SEX - NOTURNO - POSTO 15 - DOMICILIAR/2135.shp", "timestamp": null, "begin": null, "end": null, "altitudeMode": null, "tessellate": -1, "extrude": 0, "visibility": -1, "drawOrder": null, "icon": null, "descri____o": "", "id": null, "IDENTIFICA": "4402135", "SETOR": "2135 - SEG/QUA/SEX - NOTURNO - POSTO 15 - DOMICILIAR", "APELIDO": "2135", "MACROSETOR": "POSTO 15 - DOMICILIAR", "COR": "9323263.000", "FREQUENCIA": "SEG/QUA/SEX - NOTURNO", "layer": "2135", "path": "G:/Drives compartilhados/J_NEGRAO_CCO/45 - Monitoramento/Paulo Lima/KMLKMZ Curitiba/Noturno/Seg-Qua-Sex/15/2135/2135 - SEG/QUA/SEX - NOTURNO - POSTO 15 - DOMICILIAR/2135.shp", "OBJECTID": null, "TURNO": null, "POSTO": null, "FreqTurno": null, "X_SEMANA": null, "TER": null, "QUI": null, "SAB": null, "SEG": null, "QUA": null, "SEX": null }, "geometry": { "type": "Polygon", "coordinates": [ [ [ -49.194525, -25.401318, 0.0 ], [ -49.193988, -25.400465, 0.0 ], [ -49.193666, -25.398313, 0.0 ], [ -49.193345, -25.396414, 0.0 ], [ -49.206155, -25.401356, 0.0 ], [ -49.20682, -25.400097, 0.0 ], [ -49.212378, -25.402248, 0.0 ], [ -49.211433, -25.40502, 0.0 ], [ -49.213472, -25.405718, 0.0 ], [ -49.212184, -25.408722, 0.0 ], [ -49.208515, -25.407307, 0.0 ], [ -49.195319, -25.40219, 0.0 ], [ -49.194568, -25.402054, 0.0 ], [ -49.194525, -25.401337, 0.0 ], [ -49.194525, -25.401318, 0.0 ] ] ] } },
{ "type": "Feature", "properties": { "Name": "2136", "description": "descrição: <br>IDENTIFICA: 4402136<br>SETOR: 2136 - SEG/QUA/SEX - NOTURNO - POSTO 15 - DOMICILIAR<br>APELIDO: 2136<br>MACROSETOR: POSTO 15 - DOMICILIAR<br>COR: 4194432.000<br>FREQUENCIA: SEG/QUA/SEX - NOTURNO<br>layer: 2136<br>path: G:/Drives compartilhados/J_NEGRAO_CCO/45 - Monitoramento/Paulo Lima/KMLKMZ Curitiba/Noturno/Seg-Qua-Sex/15/2136/2136 - SEG/QUA/SEX - NOTURNO - POSTO 15 - DOMICILIAR/2136.shp", "timestamp": null, "begin": null, "end": null, "altitudeMode": null, "tessellate": -1, "extrude": 0, "visibility": -1, "drawOrder": null, "icon": null, "descri____o": "", "id": null, "IDENTIFICA": "4402136", "SETOR": "2136 - SEG/QUA/SEX - NOTURNO - POSTO 15 - DOMICILIAR", "APELIDO": "2136", "MACROSETOR": "POSTO 15 - DOMICILIAR", "COR": "4194432.000", "FREQUENCIA": "SEG/QUA/SEX - NOTURNO", "layer": "2136", "path": "G:/Drives compartilhados/J_NEGRAO_CCO/45 - Monitoramento/Paulo Lima/KMLKMZ Curitiba/Noturno/Seg-Qua-Sex/15/2136/2136 - SEG/QUA/SEX - NOTURNO - POSTO 15 - DOMICILIAR/2136.shp", "OBJECTID": null, "TURNO": null, "POSTO": null, "FreqTurno": null, "X_SEMANA": null, "TER": null, "QUI": null, "SAB": null, "SEG": null, "QUA": null, "SEX": null }, "geometry": { "type": "Polygon", "coordinates": [ [ [ -49.206327, -25.401734, 0.0 ], [ -49.193548, -25.396743, 0.0 ], [ -49.19328, -25.395212, 0.0 ], [ -49.19313, -25.393099, 0.0 ], [ -49.193366, -25.39211, 0.0 ], [ -49.19343, -25.390288, 0.0 ], [ -49.194139, -25.389086, 0.0 ], [ -49.198554, -25.388967, 0.0 ], [ -49.203022, -25.388834, 0.0 ], [ -49.204889, -25.388854, 0.0 ], [ -49.205919, -25.389067, 0.0 ], [ -49.20697, -25.390017, 0.0 ], [ -49.21021, -25.393622, 0.0 ], [ -49.207078, -25.400145, 0.0 ], [ -49.206616, -25.401134, 0.0 ], [ -49.206327, -25.401744, 0.0 ], [ -49.206327, -25.401734, 0.0 ] ] ] } },
{ "type": "Feature", "properties": { "Name": "2137", "description": "descrição: <br>IDENTIFICA: 4402137<br>SETOR: 2137 - SEG/QUA/SEX - NOTURNO - POSTO 15 - DOMICILIAR<br>APELIDO: 2137<br>MACROSETOR: POSTO 15 - DOMICILIAR<br>COR: 8388608.000<br>FREQUENCIA: SEG/QUA/SEX - NOTURNO<br>layer: 2137<br>path: G:/Drives compartilhados/J_NEGRAO_CCO/45 - Monitoramento/Paulo Lima/KMLKMZ Curitiba/Noturno/Seg-Qua-Sex/15/2137/2137 - SEG/QUA/SEX - NOTURNO - POSTO 15 - DOMICILIAR/2137.shp", "timestamp": null, "begin": null, "end": null, "altitudeMode": null, "tessellate": -1, "extrude": 0, "visibility": -1, "drawOrder": null, "icon": null, "descri____o": "", "id": null, "IDENTIFICA": "4402137", "SETOR": "2137 - SEG/QUA/SEX - NOTURNO - POSTO 15 - DOMICILIAR", "APELIDO": "2137", "MACROSETOR": "POSTO 15 - DOMICILIAR", "COR": "8388608.000", "FREQUENCIA": "SEG/QUA/SEX - NOTURNO", "layer": "2137", "path": "G:/Drives compartilhados/J_NEGRAO_CCO/45 - Monitoramento/Paulo Lima/KMLKMZ Curitiba/Noturno/Seg-Qua-Sex/15/2137/2137 - SEG/QUA/SEX - NOTURNO - POSTO 15 - DOMICILIAR/2137.shp", "OBJECTID": null, "TURNO": null, "POSTO": null, "FreqTurno": null, "X_SEMANA": null, "TER": null, "QUI": null, "SAB": null, "SEG": null, "QUA": null, "SEX": null }, "geometry": { "type": "Polygon", "coordinates": [ [ [ -49.223042, -25.3899, 0.0 ], [ -49.223342, -25.390327, 0.0 ], [ -49.224008, -25.390656, 0.0 ], [ -49.228879, -25.393855, 0.0 ], [ -49.235638, -25.398294, 0.0 ], [ -49.23832, -25.400058, 0.0 ], [ -49.239865, -25.401085, 0.0 ], [ -49.241453, -25.402112, 0.0 ], [ -49.240273, -25.404826, 0.0 ], [ -49.237912, -25.406842, 0.0 ], [ -49.234397, -25.408306, 0.0 ], [ -49.23047, -25.409934, 0.0 ], [ -49.22781, -25.408887, 0.0 ], [ -49.224376, -25.403344, 0.0 ], [ -49.221297, -25.404294, 0.0 ], [ -49.218042, -25.404981, 0.0 ], [ -49.216566, -25.40156, 0.0 ], [ -49.215124, -25.398216, 0.0 ], [ -49.214098, -25.397083, 0.0 ], [ -49.212142, -25.395464, 0.0 ], [ -49.215596, -25.393855, 0.0 ], [ -49.216133, -25.393622, 0.0 ], [ -49.218708, -25.394727, 0.0 ], [ -49.219029, -25.392653, 0.0 ], [ -49.219544, -25.391761, 0.0 ], [ -49.220059, -25.391102, 0.0 ], [ -49.221089, -25.390366, 0.0 ], [ -49.22169, -25.390249, 0.0 ], [ -49.221862, -25.389687, 0.0 ], [ -49.222334, -25.389551, 0.0 ], [ -49.223085, -25.3899, 0.0 ], [ -49.223106, -25.389939, 0.0 ], [ -49.223042, -25.3899, 0.0 ] ] ] } },
{ "type": "Feature", "properties": { "Name": "2138", "description": "descrição: <br>IDENTIFICA: 4402138<br>SETOR: 2138 - SEG/QUA/SEX - NOTURNO - POSTO 15 - DOMICILIAR<br>APELIDO: 2138<br>MACROSETOR: POSTO 15 - DOMICILIAR<br>COR: 65535.000<br>FREQUENCIA: SEG/QUA/SEX - NOTURNO<br>layer: 2138<br>path: G:/Drives compartilhados/J_NEGRAO_CCO/45 - Monitoramento/Paulo Lima/KMLKMZ Curitiba/Noturno/Seg-Qua-Sex/15/2138/2138 - SEG/QUA/SEX - NOTURNO - POSTO 15 - DOMICILIAR/2138.shp", "timestamp": null, "begin": null, "end": null, "altitudeMode": null, "tessellate": -1, "extrude": 0, "visibility": -1, "drawOrder": null, "icon": null, "descri____o": "", "id": null, "IDENTIFICA": "4402138", "SETOR": "2138 - SEG/QUA/SEX - NOTURNO - POSTO 15 - DOMICILIAR", "APELIDO": "2138", "MACROSETOR": "POSTO 15 - DOMICILIAR", "COR": "65535.000", "FREQUENCIA": "SEG/QUA/SEX - NOTURNO", "layer": "2138", "path": "G:/Drives compartilhados/J_NEGRAO_CCO/45 - Monitoramento/Paulo Lima/KMLKMZ Curitiba/Noturno/Seg-Qua-Sex/15/2138/2138 - SEG/QUA/SEX - NOTURNO - POSTO 15 - DOMICILIAR/2138.shp", "OBJECTID": null, "TURNO": null, "POSTO": null, "FreqTurno": null, "X_SEMANA": null, "TER": null, "QUI": null, "SAB": null, "SEG": null, "QUA": null, "SEX": null }, "geometry": { "type": "MultiPolygon", "coordinates": [ [ [ [ -49.211197, -25.402093, 0.0 ], [ -49.211176, -25.402083, 0.0 ], [ -49.211197, -25.4020904, 0.0 ], [ -49.211197, -25.402093, 0.0 ] ] ], [ [ [ -49.211197, -25.4020904, 0.0 ], [ -49.211197, -25.402074, 0.0 ], [ -49.206713, -25.4003, 0.0 ], [ -49.209942, -25.393448, 0.0 ], [ -49.206434, -25.389542, 0.0 ], [ -49.205522, -25.388892, 0.0 ], [ -49.206402, -25.388621, 0.0 ], [ -49.209266, -25.388233, 0.0 ], [ -49.211369, -25.388001, 0.0 ], [ -49.212678, -25.387787, 0.0 ], [ -49.216068, -25.38706, 0.0 ], [ -49.217763, -25.38677, 0.0 ], [ -49.2186, -25.387022, 0.0 ], [ -49.219384, -25.386983, 0.0 ], [ -49.219802, -25.387167, 0.0 ], [ -49.220478, -25.387594, 0.0 ], [ -49.222205, -25.3877, 0.0 ], [ -49.222774, -25.387904, 0.0 ], [ -49.22331, -25.388369, 0.0 ], [ -49.223342, -25.388921, 0.0 ], [ -49.22301, -25.390327, 0.0 ], [ -49.222388, -25.38991, 0.0 ], [ -49.222248, -25.390017, 0.0 ], [ -49.222066, -25.390443, 0.0 ], [ -49.221744, -25.390521, 0.0 ], [ -49.22125, -25.390598, 0.0 ], [ -49.220145, -25.39148, 0.0 ], [ -49.219652, -25.392236, 0.0 ], [ -49.219416, -25.392779, 0.0 ], [ -49.219062, -25.395144, 0.0 ], [ -49.218236, -25.394834, 0.0 ], [ -49.216519, -25.394087, 0.0 ], [ -49.216025, -25.394049, 0.0 ], [ -49.215789, -25.394117, 0.0 ], [ -49.212496, -25.395803, 0.0 ], [ -49.214116, -25.397063, 0.0 ], [ -49.21521, -25.398449, 0.0 ], [ -49.216476, -25.401356, 0.0 ], [ -49.216905, -25.402558, 0.0 ], [ -49.212034, -25.402384, 0.0 ], [ -49.211197, -25.4020904, 0.0 ] ] ] ] } },
{ "type": "Feature", "properties": { "Name": "2139", "description": "descrição: <br>IDENTIFICA: 4402139<br>SETOR: 2139 - SEG/QUA/SEX - NOTURNO - POSTO 15 - DOMICILIAR<br>APELIDO: 2139<br>MACROSETOR: POSTO 15 - DOMICILIAR<br>COR: 33023.000<br>FREQUENCIA: SEG/QUA/SEX - NOTURNO<br>layer: 2139<br>path: G:/Drives compartilhados/J_NEGRAO_CCO/45 - Monitoramento/Paulo Lima/KMLKMZ Curitiba/Noturno/Seg-Qua-Sex/15/2139/2139 - SEG/QUA/SEX - NOTURNO - POSTO 15 - DOMICILIAR/2139.shp", "timestamp": null, "begin": null, "end": null, "altitudeMode": null, "tessellate": -1, "extrude": 0, "visibility": -1, "drawOrder": null, "icon": null, "descri____o": "", "id": null, "IDENTIFICA": "4402139", "SETOR": "2139 - SEG/QUA/SEX - NOTURNO - POSTO 15 - DOMICILIAR", "APELIDO": "2139", "MACROSETOR": "POSTO 15 - DOMICILIAR", "COR": "33023.000", "FREQUENCIA": "SEG/QUA/SEX - NOTURNO", "layer": "2139", "path": "G:/Drives compartilhados/J_NEGRAO_CCO/45 - Monitoramento/Paulo Lima/KMLKMZ Curitiba/Noturno/Seg-Qua-Sex/15/2139/2139 - SEG/QUA/SEX - NOTURNO - POSTO 15 - DOMICILIAR/2139.shp", "OBJECTID": null, "TURNO": null, "POSTO": null, "FreqTurno": null, "X_SEMANA": null, "TER": null, "QUI": null, "SAB": null, "SEG": null, "QUA": null, "SEX": null }, "geometry": { "type": "Polygon", "coordinates": [ [ [ -49.2079773, -25.3885622, 0.0 ], [ -49.207936, -25.388543, 0.0 ], [ -49.20961, -25.387613, 0.0 ], [ -49.212978, -25.38581, 0.0 ], [ -49.216154, -25.384279, 0.0 ], [ -49.217399, -25.383755, 0.0 ], [ -49.218332, -25.38297, 0.0 ], [ -49.218911, -25.381691, 0.0 ], [ -49.220236, -25.377937, 0.0 ], [ -49.2208, -25.377348, 0.0 ], [ -49.221679, -25.376912, 0.0 ], [ -49.222881, -25.376698, 0.0 ], [ -49.225059, -25.376708, 0.0 ], [ -49.230853, -25.383018, 0.0 ], [ -49.226754, -25.387787, 0.0 ], [ -49.225681, -25.387051, 0.0 ], [ -49.224501, -25.387671, 0.0 ], [ -49.223021, -25.388563, 0.0 ], [ -49.22242, -25.388098, 0.0 ], [ -49.22169, -25.387981, 0.0 ], [ -49.220467, -25.388001, 0.0 ], [ -49.219931, -25.387768, 0.0 ], [ -49.219351, -25.387419, 0.0 ], [ -49.219051, -25.387303, 0.0 ], [ -49.218386, -25.387361, 0.0 ], [ -49.217656, -25.387128, 0.0 ], [ -49.216347, -25.3874, 0.0 ], [ -49.212506, -25.388175, 0.0 ], [ -49.2079773, -25.3885622, 0.0 ] ] ] } },
{ "type": "Feature", "properties": { "Name": "2140", "description": "descrição: <br>IDENTIFICA: 4402140<br>SETOR: 2140 - SEG/QUA/SEX - NOTURNO - POSTO 15 - DOMICILIAR<br>APELIDO: 2140<br>MACROSETOR: POSTO 15 - DOMICILIAR<br>COR: 8404992.000<br>FREQUENCIA: SEG/QUA/SEX - NOTURNO<br>layer: 2140<br>path: G:/Drives compartilhados/J_NEGRAO_CCO/45 - Monitoramento/Paulo Lima/KMLKMZ Curitiba/Noturno/Seg-Qua-Sex/15/2140/2140 - SEG/QUA/SEX - NOTURNO - POSTO 15 - DOMICILIAR/2140.shp", "timestamp": null, "begin": null, "end": null, "altitudeMode": null, "tessellate": -1, "extrude": 0, "visibility": -1, "drawOrder": null, "icon": null, "descri____o": "", "id": null, "IDENTIFICA": "4402140", "SETOR": "2140 - SEG/QUA/SEX - NOTURNO - POSTO 15 - DOMICILIAR", "APELIDO": "2140", "MACROSETOR": "POSTO 15 - DOMICILIAR", "COR": "8404992.000", "FREQUENCIA": "SEG/QUA/SEX - NOTURNO", "layer": "2140", "path": "G:/Drives compartilhados/J_NEGRAO_CCO/45 - Monitoramento/Paulo Lima/KMLKMZ Curitiba/Noturno/Seg-Qua-Sex/15/2140/2140 - SEG/QUA/SEX - NOTURNO - POSTO 15 - DOMICILIAR/2140.shp", "OBJECTID": null, "TURNO": null, "POSTO": null, "FreqTurno": null, "X_SEMANA": null, "TER": null, "QUI": null, "SAB": null, "SEG": null, "QUA": null, "SEX": null }, "geometry": { "type": "MultiPolygon", "coordinates": [ [ [ [ -49.2409958, -25.4181139, 0.0 ], [ -49.2410074, -25.4180926, 0.0 ], [ -49.241024, -25.418122, 0.0 ], [ -49.2409958, -25.4181139, 0.0 ] ] ], [ [ [ -49.2409958, -25.4181139, 0.0 ], [ -49.240981, -25.418141, 0.0 ], [ -49.2409913, -25.4181126, 0.0 ], [ -49.2409958, -25.4181139, 0.0 ] ] ], [ [ [ -49.2410074, -25.4180926, 0.0 ], [ -49.241002, -25.418083, 0.0 ], [ -49.2409913, -25.4181126, 0.0 ], [ -49.239414, -25.417657, 0.0 ], [ -49.23081, -25.414013, 0.0 ], [ -49.219909, -25.409439, 0.0 ], [ -49.217763, -25.404516, 0.0 ], [ -49.22136, -25.404362, 0.0 ], [ -49.224278, -25.403432, 0.0 ], [ -49.227818, -25.408936, 0.0 ], [ -49.230509, -25.409904, 0.0 ], [ -49.234513, -25.408277, 0.0 ], [ -49.237968, -25.406611, 0.0 ], [ -49.24126, -25.401919, 0.0 ], [ -49.245251, -25.404652, 0.0 ], [ -49.245959, -25.403779, 0.0 ], [ -49.246326, -25.404043, 0.0 ], [ -49.246122, -25.404954, 0.0 ], [ -49.244931, -25.406029, 0.0 ], [ -49.244309, -25.406853, 0.0 ], [ -49.24271, -25.407541, 0.0 ], [ -49.242217, -25.408142, 0.0 ], [ -49.242066, -25.409702, 0.0 ], [ -49.241594, -25.410855, 0.0 ], [ -49.241702, -25.411166, 0.0 ], [ -49.241294, -25.412755, 0.0 ], [ -49.241302, -25.414361, 0.0 ], [ -49.241766, -25.416379, 0.0 ], [ -49.241637, -25.416941, 0.0 ], [ -49.2410074, -25.4180926, 0.0 ] ] ] ] } },
{ "type": "Feature", "properties": { "Name": "3128", "description": "descrição: <br>IDENTIFICA: 4403128<br>SETOR: 3128 - TER/QUI/SAB - NOTURNO - POSTO 15 - DOMICILIAR<br>APELIDO: 3128<br>MACROSETOR: POSTO 15 - DOMICILIAR<br>COR: 33023.000<br>FREQUENCIA: TER/QUI/SAB - NOTURNO<br>layer: 3128<br>path: G:/Drives compartilhados/J_NEGRAO_CCO/45 - Monitoramento/Paulo Lima/KMLKMZ Curitiba/Noturno/Ter-Qui-Sab/15/3128/3128 - TER/QUI/SAB - NOTURNO - POSTO 15 - DOMICILIAR/3128.shp", "timestamp": null, "begin": null, "end": null, "altitudeMode": null, "tessellate": -1, "extrude": 0, "visibility": -1, "drawOrder": null, "icon": null, "descri____o": "", "id": null, "IDENTIFICA": "4403128", "SETOR": "3128 - TER/QUI/SAB - NOTURNO - POSTO 15 - DOMICILIAR", "APELIDO": "3128", "MACROSETOR": "POSTO 15 - DOMICILIAR", "COR": "33023.000", "FREQUENCIA": "TER/QUI/SAB - NOTURNO", "layer": "3128", "path": "G:/Drives compartilhados/J_NEGRAO_CCO/45 - Monitoramento/Paulo Lima/KMLKMZ Curitiba/Noturno/Ter-Qui-Sab/15/3128/3128 - TER/QUI/SAB - NOTURNO - POSTO 15 - DOMICILIAR/3128.shp", "OBJECTID": null, "TURNO": null, "POSTO": null, "FreqTurno": null, "X_SEMANA": null, "TER": null, "QUI": null, "SAB": null, "SEG": null, "QUA": null, "SEX": null }, "geometry": { "type": "Polygon", "coordinates": [ [ [ -49.285945, -25.508711, 0.0 ], [ -49.287812, -25.510977, 0.0 ], [ -49.289078, -25.512613, 0.0 ], [ -49.290076, -25.514288, 0.0 ], [ -49.295118, -25.522383, 0.0 ], [ -49.29456, -25.523119, 0.0 ], [ -49.293659, -25.523777, 0.0 ], [ -49.293788, -25.524029, 0.0 ], [ -49.293938, -25.524455, 0.0 ], [ -49.294045, -25.525113, 0.0 ], [ -49.294003, -25.526255, 0.0 ], [ -49.293702, -25.526836, 0.0 ], [ -49.292737, -25.527475, 0.0 ], [ -49.291921, -25.528192, 0.0 ], [ -49.290891, -25.527185, 0.0 ], [ -49.289089, -25.528385, 0.0 ], [ -49.287458, -25.527882, 0.0 ], [ -49.287158, -25.52823, 0.0 ], [ -49.28557, -25.527572, 0.0 ], [ -49.284561, -25.527011, 0.0 ], [ -49.284969, -25.526449, 0.0 ], [ -49.284003, -25.525849, 0.0 ], [ -49.28499, -25.524513, 0.0 ], [ -49.285999, -25.525074, 0.0 ], [ -49.286771, -25.523874, 0.0 ], [ -49.287479, -25.522712, 0.0 ], [ -49.287501, -25.522073, 0.0 ], [ -49.287458, -25.521415, 0.0 ], [ -49.287372, -25.519691, 0.0 ], [ -49.2872, -25.519614, 0.0 ], [ -49.286943, -25.519226, 0.0 ], [ -49.285548, -25.520137, 0.0 ], [ -49.285141, -25.51973, 0.0 ], [ -49.284626, -25.51911, 0.0 ], [ -49.284003, -25.518239, 0.0 ], [ -49.283038, -25.516825, 0.0 ], [ -49.281149, -25.518103, 0.0 ], [ -49.278102, -25.519904, 0.0 ], [ -49.276107, -25.517348, 0.0 ], [ -49.27497, -25.515838, 0.0 ], [ -49.276665, -25.514753, 0.0 ], [ -49.280055, -25.512449, 0.0 ], [ -49.285934, -25.508721, 0.0 ], [ -49.285945, -25.508711, 0.0 ] ] ] } },
{ "type": "Feature", "properties": { "Name": "3129", "description": "descrição: <br>IDENTIFICA: 4403129<br>SETOR: 3129 - TER/QUI/SAB - NOTURNO - POSTO 15 - DOMICILIAR<br>APELIDO: 3129<br>MACROSETOR: POSTO 15 - DOMICILIAR<br>COR: 65535.000<br>FREQUENCIA: TER/QUI/SAB - NOTURNO<br>layer: 3129<br>path: G:/Drives compartilhados/J_NEGRAO_CCO/45 - Monitoramento/Paulo Lima/KMLKMZ Curitiba/Noturno/Ter-Qui-Sab/15/3129/3129 - TER/QUI/SAB - NOTURNO - POSTO 15 - DOMICILIAR/3129.shp", "timestamp": null, "begin": null, "end": null, "altitudeMode": null, "tessellate": -1, "extrude": 0, "visibility": -1, "drawOrder": null, "icon": null, "descri____o": "", "id": null, "IDENTIFICA": "4403129", "SETOR": "3129 - TER/QUI/SAB - NOTURNO - POSTO 15 - DOMICILIAR", "APELIDO": "3129", "MACROSETOR": "POSTO 15 - DOMICILIAR", "COR": "65535.000", "FREQUENCIA": "TER/QUI/SAB - NOTURNO", "layer": "3129", "path": "G:/Drives compartilhados/J_NEGRAO_CCO/45 - Monitoramento/Paulo Lima/KMLKMZ Curitiba/Noturno/Ter-Qui-Sab/15/3129/3129 - TER/QUI/SAB - NOTURNO - POSTO 15 - DOMICILIAR/3129.shp", "OBJECTID": null, "TURNO": null, "POSTO": null, "FreqTurno": null, "X_SEMANA": null, "TER": null, "QUI": null, "SAB": null, "SEG": null, "QUA": null, "SEX": null }, "geometry": { "type": "Polygon", "coordinates": [ [ [ -49.281504, -25.50316, 0.0 ], [ -49.284852, -25.507401, 0.0 ], [ -49.286085, -25.508876, 0.0 ], [ -49.27512, -25.516089, 0.0 ], [ -49.271697, -25.518413, 0.0 ], [ -49.270775, -25.518984, 0.0 ], [ -49.269949, -25.518859, 0.0 ], [ -49.270099, -25.518036, 0.0 ], [ -49.270711, -25.51627, 0.0 ], [ -49.271548, -25.514741, 0.0 ], [ -49.273093, -25.511177, 0.0 ], [ -49.273565, -25.5105, 0.0 ], [ -49.273951, -25.510035, 0.0 ], [ -49.275582, -25.509609, 0.0 ], [ -49.276569, -25.509047, 0.0 ], [ -49.276891, -25.508331, 0.0 ], [ -49.277213, -25.50775, 0.0 ], [ -49.277792, -25.50711, 0.0 ], [ -49.277449, -25.506181, 0.0 ], [ -49.281504, -25.50316, 0.0 ] ] ] } },
{ "type": "Feature", "properties": { "Name": "3130", "description": "descrição: <br>IDENTIFICA: 4403130<br>SETOR: 3130 - TER/QUI/SAB - NOTURNO - POSTO 15 - DOMICILIAR<br>APELIDO: 3130<br>MACROSETOR: POSTO 15 - DOMICILIAR<br>COR: 16711680.000<br>FREQUENCIA: TER/QUI/SAB - NOTURNO<br>layer: 3130<br>path: G:/Drives compartilhados/J_NEGRAO_CCO/45 - Monitoramento/Paulo Lima/KMLKMZ Curitiba/Noturno/Ter-Qui-Sab/15/3130/3130 - TER/QUI/SAB - NOTURNO - POSTO 15 - DOMICILIAR/3130.shp", "timestamp": null, "begin": null, "end": null, "altitudeMode": null, "tessellate": -1, "extrude": 0, "visibility": -1, "drawOrder": null, "icon": null, "descri____o": "", "id": null, "IDENTIFICA": "4403130", "SETOR": "3130 - TER/QUI/SAB - NOTURNO - POSTO 15 - DOMICILIAR", "APELIDO": "3130", "MACROSETOR": "POSTO 15 - DOMICILIAR", "COR": "16711680.000", "FREQUENCIA": "TER/QUI/SAB - NOTURNO", "layer": "3130", "path": "G:/Drives compartilhados/J_NEGRAO_CCO/45 - Monitoramento/Paulo Lima/KMLKMZ Curitiba/Noturno/Ter-Qui-Sab/15/3130/3130 - TER/QUI/SAB - NOTURNO - POSTO 15 - DOMICILIAR/3130.shp", "OBJECTID": null, "TURNO": null, "POSTO": null, "FreqTurno": null, "X_SEMANA": null, "TER": null, "QUI": null, "SAB": null, "SEG": null, "QUA": null, "SEX": null }, "geometry": { "type": "Polygon", "coordinates": [ [ [ -49.275592, -25.495871, 0.0 ], [ -49.281643, -25.503385, 0.0 ], [ -49.277459, -25.506194, 0.0 ], [ -49.277652, -25.506939, 0.0 ], [ -49.277384, -25.507346, 0.0 ], [ -49.277185, -25.507653, 0.0 ], [ -49.276922, -25.508498, 0.0 ], [ -49.276536, -25.509137, 0.0 ], [ -49.275667, -25.509602, 0.0 ], [ -49.273961, -25.510106, 0.0 ], [ -49.273081, -25.510919, 0.0 ], [ -49.272759, -25.511965, 0.0 ], [ -49.272599, -25.511577, 0.0 ], [ -49.272062, -25.510706, 0.0 ], [ -49.271783, -25.510493, 0.0 ], [ -49.271558, -25.510406, 0.0 ], [ -49.270045, -25.510193, 0.0 ], [ -49.269702, -25.510086, 0.0 ], [ -49.269348, -25.509776, 0.0 ], [ -49.263769, -25.508585, 0.0 ], [ -49.26394, -25.507694, 0.0 ], [ -49.263983, -25.506339, 0.0 ], [ -49.264133, -25.505884, 0.0 ], [ -49.264423, -25.505245, 0.0 ], [ -49.268725, -25.507094, 0.0 ], [ -49.269026, -25.507772, 0.0 ], [ -49.269058, -25.507714, 0.0 ], [ -49.268961, -25.507365, 0.0 ], [ -49.268597, -25.506174, 0.0 ], [ -49.269316, -25.505981, 0.0 ], [ -49.271579, -25.505816, 0.0 ], [ -49.272727, -25.505128, 0.0 ], [ -49.273478, -25.505022, 0.0 ], [ -49.273285, -25.503337, 0.0 ], [ -49.273017, -25.501071, 0.0 ], [ -49.272362, -25.497682, 0.0 ], [ -49.272191, -25.496597, 0.0 ], [ -49.273532, -25.496491, 0.0 ], [ -49.274143, -25.496355, 0.0 ], [ -49.275592, -25.495861, 0.0 ], [ -49.275592, -25.495871, 0.0 ] ] ] } },
{ "type": "Feature", "properties": { "Name": "3131", "description": "descrição: <br>IDENTIFICA: 4403131<br>SETOR: 3131 - TER/QUI/SAB - NOTURNO - POSTO 15 - DOMICILIAR<br>APELIDO: 3131<br>MACROSETOR: POSTO 15 - DOMICILIAR<br>COR: 255.000<br>FREQUENCIA: TER/QUI/SAB - NOTURNO<br>layer: 3131<br>path: G:/Drives compartilhados/J_NEGRAO_CCO/45 - Monitoramento/Paulo Lima/KMLKMZ Curitiba/Noturno/Ter-Qui-Sab/15/3131/3131 - TER/QUI/SAB - NOTURNO - POSTO 15 - DOMICILIAR/3131.shp", "timestamp": null, "begin": null, "end": null, "altitudeMode": null, "tessellate": -1, "extrude": 0, "visibility": -1, "drawOrder": null, "icon": null, "descri____o": "", "id": null, "IDENTIFICA": "4403131", "SETOR": "3131 - TER/QUI/SAB - NOTURNO - POSTO 15 - DOMICILIAR", "APELIDO": "3131", "MACROSETOR": "POSTO 15 - DOMICILIAR", "COR": "255.000", "FREQUENCIA": "TER/QUI/SAB - NOTURNO", "layer": "3131", "path": "G:/Drives compartilhados/J_NEGRAO_CCO/45 - Monitoramento/Paulo Lima/KMLKMZ Curitiba/Noturno/Ter-Qui-Sab/15/3131/3131 - TER/QUI/SAB - NOTURNO - POSTO 15 - DOMICILIAR/3131.shp", "OBJECTID": null, "TURNO": null, "POSTO": null, "FreqTurno": null, "X_SEMANA": null, "TER": null, "QUI": null, "SAB": null, "SEG": null, "QUA": null, "SEX": null }, "geometry": { "type": "MultiPolygon", "coordinates": [ [ [ [ -49.271064, -25.515818, 0.0 ], [ -49.271054, -25.515818, 0.0 ], [ -49.271043, -25.515828, 0.0 ], [ -49.2710489, -25.5158145, 0.0 ], [ -49.271064, -25.515818, 0.0 ] ] ], [ [ [ -49.2710489, -25.5158145, 0.0 ], [ -49.264707, -25.514342, 0.0 ], [ -49.261891, -25.513698, 0.0 ], [ -49.262267, -25.513514, 0.0 ], [ -49.264724, -25.514134, 0.0 ], [ -49.264933, -25.513601, 0.0 ], [ -49.259252, -25.512192, 0.0 ], [ -49.25982, -25.511592, 0.0 ], [ -49.261054, -25.510672, 0.0 ], [ -49.262068, -25.510168, 0.0 ], [ -49.262894, -25.509515, 0.0 ], [ -49.26025, -25.508532, 0.0 ], [ -49.259359, -25.508348, 0.0 ], [ -49.254874, -25.506528, 0.0 ], [ -49.256945, -25.502315, 0.0 ], [ -49.264563, -25.505385, 0.0 ], [ -49.264246, -25.506261, 0.0 ], [ -49.264214, -25.507661, 0.0 ], [ -49.264128, -25.508159, 0.0 ], [ -49.264042, -25.508459, 0.0 ], [ -49.269455, -25.509568, 0.0 ], [ -49.269825, -25.509902, 0.0 ], [ -49.270292, -25.510018, 0.0 ], [ -49.271949, -25.510251, 0.0 ], [ -49.272277, -25.510633, 0.0 ], [ -49.272813, -25.511582, 0.0 ], [ -49.272647, -25.512168, 0.0 ], [ -49.2710489, -25.5158145, 0.0 ] ] ] ] } },
{ "type": "Feature", "properties": { "Name": "3132", "description": "descrição: <br>IDENTIFICA: 4403132<br>SETOR: 3132 - TER/QUI/SAB - NOTURNO - POSTO 15 - DOMICILIAR<br>APELIDO: 3132<br>MACROSETOR: POSTO 15 - DOMICILIAR<br>COR: 16711680.000<br>FREQUENCIA: TER/QUI/SAB - NOTURNO<br>layer: 3132<br>path: G:/Drives compartilhados/J_NEGRAO_CCO/45 - Monitoramento/Paulo Lima/KMLKMZ Curitiba/Noturno/Ter-Qui-Sab/15/3132/3132 - TER/QUI/SAB - NOTURNO - POSTO 15 - DOMICILIAR/3132.shp", "timestamp": null, "begin": null, "end": null, "altitudeMode": null, "tessellate": -1, "extrude": 0, "visibility": -1, "drawOrder": null, "icon": null, "descri____o": "", "id": null, "IDENTIFICA": "4403132", "SETOR": "3132 - TER/QUI/SAB - NOTURNO - POSTO 15 - DOMICILIAR", "APELIDO": "3132", "MACROSETOR": "POSTO 15 - DOMICILIAR", "COR": "16711680.000", "FREQUENCIA": "TER/QUI/SAB - NOTURNO", "layer": "3132", "path": "G:/Drives compartilhados/J_NEGRAO_CCO/45 - Monitoramento/Paulo Lima/KMLKMZ Curitiba/Noturno/Ter-Qui-Sab/15/3132/3132 - TER/QUI/SAB - NOTURNO - POSTO 15 - DOMICILIAR/3132.shp", "OBJECTID": null, "TURNO": null, "POSTO": null, "FreqTurno": null, "X_SEMANA": null, "TER": null, "QUI": null, "SAB": null, "SEG": null, "QUA": null, "SEX": null }, "geometry": { "type": "MultiPolygon", "coordinates": [ [ [ [ -49.271021, -25.51577, 0.0 ], [ -49.271032, -25.51578, 0.0 ], [ -49.2710149, -25.5157807, 0.0 ], [ -49.271021, -25.51577, 0.0 ] ] ], [ [ [ -49.2710149, -25.5157807, 0.0 ], [ -49.270506, -25.51668, 0.0 ], [ -49.270158, -25.518004, 0.0 ], [ -49.270061, -25.518953, 0.0 ], [ -49.269707, -25.51994, 0.0 ], [ -49.268892, -25.521063, 0.0 ], [ -49.267862, -25.522419, 0.0 ], [ -49.267261, -25.523929, 0.0 ], [ -49.26703, -25.524455, 0.0 ], [ -49.260893, -25.522983, 0.0 ], [ -49.260936, -25.521705, 0.0 ], [ -49.255035, -25.520253, 0.0 ], [ -49.25495, -25.518781, 0.0 ], [ -49.255486, -25.517484, 0.0 ], [ -49.25598, -25.51638, 0.0 ], [ -49.257052, -25.515218, 0.0 ], [ -49.257782, -25.514134, 0.0 ], [ -49.258683, -25.512662, 0.0 ], [ -49.259434, -25.511945, 0.0 ], [ -49.265099, -25.513378, 0.0 ], [ -49.26497, -25.51423, 0.0 ], [ -49.270463, -25.515673, 0.0 ], [ -49.270818, -25.515789, 0.0 ], [ -49.2710149, -25.5157807, 0.0 ] ] ] ] } },
{ "type": "Feature", "properties": { "Name": "3133", "description": "descrição: <br>IDENTIFICA: 4403133<br>SETOR: 3133 - TER/QUI/SAB - NOTURNO - POSTO 15 - DOMICILIAR<br>APELIDO: 3133<br>MACROSETOR: POSTO 15 - DOMICILIAR<br>COR: 65535.000<br>FREQUENCIA: TER/QUI/SAB - NOTURNO<br>layer: 3133<br>path: G:/Drives compartilhados/J_NEGRAO_CCO/45 - Monitoramento/Paulo Lima/KMLKMZ Curitiba/Noturno/Ter-Qui-Sab/15/3133/3133 - TER/QUI/SAB - NOTURNO - POSTO 15 - DOMICILIAR/3133.shp", "timestamp": null, "begin": null, "end": null, "altitudeMode": null, "tessellate": -1, "extrude": 0, "visibility": -1, "drawOrder": null, "icon": null, "descri____o": "", "id": null, "IDENTIFICA": "4403133", "SETOR": "3133 - TER/QUI/SAB - NOTURNO - POSTO 15 - DOMICILIAR", "APELIDO": "3133", "MACROSETOR": "POSTO 15 - DOMICILIAR", "COR": "65535.000", "FREQUENCIA": "TER/QUI/SAB - NOTURNO", "layer": "3133", "path": "G:/Drives compartilhados/J_NEGRAO_CCO/45 - Monitoramento/Paulo Lima/KMLKMZ Curitiba/Noturno/Ter-Qui-Sab/15/3133/3133 - TER/QUI/SAB - NOTURNO - POSTO 15 - DOMICILIAR/3133.shp", "OBJECTID": null, "TURNO": null, "POSTO": null, "FreqTurno": null, "X_SEMANA": null, "TER": null, "QUI": null, "SAB": null, "SEG": null, "QUA": null, "SEX": null }, "geometry": { "type": "Polygon", "coordinates": [ [ [ -49.254842, -25.506349, 0.0 ], [ -49.254885, -25.506387, 0.0 ], [ -49.254864, -25.506349, 0.0 ], [ -49.25952, -25.508169, 0.0 ], [ -49.260593, -25.508401, 0.0 ], [ -49.263275, -25.509583, 0.0 ], [ -49.262224, -25.510338, 0.0 ], [ -49.261258, -25.510861, 0.0 ], [ -49.260357, -25.51148, 0.0 ], [ -49.25967, -25.512178, 0.0 ], [ -49.259005, -25.512855, 0.0 ], [ -49.257975, -25.51456, 0.0 ], [ -49.257095, -25.51576, 0.0 ], [ -49.256666, -25.516206, 0.0 ], [ -49.256151, -25.516922, 0.0 ], [ -49.255894, -25.517639, 0.0 ], [ -49.255465, -25.518878, 0.0 ], [ -49.25555, -25.520834, 0.0 ], [ -49.25525, -25.522518, 0.0 ], [ -49.254864, -25.523951, 0.0 ], [ -49.254327, -25.525365, 0.0 ], [ -49.253662, -25.526197, 0.0 ], [ -49.253126, -25.526565, 0.0 ], [ -49.252139, -25.527088, 0.0 ], [ -49.251581, -25.526972, 0.0 ], [ -49.250615, -25.526139, 0.0 ], [ -49.249843, -25.525403, 0.0 ], [ -49.249371, -25.525094, 0.0 ], [ -49.248705, -25.525016, 0.0 ], [ -49.248126, -25.525055, 0.0 ], [ -49.247439, -25.525132, 0.0 ], [ -49.245937, -25.524513, 0.0 ], [ -49.248662, -25.51911, 0.0 ], [ -49.251302, -25.513708, 0.0 ], [ -49.254842, -25.506349, 0.0 ] ] ] } },
{ "type": "Feature", "properties": { "Name": "3134", "description": "descrição: <br>IDENTIFICA: 4403134<br>SETOR: 3134 - TER/QUI/SAB - NOTURNO - POSTO 15 - DOMICILIAR<br>APELIDO: 3134<br>MACROSETOR: POSTO 15 - DOMICILIAR<br>COR: 8388608.000<br>FREQUENCIA: TER/QUI/SAB - NOTURNO<br>layer: 3134<br>path: G:/Drives compartilhados/J_NEGRAO_CCO/45 - Monitoramento/Paulo Lima/KMLKMZ Curitiba/Noturno/Ter-Qui-Sab/15/3134/3134 - TER/QUI/SAB - NOTURNO - POSTO 15 - DOMICILIAR/3134.shp", "timestamp": null, "begin": null, "end": null, "altitudeMode": null, "tessellate": -1, "extrude": 0, "visibility": -1, "drawOrder": null, "icon": null, "descri____o": "", "id": null, "IDENTIFICA": "4403134", "SETOR": "3134 - TER/QUI/SAB - NOTURNO - POSTO 15 - DOMICILIAR", "APELIDO": "3134", "MACROSETOR": "POSTO 15 - DOMICILIAR", "COR": "8388608.000", "FREQUENCIA": "TER/QUI/SAB - NOTURNO", "layer": "3134", "path": "G:/Drives compartilhados/J_NEGRAO_CCO/45 - Monitoramento/Paulo Lima/KMLKMZ Curitiba/Noturno/Ter-Qui-Sab/15/3134/3134 - TER/QUI/SAB - NOTURNO - POSTO 15 - DOMICILIAR/3134.shp", "OBJECTID": null, "TURNO": null, "POSTO": null, "FreqTurno": null, "X_SEMANA": null, "TER": null, "QUI": null, "SAB": null, "SEG": null, "QUA": null, "SEX": null }, "geometry": { "type": "Polygon", "coordinates": [ [ [ -49.274455, -25.481053, 0.0 ], [ -49.267459, -25.485799, 0.0 ], [ -49.266687, -25.486186, 0.0 ], [ -49.266022, -25.486012, 0.0 ], [ -49.263447, -25.484966, 0.0 ], [ -49.257653, -25.482584, 0.0 ], [ -49.260207, -25.477315, 0.0 ], [ -49.259713, -25.476346, 0.0 ], [ -49.257889, -25.473944, 0.0 ], [ -49.254756, -25.470205, 0.0 ], [ -49.25658, -25.470612, 0.0 ], [ -49.262435, -25.472111, 0.0 ], [ -49.263511, -25.472821, 0.0 ], [ -49.268661, -25.476598, 0.0 ], [ -49.27454, -25.480995, 0.0 ], [ -49.274498, -25.481053, 0.0 ], [ -49.274455, -25.481053, 0.0 ] ] ] } },
{ "type": "Feature", "properties": { "Name": "3135", "description": "descrição: <br>IDENTIFICA: 4403135<br>SETOR: 3135 - TER/QUI/SAB - NOTURNO - POSTO 15 - DOMICILIAR<br>APELIDO: 3135<br>MACROSETOR: POSTO 15 - DOMICILIAR<br>COR: 8388863.000<br>FREQUENCIA: TER/QUI/SAB - NOTURNO<br>layer: 3135<br>path: G:/Drives compartilhados/J_NEGRAO_CCO/45 - Monitoramento/Paulo Lima/KMLKMZ Curitiba/Noturno/Ter-Qui-Sab/15/3135/3135 - TER/QUI/SAB - NOTURNO - POSTO 15 - DOMICILIAR/3135.shp", "timestamp": null, "begin": null, "end": null, "altitudeMode": null, "tessellate": -1, "extrude": 0, "visibility": -1, "drawOrder": null, "icon": null, "descri____o": "", "id": null, "IDENTIFICA": "4403135", "SETOR": "3135 - TER/QUI/SAB - NOTURNO - POSTO 15 - DOMICILIAR", "APELIDO": "3135", "MACROSETOR": "POSTO 15 - DOMICILIAR", "COR": "8388863.000", "FREQUENCIA": "TER/QUI/SAB - NOTURNO", "layer": "3135", "path": "G:/Drives compartilhados/J_NEGRAO_CCO/45 - Monitoramento/Paulo Lima/KMLKMZ Curitiba/Noturno/Ter-Qui-Sab/15/3135/3135 - TER/QUI/SAB - NOTURNO - POSTO 15 - DOMICILIAR/3135.shp", "OBJECTID": null, "TURNO": null, "POSTO": null, "FreqTurno": null, "X_SEMANA": null, "TER": null, "QUI": null, "SAB": null, "SEG": null, "QUA": null, "SEX": null }, "geometry": { "type": "MultiPolygon", "coordinates": [ [ [ [ -49.257718, -25.482371, 0.0 ], [ -49.257739, -25.482332, 0.0 ], [ -49.2577213, -25.4823695, 0.0 ], [ -49.257718, -25.482371, 0.0 ] ] ], [ [ [ -49.2577213, -25.4823695, 0.0 ], [ -49.257761, -25.482351, 0.0 ], [ -49.266365, -25.48578, 0.0 ], [ -49.266902, -25.485702, 0.0 ], [ -49.267352, -25.48545, 0.0 ], [ -49.268057, -25.486674, 0.0 ], [ -49.275742, -25.496065, 0.0 ], [ -49.274219, -25.496587, 0.0 ], [ -49.273468, -25.49682, 0.0 ], [ -49.272459, -25.496839, 0.0 ], [ -49.270549, -25.496723, 0.0 ], [ -49.269326, -25.496955, 0.0 ], [ -49.268554, -25.497362, 0.0 ], [ -49.267524, -25.49928, 0.0 ], [ -49.265528, -25.498272, 0.0 ], [ -49.265228, -25.497963, 0.0 ], [ -49.264091, -25.497343, 0.0 ], [ -49.26261, -25.496936, 0.0 ], [ -49.263061, -25.494651, 0.0 ], [ -49.262889, -25.494418, 0.0 ], [ -49.262825, -25.494012, 0.0 ], [ -49.256259, -25.491319, 0.0 ], [ -49.252718, -25.489925, 0.0 ], [ -49.253834, -25.487775, 0.0 ], [ -49.25495, -25.48824, 0.0 ], [ -49.2577213, -25.4823695, 0.0 ] ] ] ] } },
{ "type": "Feature", "properties": { "Name": "3136", "description": "descrição: <br>IDENTIFICA: 4403136<br>SETOR: 3136 - TER/QUI/SAB - NOTURNO - POSTO 15 - DOMICILIAR<br>APELIDO: 3136<br>MACROSETOR: POSTO 15 - DOMICILIAR<br>COR: 255.000<br>FREQUENCIA: TER/QUI/SAB - NOTURNO<br>layer: 3136<br>path: G:/Drives compartilhados/J_NEGRAO_CCO/45 - Monitoramento/Paulo Lima/KMLKMZ Curitiba/Noturno/Ter-Qui-Sab/15/3136/3136 - TER/QUI/SAB - NOTURNO - POSTO 15 - DOMICILIAR/3136.shp", "timestamp": null, "begin": null, "end": null, "altitudeMode": null, "tessellate": -1, "extrude": 0, "visibility": -1, "drawOrder": null, "icon": null, "descri____o": "", "id": null, "IDENTIFICA": "4403136", "SETOR": "3136 - TER/QUI/SAB - NOTURNO - POSTO 15 - DOMICILIAR", "APELIDO": "3136", "MACROSETOR": "POSTO 15 - DOMICILIAR", "COR": "255.000", "FREQUENCIA": "TER/QUI/SAB - NOTURNO", "layer": "3136", "path": "G:/Drives compartilhados/J_NEGRAO_CCO/45 - Monitoramento/Paulo Lima/KMLKMZ Curitiba/Noturno/Ter-Qui-Sab/15/3136/3136 - TER/QUI/SAB - NOTURNO - POSTO 15 - DOMICILIAR/3136.shp", "OBJECTID": null, "TURNO": null, "POSTO": null, "FreqTurno": null, "X_SEMANA": null, "TER": null, "QUI": null, "SAB": null, "SEG": null, "QUA": null, "SEX": null }, "geometry": { "type": "Polygon", "coordinates": [ [ [ -49.272405, -25.496626, 0.0 ], [ -49.272609, -25.497682, 0.0 ], [ -49.273232, -25.501081, 0.0 ], [ -49.273779, -25.505157, 0.0 ], [ -49.27277, -25.505264, 0.0 ], [ -49.271697, -25.506019, 0.0 ], [ -49.269444, -25.506242, 0.0 ], [ -49.268854, -25.506329, 0.0 ], [ -49.269251, -25.507375, 0.0 ], [ -49.26924, -25.507782, 0.0 ], [ -49.268972, -25.508033, 0.0 ], [ -49.268564, -25.50721, 0.0 ], [ -49.256495, -25.50234, 0.0 ], [ -49.258394, -25.498611, 0.0 ], [ -49.259134, -25.498001, 0.0 ], [ -49.26085, -25.498834, 0.0 ], [ -49.261441, -25.498795, 0.0 ], [ -49.262213, -25.498573, 0.0 ], [ -49.262674, -25.496733, 0.0 ], [ -49.264391, -25.497014, 0.0 ], [ -49.265979, -25.498195, 0.0 ], [ -49.267266, -25.498863, 0.0 ], [ -49.267867, -25.497614, 0.0 ], [ -49.268371, -25.496965, 0.0 ], [ -49.269133, -25.496636, 0.0 ], [ -49.270785, -25.496297, 0.0 ], [ -49.272352, -25.496471, 0.0 ], [ -49.272416, -25.496617, 0.0 ], [ -49.272405, -25.496626, 0.0 ] ] ] } },
{ "type": "Feature", "properties": { "Name": "3137", "description": "descrição: <br>IDENTIFICA: 4403137<br>SETOR: 3137 - TER/QUI/SAB - NOTURNO - POSTO 15 - DOMICILIAR<br>APELIDO: 3137<br>MACROSETOR: POSTO 15 - DOMICILIAR<br>COR: 32896.000<br>FREQUENCIA: TER/QUI/SAB - NOTURNO<br>layer: 3137<br>path: G:/Drives compartilhados/J_NEGRAO_CCO/45 - Monitoramento/Paulo Lima/KMLKMZ Curitiba/Noturno/Ter-Qui-Sab/15/3137/3137 - TER/QUI/SAB - NOTURNO - POSTO 15 - DOMICILIAR/3137.shp", "timestamp": null, "begin": null, "end": null, "altitudeMode": null, "tessellate": -1, "extrude": 0, "visibility": -1, "drawOrder": null, "icon": null, "descri____o": "", "id": null, "IDENTIFICA": "4403137", "SETOR": "3137 - TER/QUI/SAB - NOTURNO - POSTO 15 - DOMICILIAR", "APELIDO": "3137", "MACROSETOR": "POSTO 15 - DOMICILIAR", "COR": "32896.000", "FREQUENCIA": "TER/QUI/SAB - NOTURNO", "layer": "3137", "path": "G:/Drives compartilhados/J_NEGRAO_CCO/45 - Monitoramento/Paulo Lima/KMLKMZ Curitiba/Noturno/Ter-Qui-Sab/15/3137/3137 - TER/QUI/SAB - NOTURNO - POSTO 15 - DOMICILIAR/3137.shp", "OBJECTID": null, "TURNO": null, "POSTO": null, "FreqTurno": null, "X_SEMANA": null, "TER": null, "QUI": null, "SAB": null, "SEG": null, "QUA": null, "SEX": null }, "geometry": { "type": "Polygon", "coordinates": [ [ [ -49.2571564, -25.5023731, 0.0 ], [ -49.255465, -25.506019, 0.0 ], [ -49.253448, -25.510009, 0.0 ], [ -49.246259, -25.524668, 0.0 ], [ -49.241796, -25.522867, 0.0 ], [ -49.249049, -25.50815, 0.0 ], [ -49.246967, -25.507278, 0.0 ], [ -49.250701, -25.499667, 0.0 ], [ -49.257246, -25.50234, 0.0 ], [ -49.25716, -25.502378, 0.0 ], [ -49.2571564, -25.5023731, 0.0 ] ], [ [ -49.257117, -25.50232, 0.0 ], [ -49.257181, -25.50232, 0.0 ], [ -49.2571564, -25.5023731, 0.0 ], [ -49.257117, -25.50232, 0.0 ] ] ] } },
{ "type": "Feature", "properties": { "Name": "3138", "description": "descrição: <br>IDENTIFICA: 4403138<br>SETOR: 3138 - TER/QUI/SAB - NOTURNO - POSTO 15 - DOMICILIAR<br>APELIDO: 3138<br>MACROSETOR: POSTO 15 - DOMICILIAR<br>COR: 65280.000<br>FREQUENCIA: TER/QUI/SAB - NOTURNO<br>layer: 3138<br>path: G:/Drives compartilhados/J_NEGRAO_CCO/45 - Monitoramento/Paulo Lima/KMLKMZ Curitiba/Noturno/Ter-Qui-Sab/15/3138/3138 - TER/QUI/SAB - NOTURNO - POSTO 15 - DOMICILIAR/3138.shp", "timestamp": null, "begin": null, "end": null, "altitudeMode": null, "tessellate": -1, "extrude": 0, "visibility": -1, "drawOrder": null, "icon": null, "descri____o": "", "id": null, "IDENTIFICA": "4403138", "SETOR": "3138 - TER/QUI/SAB - NOTURNO - POSTO 15 - DOMICILIAR", "APELIDO": "3138", "MACROSETOR": "POSTO 15 - DOMICILIAR", "COR": "65280.000", "FREQUENCIA": "TER/QUI/SAB - NOTURNO", "layer": "3138", "path": "G:/Drives compartilhados/J_NEGRAO_CCO/45 - Monitoramento/Paulo Lima/KMLKMZ Curitiba/Noturno/Ter-Qui-Sab/15/3138/3138 - TER/QUI/SAB - NOTURNO - POSTO 15 - DOMICILIAR/3138.shp", "OBJECTID": null, "TURNO": null, "POSTO": null, "FreqTurno": null, "X_SEMANA": null, "TER": null, "QUI": null, "SAB": null, "SEG": null, "QUA": null, "SEX": null }, "geometry": { "type": "MultiPolygon", "coordinates": [ [ [ [ -49.251109, -25.499764, 0.0 ], [ -49.251152, -25.499764, 0.0 ], [ -49.251109, -25.499803, 0.0 ], [ -49.251109, -25.499764, 0.0 ] ] ], [ [ [ -49.251109, -25.499803, 0.0 ], [ -49.251109, -25.499841, 0.0 ], [ -49.247718, -25.507007, 0.0 ], [ -49.249692, -25.507937, 0.0 ], [ -49.244972, -25.51789, 0.0 ], [ -49.238878, -25.515257, 0.0 ], [ -49.23965, -25.513281, 0.0 ], [ -49.232998, -25.510648, 0.0 ], [ -49.236796, -25.502998, 0.0 ], [ -49.242354, -25.504954, 0.0 ], [ -49.245916, -25.497633, 0.0 ], [ -49.251109, -25.499803, 0.0 ] ] ] ] } },
{ "type": "Feature", "properties": { "Name": "3139", "description": "descrição: <br>IDENTIFICA: 4403139<br>SETOR: 3139 - TER/QUI/SAB - NOTURNO - POSTO 15 - DOMICILIAR<br>APELIDO: 3139<br>MACROSETOR: POSTO 15 - DOMICILIAR<br>COR: 4194432.000<br>FREQUENCIA: TER/QUI/SAB - NOTURNO<br>layer: 3139<br>path: G:/Drives compartilhados/J_NEGRAO_CCO/45 - Monitoramento/Paulo Lima/KMLKMZ Curitiba/Noturno/Ter-Qui-Sab/15/3139/3139 - TER/QUI/SAB - NOTURNO - POSTO 15 - DOMICILIAR/3139.shp", "timestamp": null, "begin": null, "end": null, "altitudeMode": null, "tessellate": -1, "extrude": 0, "visibility": -1, "drawOrder": null, "icon": null, "descri____o": "", "id": null, "IDENTIFICA": "4403139", "SETOR": "3139 - TER/QUI/SAB - NOTURNO - POSTO 15 - DOMICILIAR", "APELIDO": "3139", "MACROSETOR": "POSTO 15 - DOMICILIAR", "COR": "4194432.000", "FREQUENCIA": "TER/QUI/SAB - NOTURNO", "layer": "3139", "path": "G:/Drives compartilhados/J_NEGRAO_CCO/45 - Monitoramento/Paulo Lima/KMLKMZ Curitiba/Noturno/Ter-Qui-Sab/15/3139/3139 - TER/QUI/SAB - NOTURNO - POSTO 15 - DOMICILIAR/3139.shp", "OBJECTID": null, "TURNO": null, "POSTO": null, "FreqTurno": null, "X_SEMANA": null, "TER": null, "QUI": null, "SAB": null, "SEG": null, "QUA": null, "SEX": null }, "geometry": { "type": "Polygon", "coordinates": [ [ [ -49.24229, -25.522751, 0.0 ], [ -49.246388, -25.524377, 0.0 ], [ -49.247654, -25.524861, 0.0 ], [ -49.246173, -25.525403, 0.0 ], [ -49.243598, -25.526468, 0.0 ], [ -49.241168, -25.527192, 0.0 ], [ -49.239908, -25.527572, 0.0 ], [ -49.238964, -25.52643, 0.0 ], [ -49.238041, -25.525849, 0.0 ], [ -49.234393, -25.524261, 0.0 ], [ -49.239157, -25.51485, 0.0 ], [ -49.245079, -25.517232, 0.0 ], [ -49.242311, -25.522731, 0.0 ], [ -49.242311, -25.522751, 0.0 ], [ -49.24229, -25.522751, 0.0 ] ] ] } },
{ "type": "Feature", "properties": { "Name": "3140", "description": "descrição: <br>IDENTIFICA: 4403140<br>SETOR: 3140 - TER/QUI/SAB - NOTURNO - POSTO 15 - DOMICILIAR<br>APELIDO: 3140<br>MACROSETOR: POSTO 15 - DOMICILIAR<br>COR: 8454143.000<br>FREQUENCIA: TER/QUI/SAB - NOTURNO<br>layer: 3140<br>path: G:/Drives compartilhados/J_NEGRAO_CCO/45 - Monitoramento/Paulo Lima/KMLKMZ Curitiba/Noturno/Ter-Qui-Sab/15/3140/3140 - TER/QUI/SAB - NOTURNO - POSTO 15 - DOMICILIAR/3140.shp", "timestamp": null, "begin": null, "end": null, "altitudeMode": null, "tessellate": -1, "extrude": 0, "visibility": -1, "drawOrder": null, "icon": null, "descri____o": "", "id": null, "IDENTIFICA": "4403140", "SETOR": "3140 - TER/QUI/SAB - NOTURNO - POSTO 15 - DOMICILIAR", "APELIDO": "3140", "MACROSETOR": "POSTO 15 - DOMICILIAR", "COR": "8454143.000", "FREQUENCIA": "TER/QUI/SAB - NOTURNO", "layer": "3140", "path": "G:/Drives compartilhados/J_NEGRAO_CCO/45 - Monitoramento/Paulo Lima/KMLKMZ Curitiba/Noturno/Ter-Qui-Sab/15/3140/3140 - TER/QUI/SAB - NOTURNO - POSTO 15 - DOMICILIAR/3140.shp", "OBJECTID": null, "TURNO": null, "POSTO": null, "FreqTurno": null, "X_SEMANA": null, "TER": null, "QUI": null, "SAB": null, "SEG": null, "QUA": null, "SEX": null }, "geometry": { "type": "Polygon", "coordinates": [ [ [ -49.234683, -25.524358, 0.0 ], [ -49.22654, -25.521037, 0.0 ], [ -49.232044, -25.509786, 0.0 ], [ -49.240262, -25.513088, 0.0 ], [ -49.239264, -25.51517, 0.0 ], [ -49.235863, -25.521957, 0.0 ], [ -49.234694, -25.524368, 0.0 ], [ -49.234683, -25.524358, 0.0 ] ] ] } }
]
}
